web-scraper-order,web-scraper-start-url,latest_video,latest_video-href,recommended_video,recommended_video-href
"1768103190-1","https://www.youtube.com/channel/UCwWhs_6x42TyRM4Wstoq8HA/videos","Trump's Award Tour: FIFA Peace Prize & Kennedy Center Honors | The Daily Show","https://www.youtube.com/watch?v=2wUKFdz_URU","Jon & Ronny on Maduro's Abduction, Trump's Oil Extortion & Minnesota ICE Shooting | The Daily Show","https://www.youtube.com/watch?v=iyj8hpOukfE"
"1768103190-2","https://www.youtube.com/channel/UCwWhs_6x42TyRM4Wstoq8HA/videos","Trump's Award Tour: FIFA Peace Prize & Kennedy Center Honors | The Daily Show","https://www.youtube.com/watch?v=2wUKFdz_URU","Pentagon Press Conference Cold Open - SNL","https://www.youtube.com/watch?v=WWG5YJPuGFo"
"1768103190-3","https://www.youtube.com/channel/UCwWhs_6x42TyRM4Wstoq8HA/videos","Trump's Award Tour: FIFA Peace Prize & Kennedy Center Honors | The Daily Show","https://www.youtube.com/watch?v=2wUKFdz_URU","Desi & Troy Recap MAGA’s Night of Flops at the Fox Nation Patriot Awards | The Daily Show","https://www.youtube.com/watch?v=xvyjsqFiDas"
"1768103190-4","https://www.youtube.com/channel/UCwWhs_6x42TyRM4Wstoq8HA/videos","Trump's Award Tour: FIFA Peace Prize & Kennedy Center Honors | The Daily Show","https://www.youtube.com/watch?v=2wUKFdz_URU","Top 20 Most Awkward Moments on Finding Your Roots","https://www.youtube.com/watch?v=nZH2TmwNwHM"
"1768103190-5","https://www.youtube.com/channel/UCwWhs_6x42TyRM4Wstoq8HA/videos","Trump's Award Tour: FIFA Peace Prize & Kennedy Center Honors | The Daily Show","https://www.youtube.com/watch?v=2wUKFdz_URU","How Does Melania Trump Really Feel About Christmas?","https://www.youtube.com/watch?v=vQ25e66cZF8"
"1768103190-6","https://www.youtube.com/channel/UCwWhs_6x42TyRM4Wstoq8HA/videos","Trump's Award Tour: FIFA Peace Prize & Kennedy Center Honors | The Daily Show","https://www.youtube.com/watch?v=2wUKFdz_URU","Trump Proposes $1.5 Trillion Military Budget in 2027","https://www.youtube.com/watch?v=AHIYRXuVYDg"
"1768103190-7","https://www.youtube.com/channel/UCwWhs_6x42TyRM4Wstoq8HA/videos","Trump's Award Tour: FIFA Peace Prize & Kennedy Center Honors | The Daily Show","https://www.youtube.com/watch?v=2wUKFdz_URU","Venezuela: Last Week Tonight with John Oliver (HBO)","https://www.youtube.com/watch?v=IYfgvS0FA7U"
"1768103190-8","https://www.youtube.com/channel/UCwWhs_6x42TyRM4Wstoq8HA/videos","Trump's Award Tour: FIFA Peace Prize & Kennedy Center Honors | The Daily Show","https://www.youtube.com/watch?v=2wUKFdz_URU","The Daily Show","https://www.youtube.com/watch?v=vzScfW2Jq5Y&pp=sAQB"
"1768103190-9","https://www.youtube.com/channel/UCwWhs_6x42TyRM4Wstoq8HA/videos","Trump's Award Tour: FIFA Peace Prize & Kennedy Center Honors | The Daily Show","https://www.youtube.com/watch?v=2wUKFdz_URU","A Deeply Unserious India-Pakistan Summit with Kumail Nanjiani","https://www.youtube.com/watch?v=1tEiWe4NCYA"
"1768103190-10","https://www.youtube.com/channel/UCwWhs_6x42TyRM4Wstoq8HA/videos","Trump's Award Tour: FIFA Peace Prize & Kennedy Center Honors | The Daily Show","https://www.youtube.com/watch?v=2wUKFdz_URU","Espresso Martini - SNL","https://www.youtube.com/watch?v=6XtaXtFWURk"
"1768103190-11","https://www.youtube.com/channel/UCwWhs_6x42TyRM4Wstoq8HA/videos","Trump's Award Tour: FIFA Peace Prize & Kennedy Center Honors | The Daily Show","https://www.youtube.com/watch?v=2wUKFdz_URU","Trump Kidnaps President Maduro, Targets Venezuelan Oil & Ditches ""America First"" | The Daily Show","https://www.youtube.com/watch?v=HDSzUfMZRHE"
"1768103190-12","https://www.youtube.com/channel/UCwWhs_6x42TyRM4Wstoq8HA/videos","Trump's Award Tour: FIFA Peace Prize & Kennedy Center Honors | The Daily Show","https://www.youtube.com/watch?v=2wUKFdz_URU","We Tried Trump's Cognitive Test","https://www.youtube.com/watch?v=eoyn48iqS7A&pp=0gcJCU0KAYcqIYzv"
"1768103190-13","https://www.youtube.com/channel/UCwWhs_6x42TyRM4Wstoq8HA/videos","Trump's Award Tour: FIFA Peace Prize & Kennedy Center Honors | The Daily Show","https://www.youtube.com/watch?v=2wUKFdz_URU","Michelle Obama on Gifts from Barack, Being Able to Drive Again & She Remembers Rob & Michele Reiner","https://www.youtube.com/watch?v=IqGNKbXBfPg&pp=ugUHEgVlbi1VUw%3D%3D"
"1768103190-14","https://www.youtube.com/channel/UCwWhs_6x42TyRM4Wstoq8HA/videos","Trump's Award Tour: FIFA Peace Prize & Kennedy Center Honors | The Daily Show","https://www.youtube.com/watch?v=2wUKFdz_URU","Lucy Liu - “Rosemead” | The Daily Show","https://www.youtube.com/watch?v=gD_6EMf1YRQ"
"1768103190-15","https://www.youtube.com/channel/UCwWhs_6x42TyRM4Wstoq8HA/videos","Trump's Award Tour: FIFA Peace Prize & Kennedy Center Honors | The Daily Show","https://www.youtube.com/watch?v=2wUKFdz_URU","Founding Fathers Cold Open - SNL","https://www.youtube.com/watch?v=oDtSQVj0qzg"
"1768103190-16","https://www.youtube.com/channel/UCwWhs_6x42TyRM4Wstoq8HA/videos","Trump's Award Tour: FIFA Peace Prize & Kennedy Center Honors | The Daily Show","https://www.youtube.com/watch?v=2wUKFdz_URU","Seth and Sabrina Carpenter Go Day Drinking","https://www.youtube.com/watch?v=GLq-fAxFUfQ&pp=0gcJCU0KAYcqIYzv"
"1768103190-17","https://www.youtube.com/channel/UCwWhs_6x42TyRM4Wstoq8HA/videos","Trump's Award Tour: FIFA Peace Prize & Kennedy Center Honors | The Daily Show","https://www.youtube.com/watch?v=2wUKFdz_URU","Who Said It?: President Trump vs. Cartoon Characters | The Tonight Show Starring Jimmy Fallon","https://www.youtube.com/watch?v=2x0zEMEw2-o"
"1768103190-18","https://www.youtube.com/channel/UCwWhs_6x42TyRM4Wstoq8HA/videos","Trump's Award Tour: FIFA Peace Prize & Kennedy Center Honors | The Daily Show","https://www.youtube.com/watch?v=2wUKFdz_URU","New Barista Training - SNL","https://www.youtube.com/watch?v=Tn7g2cn7iBo"
"1768103190-19","https://www.youtube.com/channel/UCwWhs_6x42TyRM4Wstoq8HA/videos","Trump's Award Tour: FIFA Peace Prize & Kennedy Center Honors | The Daily Show","https://www.youtube.com/watch?v=2wUKFdz_URU","Stephen Colbert Makes His Feelings About CBS Very Clear","https://www.youtube.com/watch?v=36Ik9CgC1m8"
"1768103190-20","https://www.youtube.com/channel/UCwWhs_6x42TyRM4Wstoq8HA/videos","Trump's Award Tour: FIFA Peace Prize & Kennedy Center Honors | The Daily Show","https://www.youtube.com/watch?v=2wUKFdz_URU","The Best of Desi in 2025: Trump's Ass-Kissing Cabinet, MAGA's Pope Tantrum & More | The Daily Show","https://www.youtube.com/watch?v=DeGiFF99MvA"
"1768103200-21","https://www.youtube.com/channel/UCwWhs_6x42TyRM4Wstoq8HA/videos","Fox News Clarifies Trump Loves “Miners” & Female Reporters Are on Trump’s S**t List | The Daily Show","https://www.youtube.com/watch?v=sj5ZsRflaP0","Trump Kidnaps President Maduro, Targets Venezuelan Oil & Ditches ""America First"" | The Daily Show","https://www.youtube.com/watch?v=HDSzUfMZRHE"
"1768103200-22","https://www.youtube.com/channel/UCwWhs_6x42TyRM4Wstoq8HA/videos","Fox News Clarifies Trump Loves “Miners” & Female Reporters Are on Trump’s S**t List | The Daily Show","https://www.youtube.com/watch?v=sj5ZsRflaP0","Trump’s Venezuela Money Grab, Problem Falling Asleep in Meetings & Unarmed Woman Killed by ICE","https://www.youtube.com/watch?v=x03ZxnzfgNA&pp=ugUHEgVlbi1VUw%3D%3D"
"1768103200-23","https://www.youtube.com/channel/UCwWhs_6x42TyRM4Wstoq8HA/videos","Fox News Clarifies Trump Loves “Miners” & Female Reporters Are on Trump’s S**t List | The Daily Show","https://www.youtube.com/watch?v=sj5ZsRflaP0","The Strange Math That Predicts (Almost) Anything","https://www.youtube.com/watch?v=KZeIEiBrT_w"
"1768103200-24","https://www.youtube.com/channel/UCwWhs_6x42TyRM4Wstoq8HA/videos","Fox News Clarifies Trump Loves “Miners” & Female Reporters Are on Trump’s S**t List | The Daily Show","https://www.youtube.com/watch?v=sj5ZsRflaP0","How Does Melania Trump Really Feel About Christmas?","https://www.youtube.com/watch?v=vQ25e66cZF8"
"1768103200-25","https://www.youtube.com/channel/UCwWhs_6x42TyRM4Wstoq8HA/videos","Fox News Clarifies Trump Loves “Miners” & Female Reporters Are on Trump’s S**t List | The Daily Show","https://www.youtube.com/watch?v=sj5ZsRflaP0","Venezuela: Last Week Tonight with John Oliver (HBO)","https://www.youtube.com/watch?v=IYfgvS0FA7U"
"1768103200-26","https://www.youtube.com/channel/UCwWhs_6x42TyRM4Wstoq8HA/videos","Fox News Clarifies Trump Loves “Miners” & Female Reporters Are on Trump’s S**t List | The Daily Show","https://www.youtube.com/watch?v=sj5ZsRflaP0","ICE Killing in Minnesota Ignites Protests as Trump and Kristi Noem Double Down | The Daily Show","https://www.youtube.com/watch?v=a1Yo5Bcpx5c"
"1768103200-27","https://www.youtube.com/channel/UCwWhs_6x42TyRM4Wstoq8HA/videos","Fox News Clarifies Trump Loves “Miners” & Female Reporters Are on Trump’s S**t List | The Daily Show","https://www.youtube.com/watch?v=sj5ZsRflaP0","The Lie So Dangerous Tesla Engineers Are Quitting","https://www.youtube.com/watch?v=6ltU9q1pKKM"
"1768103200-28","https://www.youtube.com/channel/UCwWhs_6x42TyRM4Wstoq8HA/videos","Fox News Clarifies Trump Loves “Miners” & Female Reporters Are on Trump’s S**t List | The Daily Show","https://www.youtube.com/watch?v=sj5ZsRflaP0","The Daily Show","https://www.youtube.com/watch?v=vzScfW2Jq5Y&pp=sAQB"
"1768103200-29","https://www.youtube.com/channel/UCwWhs_6x42TyRM4Wstoq8HA/videos","Fox News Clarifies Trump Loves “Miners” & Female Reporters Are on Trump’s S**t List | The Daily Show","https://www.youtube.com/watch?v=sj5ZsRflaP0","Jon & Ronny on Maduro's Abduction, Trump's Oil Extortion & Minnesota ICE Shooting | The Daily Show","https://www.youtube.com/watch?v=iyj8hpOukfE&pp=0gcJCU0KAYcqIYzv"
"1768103200-30","https://www.youtube.com/channel/UCwWhs_6x42TyRM4Wstoq8HA/videos","Fox News Clarifies Trump Loves “Miners” & Female Reporters Are on Trump’s S**t List | The Daily Show","https://www.youtube.com/watch?v=sj5ZsRflaP0","Trump Delivers Scatterbrained Speech to GOP, He Guns for Greenland & 5th Anniversary of Insurrection","https://www.youtube.com/watch?v=w4-Vnatjopc"
"1768103200-31","https://www.youtube.com/channel/UCwWhs_6x42TyRM4Wstoq8HA/videos","Fox News Clarifies Trump Loves “Miners” & Female Reporters Are on Trump’s S**t List | The Daily Show","https://www.youtube.com/watch?v=sj5ZsRflaP0","Who Actually Makes Trader Joe’s Food?","https://www.youtube.com/watch?v=zOd01sLlDj4&pp=0gcJCU0KAYcqIYzv"
"1768103200-32","https://www.youtube.com/channel/UCwWhs_6x42TyRM4Wstoq8HA/videos","Fox News Clarifies Trump Loves “Miners” & Female Reporters Are on Trump’s S**t List | The Daily Show","https://www.youtube.com/watch?v=sj5ZsRflaP0","Jury Duty - SNL","https://www.youtube.com/watch?v=TrdJQJ_RXrQ"
"1768103200-33","https://www.youtube.com/channel/UCwWhs_6x42TyRM4Wstoq8HA/videos","Fox News Clarifies Trump Loves “Miners” & Female Reporters Are on Trump’s S**t List | The Daily Show","https://www.youtube.com/watch?v=sj5ZsRflaP0","Trump Forces a Playdate with Xi Jinping & MTG Makes Too Much Sense for Desi Lydic | The Daily Show","https://www.youtube.com/watch?v=I2BjRIIchbg"
"1768103200-34","https://www.youtube.com/channel/UCwWhs_6x42TyRM4Wstoq8HA/videos","Fox News Clarifies Trump Loves “Miners” & Female Reporters Are on Trump’s S**t List | The Daily Show","https://www.youtube.com/watch?v=sj5ZsRflaP0","Australian Fruit Is Flexing on America","https://www.youtube.com/watch?v=mMod2Di2oVo"
"1768103200-35","https://www.youtube.com/channel/UCwWhs_6x42TyRM4Wstoq8HA/videos","Fox News Clarifies Trump Loves “Miners” & Female Reporters Are on Trump’s S**t List | The Daily Show","https://www.youtube.com/watch?v=sj5ZsRflaP0","Michelle Obama on Gifts from Barack, Being Able to Drive Again & She Remembers Rob & Michele Reiner","https://www.youtube.com/watch?v=IqGNKbXBfPg&pp=ugUHEgVlbi1VUw%3D%3D"
"1768103200-36","https://www.youtube.com/channel/UCwWhs_6x42TyRM4Wstoq8HA/videos","Fox News Clarifies Trump Loves “Miners” & Female Reporters Are on Trump’s S**t List | The Daily Show","https://www.youtube.com/watch?v=sj5ZsRflaP0","Trump Proposes $1.5 Trillion Military Budget in 2027","https://www.youtube.com/watch?v=AHIYRXuVYDg"
"1768103200-37","https://www.youtube.com/channel/UCwWhs_6x42TyRM4Wstoq8HA/videos","Fox News Clarifies Trump Loves “Miners” & Female Reporters Are on Trump’s S**t List | The Daily Show","https://www.youtube.com/watch?v=sj5ZsRflaP0","Pentagon Press Conference Cold Open - SNL","https://www.youtube.com/watch?v=WWG5YJPuGFo"
"1768103200-38","https://www.youtube.com/channel/UCwWhs_6x42TyRM4Wstoq8HA/videos","Fox News Clarifies Trump Loves “Miners” & Female Reporters Are on Trump’s S**t List | The Daily Show","https://www.youtube.com/watch?v=sj5ZsRflaP0","Why Trump’s Venezuela oil gamble won’t pay off","https://www.youtube.com/watch?v=HWezR4NNUr8&pp=ugUEEgJlbg%3D%3D"
"1768103200-39","https://www.youtube.com/channel/UCwWhs_6x42TyRM4Wstoq8HA/videos","Fox News Clarifies Trump Loves “Miners” & Female Reporters Are on Trump’s S**t List | The Daily Show","https://www.youtube.com/watch?v=sj5ZsRflaP0","Can Trump really get Venezuela’s oil flowing again? | About That","https://www.youtube.com/watch?v=RhlKugl53CY"
"1768103200-40","https://www.youtube.com/channel/UCwWhs_6x42TyRM4Wstoq8HA/videos","Fox News Clarifies Trump Loves “Miners” & Female Reporters Are on Trump’s S**t List | The Daily Show","https://www.youtube.com/watch?v=sj5ZsRflaP0","The Best of Desi in 2025: Trump's Ass-Kissing Cabinet, MAGA's Pope Tantrum & More | The Daily Show","https://www.youtube.com/watch?v=DeGiFF99MvA&pp=0gcJCU0KAYcqIYzv"
"1768103210-41","https://www.youtube.com/channel/UCwWhs_6x42TyRM4Wstoq8HA/videos","Annie Leibovitz - Capturing Beauty, Strength, and Identity in “Women” | The Daily Show","https://www.youtube.com/watch?v=KNcNqA3WXHw","Lucy Liu - “Rosemead” | The Daily Show","https://www.youtube.com/watch?v=gD_6EMf1YRQ"
"1768103210-42","https://www.youtube.com/channel/UCwWhs_6x42TyRM4Wstoq8HA/videos","Annie Leibovitz - Capturing Beauty, Strength, and Identity in “Women” | The Daily Show","https://www.youtube.com/watch?v=KNcNqA3WXHw","Emily Keegin Dissects 'Genius' Annie Leibovitz Photos","https://www.youtube.com/watch?v=OQpwRDIPv4A&pp=ugUHEgVlbi1VU9IHCQlNCgGHKiGM7w%3D%3D"
"1768103210-43","https://www.youtube.com/channel/UCwWhs_6x42TyRM4Wstoq8HA/videos","Annie Leibovitz - Capturing Beauty, Strength, and Identity in “Women” | The Daily Show","https://www.youtube.com/watch?v=KNcNqA3WXHw","Timothée Chalamet & Gwyneth Paltrow Answer Rapid-Fire Questions | Off the Cuff | Vogue","https://www.youtube.com/watch?v=pdeMjagXBkg"
"1768103210-44","https://www.youtube.com/channel/UCwWhs_6x42TyRM4Wstoq8HA/videos","Annie Leibovitz - Capturing Beauty, Strength, and Identity in “Women” | The Daily Show","https://www.youtube.com/watch?v=KNcNqA3WXHw","A Full Day with New York City Ballet's Sugar Plum Fairy | Ask a Local | Condé Nast Traveler","https://www.youtube.com/watch?v=fa-I7iUErK0&pp=ugUHEgVlbi1VUw%3D%3D"
"1768103210-45","https://www.youtube.com/channel/UCwWhs_6x42TyRM4Wstoq8HA/videos","Annie Leibovitz - Capturing Beauty, Strength, and Identity in “Women” | The Daily Show","https://www.youtube.com/watch?v=KNcNqA3WXHw","Desi Lydic: Stephen Colbert Wrote The Rulebook On Field Pieces At “The Daily Show”","https://www.youtube.com/watch?v=l7Ld8dQRHTY"
"1768103210-46","https://www.youtube.com/channel/UCwWhs_6x42TyRM4Wstoq8HA/videos","Annie Leibovitz - Capturing Beauty, Strength, and Identity in “Women” | The Daily Show","https://www.youtube.com/watch?v=KNcNqA3WXHw","Alysa Liu: The 60 Minutes Interview","https://www.youtube.com/watch?v=6O3HLPWatuU"
"1768103210-47","https://www.youtube.com/channel/UCwWhs_6x42TyRM4Wstoq8HA/videos","Annie Leibovitz - Capturing Beauty, Strength, and Identity in “Women” | The Daily Show","https://www.youtube.com/watch?v=KNcNqA3WXHw","I've lived as a man & a woman -- here's what I learned | Paula Stone Williams | TEDxMileHigh","https://www.youtube.com/watch?v=lrYx7HaUlMY"
"1768103210-48","https://www.youtube.com/channel/UCwWhs_6x42TyRM4Wstoq8HA/videos","Annie Leibovitz - Capturing Beauty, Strength, and Identity in “Women” | The Daily Show","https://www.youtube.com/watch?v=KNcNqA3WXHw","The Daily Show","https://www.youtube.com/watch?v=vzScfW2Jq5Y&pp=sAQB"
"1768103210-49","https://www.youtube.com/channel/UCwWhs_6x42TyRM4Wstoq8HA/videos","Annie Leibovitz - Capturing Beauty, Strength, and Identity in “Women” | The Daily Show","https://www.youtube.com/watch?v=KNcNqA3WXHw","Psychedelic Assisted Therapy: Last Week Tonight with John Oliver (HBO)","https://www.youtube.com/watch?v=a546lxxJIhE"
"1768103210-50","https://www.youtube.com/channel/UCwWhs_6x42TyRM4Wstoq8HA/videos","Annie Leibovitz - Capturing Beauty, Strength, and Identity in “Women” | The Daily Show","https://www.youtube.com/watch?v=KNcNqA3WXHw","Michelle Obama on Gifts from Barack, Being Able to Drive Again & She Remembers Rob & Michele Reiner","https://www.youtube.com/watch?v=IqGNKbXBfPg&pp=ugUHEgVlbi1VUw%3D%3D"
"1768103210-51","https://www.youtube.com/channel/UCwWhs_6x42TyRM4Wstoq8HA/videos","Annie Leibovitz - Capturing Beauty, Strength, and Identity in “Women” | The Daily Show","https://www.youtube.com/watch?v=KNcNqA3WXHw","Annie Leibovitz on Touring with The Rolling Stones, Insecurity, and John and Yoko | Fashion Neurosis","https://www.youtube.com/watch?v=tdrv58gl1CM"
"1768103210-52","https://www.youtube.com/channel/UCwWhs_6x42TyRM4Wstoq8HA/videos","Annie Leibovitz - Capturing Beauty, Strength, and Identity in “Women” | The Daily Show","https://www.youtube.com/watch?v=KNcNqA3WXHw","Director Park Chan-wook - Satirizing Capitalism in “No Other Choice” | The Daily Show","https://www.youtube.com/watch?v=Jj0N63qglbI"
"1768103210-53","https://www.youtube.com/channel/UCwWhs_6x42TyRM4Wstoq8HA/videos","Annie Leibovitz - Capturing Beauty, Strength, and Identity in “Women” | The Daily Show","https://www.youtube.com/watch?v=KNcNqA3WXHw","Annie Leibovitz Photography Behind the scenes | VOGUE | Masterclass","https://www.youtube.com/watch?v=LzMVSldl0Rc"
"1768103210-54","https://www.youtube.com/channel/UCwWhs_6x42TyRM4Wstoq8HA/videos","Annie Leibovitz - Capturing Beauty, Strength, and Identity in “Women” | The Daily Show","https://www.youtube.com/watch?v=KNcNqA3WXHw","Bari Weiss: Last Week Tonight with John Oliver (HBO)","https://www.youtube.com/watch?v=gieTx_P6INQ"
"1768103210-55","https://www.youtube.com/channel/UCwWhs_6x42TyRM4Wstoq8HA/videos","Annie Leibovitz - Capturing Beauty, Strength, and Identity in “Women” | The Daily Show","https://www.youtube.com/watch?v=KNcNqA3WXHw","Stop Rambling: The 3-2-1 Speaking Trick That Makes You Sound Like A CEO","https://www.youtube.com/watch?v=t260757b_vU"
"1768103210-56","https://www.youtube.com/channel/UCwWhs_6x42TyRM4Wstoq8HA/videos","Annie Leibovitz - Capturing Beauty, Strength, and Identity in “Women” | The Daily Show","https://www.youtube.com/watch?v=KNcNqA3WXHw","Leonardo DiCaprio & Jennifer Lawrence | Actors on Actors","https://www.youtube.com/watch?v=Q_cV9ciktoQ&pp=ugUEEgJlbg%3D%3D"
"1768103210-57","https://www.youtube.com/channel/UCwWhs_6x42TyRM4Wstoq8HA/videos","Annie Leibovitz - Capturing Beauty, Strength, and Identity in “Women” | The Daily Show","https://www.youtube.com/watch?v=KNcNqA3WXHw","Parks & Rec hilarious BLOOPERS you must see! | Parks and Recreation","https://www.youtube.com/watch?v=951zrpVaVuU"
"1768103210-58","https://www.youtube.com/channel/UCwWhs_6x42TyRM4Wstoq8HA/videos","Annie Leibovitz - Capturing Beauty, Strength, and Identity in “Women” | The Daily Show","https://www.youtube.com/watch?v=KNcNqA3WXHw","Michelle Obama Breaks Down Looks From the 1980s to Now | Life in Looks | Vogue","https://www.youtube.com/watch?v=sPimb0HkdRE"
"1768103210-59","https://www.youtube.com/channel/UCwWhs_6x42TyRM4Wstoq8HA/videos","Annie Leibovitz - Capturing Beauty, Strength, and Identity in “Women” | The Daily Show","https://www.youtube.com/watch?v=KNcNqA3WXHw","New Barista Training - SNL","https://www.youtube.com/watch?v=Tn7g2cn7iBo"
"1768103210-60","https://www.youtube.com/channel/UCwWhs_6x42TyRM4Wstoq8HA/videos","Annie Leibovitz - Capturing Beauty, Strength, and Identity in “Women” | The Daily Show","https://www.youtube.com/watch?v=KNcNqA3WXHw","The Maddening Disconnect of Phone Therapy | “Happy to Help You” (Ft. Amy Sedaris) | The New Yorker","https://www.youtube.com/watch?v=f7FbZJ_CO8A"
"1768103221-61","https://www.youtube.com/channel/UCwWhs_6x42TyRM4Wstoq8HA/videos","WTF Does “Six-Seven” Mean & Why Are Teens Playing Assassin? Lewis Black Explains | The Daily Show","https://www.youtube.com/watch?v=8VlW-n5Ox8k","Lewis Black Asks, “What the F**k Is a Labubu?” | The Daily Show","https://www.youtube.com/watch?v=ZbdelEq5dT0"
"1768103221-62","https://www.youtube.com/channel/UCwWhs_6x42TyRM4Wstoq8HA/videos","WTF Does “Six-Seven” Mean & Why Are Teens Playing Assassin? Lewis Black Explains | The Daily Show","https://www.youtube.com/watch?v=8VlW-n5Ox8k","Lewis Black Gives Elon's Cybertruck Two Middle Fingers Up - Back in Black | The Daily Show","https://www.youtube.com/watch?v=yhWqls-CQww"
"1768103221-63","https://www.youtube.com/channel/UCwWhs_6x42TyRM4Wstoq8HA/videos","WTF Does “Six-Seven” Mean & Why Are Teens Playing Assassin? Lewis Black Explains | The Daily Show","https://www.youtube.com/watch?v=8VlW-n5Ox8k","Bari Weiss: Last Week Tonight with John Oliver (HBO)","https://www.youtube.com/watch?v=gieTx_P6INQ"
"1768103221-64","https://www.youtube.com/channel/UCwWhs_6x42TyRM4Wstoq8HA/videos","WTF Does “Six-Seven” Mean & Why Are Teens Playing Assassin? Lewis Black Explains | The Daily Show","https://www.youtube.com/watch?v=8VlW-n5Ox8k","I taught an octopus piano (It took 6 months)","https://www.youtube.com/watch?v=PcWnQ7fYzwI"
"1768103221-65","https://www.youtube.com/channel/UCwWhs_6x42TyRM4Wstoq8HA/videos","WTF Does “Six-Seven” Mean & Why Are Teens Playing Assassin? Lewis Black Explains | The Daily Show","https://www.youtube.com/watch?v=8VlW-n5Ox8k","John Mulaney: “For Years, I was a child”","https://www.youtube.com/watch?v=j73JjUvKjW4"
"1768103221-66","https://www.youtube.com/channel/UCwWhs_6x42TyRM4Wstoq8HA/videos","WTF Does “Six-Seven” Mean & Why Are Teens Playing Assassin? Lewis Black Explains | The Daily Show","https://www.youtube.com/watch?v=8VlW-n5Ox8k","Best Of The Internet (2025)","https://www.youtube.com/watch?v=9qbrOrj30TM"
"1768103221-67","https://www.youtube.com/channel/UCwWhs_6x42TyRM4Wstoq8HA/videos","WTF Does “Six-Seven” Mean & Why Are Teens Playing Assassin? Lewis Black Explains | The Daily Show","https://www.youtube.com/watch?v=8VlW-n5Ox8k","Trump Proposes $1.5 Trillion Military Budget in 2027","https://www.youtube.com/watch?v=AHIYRXuVYDg"
"1768103221-68","https://www.youtube.com/channel/UCwWhs_6x42TyRM4Wstoq8HA/videos","WTF Does “Six-Seven” Mean & Why Are Teens Playing Assassin? Lewis Black Explains | The Daily Show","https://www.youtube.com/watch?v=8VlW-n5Ox8k","The Daily Show","https://www.youtube.com/watch?v=vzScfW2Jq5Y&pp=sAQB"
"1768103221-69","https://www.youtube.com/channel/UCwWhs_6x42TyRM4Wstoq8HA/videos","WTF Does “Six-Seven” Mean & Why Are Teens Playing Assassin? Lewis Black Explains | The Daily Show","https://www.youtube.com/watch?v=8VlW-n5Ox8k","Espresso Martini - SNL","https://www.youtube.com/watch?v=6XtaXtFWURk&pp=0gcJCU0KAYcqIYzv"
"1768103221-70","https://www.youtube.com/channel/UCwWhs_6x42TyRM4Wstoq8HA/videos","WTF Does “Six-Seven” Mean & Why Are Teens Playing Assassin? Lewis Black Explains | The Daily Show","https://www.youtube.com/watch?v=8VlW-n5Ox8k","Big Companies like Chick-fil-A and Apple Take On Summer Camp - Back in Black | The Daily Show","https://www.youtube.com/watch?v=y_kcrBMWcl8"
"1768103221-71","https://www.youtube.com/channel/UCwWhs_6x42TyRM4Wstoq8HA/videos","WTF Does “Six-Seven” Mean & Why Are Teens Playing Assassin? Lewis Black Explains | The Daily Show","https://www.youtube.com/watch?v=8VlW-n5Ox8k","Lewis Black: “The Dumbest Thing You’ve Ever Heard” - Full Special","https://www.youtube.com/watch?v=N2YQqbpA7Z0"
"1768103221-72","https://www.youtube.com/channel/UCwWhs_6x42TyRM4Wstoq8HA/videos","WTF Does “Six-Seven” Mean & Why Are Teens Playing Assassin? Lewis Black Explains | The Daily Show","https://www.youtube.com/watch?v=8VlW-n5Ox8k","The Protein Craze Is Driving Lewis Black Crazy | The Daily Show","https://www.youtube.com/watch?v=YFJx0zFxNAk"
"1768103221-73","https://www.youtube.com/channel/UCwWhs_6x42TyRM4Wstoq8HA/videos","WTF Does “Six-Seven” Mean & Why Are Teens Playing Assassin? Lewis Black Explains | The Daily Show","https://www.youtube.com/watch?v=8VlW-n5Ox8k","Best TV News Bloopers Of The Decade","https://www.youtube.com/watch?v=NSUjXhWuGSc"
"1768103221-74","https://www.youtube.com/channel/UCwWhs_6x42TyRM4Wstoq8HA/videos","WTF Does “Six-Seven” Mean & Why Are Teens Playing Assassin? Lewis Black Explains | The Daily Show","https://www.youtube.com/watch?v=8VlW-n5Ox8k","Who Said It?: President Trump vs. Cartoon Characters | The Tonight Show Starring Jimmy Fallon","https://www.youtube.com/watch?v=2x0zEMEw2-o"
"1768103221-75","https://www.youtube.com/channel/UCwWhs_6x42TyRM4Wstoq8HA/videos","WTF Does “Six-Seven” Mean & Why Are Teens Playing Assassin? Lewis Black Explains | The Daily Show","https://www.youtube.com/watch?v=8VlW-n5Ox8k","Jury Duty - SNL","https://www.youtube.com/watch?v=TrdJQJ_RXrQ"
"1768103221-76","https://www.youtube.com/channel/UCwWhs_6x42TyRM4Wstoq8HA/videos","WTF Does “Six-Seven” Mean & Why Are Teens Playing Assassin? Lewis Black Explains | The Daily Show","https://www.youtube.com/watch?v=8VlW-n5Ox8k","Jim Gaffigan: How Dads Vacation | Jim Gaffigan","https://www.youtube.com/watch?v=E_kvSXbvNqU&pp=ugUEEgJlbg%3D%3D"
"1768103221-77","https://www.youtube.com/channel/UCwWhs_6x42TyRM4Wstoq8HA/videos","WTF Does “Six-Seven” Mean & Why Are Teens Playing Assassin? Lewis Black Explains | The Daily Show","https://www.youtube.com/watch?v=8VlW-n5Ox8k","Trump Kidnaps President Maduro, Targets Venezuelan Oil & Ditches ""America First"" | The Daily Show","https://www.youtube.com/watch?v=HDSzUfMZRHE"
"1768103221-78","https://www.youtube.com/channel/UCwWhs_6x42TyRM4Wstoq8HA/videos","WTF Does “Six-Seven” Mean & Why Are Teens Playing Assassin? Lewis Black Explains | The Daily Show","https://www.youtube.com/watch?v=8VlW-n5Ox8k","""Any ICE Agents In!?"" - Jimmy Might Have Found a Sleeper Agent?! | Jimmy Carr Crowd Work","https://www.youtube.com/watch?v=FfWSPg9HINw&pp=0gcJCU0KAYcqIYzv"
"1768103221-79","https://www.youtube.com/channel/UCwWhs_6x42TyRM4Wstoq8HA/videos","WTF Does “Six-Seven” Mean & Why Are Teens Playing Assassin? Lewis Black Explains | The Daily Show","https://www.youtube.com/watch?v=8VlW-n5Ox8k","13 American Accents Ranked EASIEST to HARDEST to Understand","https://www.youtube.com/watch?v=go6qDjwO69M"
"1768103221-80","https://www.youtube.com/channel/UCwWhs_6x42TyRM4Wstoq8HA/videos","WTF Does “Six-Seven” Mean & Why Are Teens Playing Assassin? Lewis Black Explains | The Daily Show","https://www.youtube.com/watch?v=8VlW-n5Ox8k","Family Guy making fun of conservatives compilation","https://www.youtube.com/watch?v=tnJkxMLjkU4"
"1768103231-81","https://www.youtube.com/channel/UCwWhs_6x42TyRM4Wstoq8HA/videos","Trump Goes “Captain Phillips” on Venezuelan Tanker & MAGA Purges ""Woke"" Fonts | The Daily Show","https://www.youtube.com/watch?v=gehExUyNkm8","Trump Puts the Squeeze on Venezuela's Oil & Eyes Greenland as Next Target | The Daily Show","https://www.youtube.com/watch?v=CGI1s_MU0IE"
"1768103231-82","https://www.youtube.com/channel/UCwWhs_6x42TyRM4Wstoq8HA/videos","Trump Goes “Captain Phillips” on Venezuelan Tanker & MAGA Purges ""Woke"" Fonts | The Daily Show","https://www.youtube.com/watch?v=gehExUyNkm8","Venezuela: Last Week Tonight with John Oliver (HBO)","https://www.youtube.com/watch?v=IYfgvS0FA7U"
"1768103231-83","https://www.youtube.com/channel/UCwWhs_6x42TyRM4Wstoq8HA/videos","Trump Goes “Captain Phillips” on Venezuelan Tanker & MAGA Purges ""Woke"" Fonts | The Daily Show","https://www.youtube.com/watch?v=gehExUyNkm8","The World's Most Important Machine","https://www.youtube.com/watch?v=MiUHjLxm3V0"
"1768103231-84","https://www.youtube.com/channel/UCwWhs_6x42TyRM4Wstoq8HA/videos","Trump Goes “Captain Phillips” on Venezuelan Tanker & MAGA Purges ""Woke"" Fonts | The Daily Show","https://www.youtube.com/watch?v=gehExUyNkm8","Australian Fruit Is Flexing on America","https://www.youtube.com/watch?v=mMod2Di2oVo"
"1768103231-85","https://www.youtube.com/channel/UCwWhs_6x42TyRM4Wstoq8HA/videos","Trump Goes “Captain Phillips” on Venezuelan Tanker & MAGA Purges ""Woke"" Fonts | The Daily Show","https://www.youtube.com/watch?v=gehExUyNkm8","Jon & Ronny on Maduro's Abduction, Trump's Oil Extortion & Minnesota ICE Shooting | The Daily Show","https://www.youtube.com/watch?v=iyj8hpOukfE"
"1768103231-86","https://www.youtube.com/channel/UCwWhs_6x42TyRM4Wstoq8HA/videos","Trump Goes “Captain Phillips” on Venezuelan Tanker & MAGA Purges ""Woke"" Fonts | The Daily Show","https://www.youtube.com/watch?v=gehExUyNkm8","ICE Killing in Minnesota Ignites Protests as Trump and Kristi Noem Double Down | The Daily Show","https://www.youtube.com/watch?v=a1Yo5Bcpx5c"
"1768103231-87","https://www.youtube.com/channel/UCwWhs_6x42TyRM4Wstoq8HA/videos","Trump Goes “Captain Phillips” on Venezuelan Tanker & MAGA Purges ""Woke"" Fonts | The Daily Show","https://www.youtube.com/watch?v=gehExUyNkm8","How did the US get Maduro? Inside Operation Absolute Resolve | BBC Security Brief","https://www.youtube.com/watch?v=_mmmdQG0NUA"
"1768103231-88","https://www.youtube.com/channel/UCwWhs_6x42TyRM4Wstoq8HA/videos","Trump Goes “Captain Phillips” on Venezuelan Tanker & MAGA Purges ""Woke"" Fonts | The Daily Show","https://www.youtube.com/watch?v=gehExUyNkm8","The Daily Show","https://www.youtube.com/watch?v=vzScfW2Jq5Y&pp=sAQB"
"1768103231-89","https://www.youtube.com/channel/UCwWhs_6x42TyRM4Wstoq8HA/videos","Trump Goes “Captain Phillips” on Venezuelan Tanker & MAGA Purges ""Woke"" Fonts | The Daily Show","https://www.youtube.com/watch?v=gehExUyNkm8","Trump’s Venezuela Money Grab, Problem Falling Asleep in Meetings & Unarmed Woman Killed by ICE","https://www.youtube.com/watch?v=x03ZxnzfgNA&pp=ugUHEgVlbi1VUw%3D%3D"
"1768103231-90","https://www.youtube.com/channel/UCwWhs_6x42TyRM4Wstoq8HA/videos","Trump Goes “Captain Phillips” on Venezuelan Tanker & MAGA Purges ""Woke"" Fonts | The Daily Show","https://www.youtube.com/watch?v=gehExUyNkm8","I Worked At A Google Data Center: What I Saw Will Shock You.","https://www.youtube.com/watch?v=wLX_w0TtBpY"
"1768103231-91","https://www.youtube.com/channel/UCwWhs_6x42TyRM4Wstoq8HA/videos","Trump Goes “Captain Phillips” on Venezuelan Tanker & MAGA Purges ""Woke"" Fonts | The Daily Show","https://www.youtube.com/watch?v=gehExUyNkm8","Trump Proposes $1.5 Trillion Military Budget in 2027","https://www.youtube.com/watch?v=AHIYRXuVYDg"
"1768103231-92","https://www.youtube.com/channel/UCwWhs_6x42TyRM4Wstoq8HA/videos","Trump Goes “Captain Phillips” on Venezuelan Tanker & MAGA Purges ""Woke"" Fonts | The Daily Show","https://www.youtube.com/watch?v=gehExUyNkm8","Pentagon Press Conference Cold Open - SNL","https://www.youtube.com/watch?v=WWG5YJPuGFo"
"1768103231-93","https://www.youtube.com/channel/UCwWhs_6x42TyRM4Wstoq8HA/videos","Trump Goes “Captain Phillips” on Venezuelan Tanker & MAGA Purges ""Woke"" Fonts | The Daily Show","https://www.youtube.com/watch?v=gehExUyNkm8","Why Trump’s Venezuela oil gamble won’t pay off","https://www.youtube.com/watch?v=HWezR4NNUr8&pp=ugUEEgJlbg%3D%3D"
"1768103231-94","https://www.youtube.com/channel/UCwWhs_6x42TyRM4Wstoq8HA/videos","Trump Goes “Captain Phillips” on Venezuelan Tanker & MAGA Purges ""Woke"" Fonts | The Daily Show","https://www.youtube.com/watch?v=gehExUyNkm8","Sen. Mark Kelly - “I’m Not Backing Down” | The Daily Show","https://www.youtube.com/watch?v=fsI9ml9oF_s"
"1768103231-95","https://www.youtube.com/channel/UCwWhs_6x42TyRM4Wstoq8HA/videos","Trump Goes “Captain Phillips” on Venezuelan Tanker & MAGA Purges ""Woke"" Fonts | The Daily Show","https://www.youtube.com/watch?v=gehExUyNkm8","Progress made on AI-powered humanoid robots | 60 Minutes","https://www.youtube.com/watch?v=CbHeh7qwils"
"1768103231-96","https://www.youtube.com/channel/UCwWhs_6x42TyRM4Wstoq8HA/videos","Trump Goes “Captain Phillips” on Venezuelan Tanker & MAGA Purges ""Woke"" Fonts | The Daily Show","https://www.youtube.com/watch?v=gehExUyNkm8","Who Actually Makes Trader Joe’s Food?","https://www.youtube.com/watch?v=zOd01sLlDj4"
"1768103231-97","https://www.youtube.com/channel/UCwWhs_6x42TyRM4Wstoq8HA/videos","Trump Goes “Captain Phillips” on Venezuelan Tanker & MAGA Purges ""Woke"" Fonts | The Daily Show","https://www.youtube.com/watch?v=gehExUyNkm8","The Vanity (Completely) Fair Photoshoot","https://www.youtube.com/watch?v=8Ep-gTKaa0o"
"1768103231-98","https://www.youtube.com/channel/UCwWhs_6x42TyRM4Wstoq8HA/videos","Trump Goes “Captain Phillips” on Venezuelan Tanker & MAGA Purges ""Woke"" Fonts | The Daily Show","https://www.youtube.com/watch?v=gehExUyNkm8","Trump Delivers Scatterbrained Speech to GOP, He Guns for Greenland & 5th Anniversary of Insurrection","https://www.youtube.com/watch?v=w4-Vnatjopc"
"1768103231-99","https://www.youtube.com/channel/UCwWhs_6x42TyRM4Wstoq8HA/videos","Trump Goes “Captain Phillips” on Venezuelan Tanker & MAGA Purges ""Woke"" Fonts | The Daily Show","https://www.youtube.com/watch?v=gehExUyNkm8","Trump Sounds Incoherent In Rambling Press Conference","https://www.youtube.com/watch?v=l8FNl5gDP3c&pp=ugUEEgJlbg%3D%3D"
"1768103231-100","https://www.youtube.com/channel/UCwWhs_6x42TyRM4Wstoq8HA/videos","Trump Goes “Captain Phillips” on Venezuelan Tanker & MAGA Purges ""Woke"" Fonts | The Daily Show","https://www.youtube.com/watch?v=gehExUyNkm8","Trump Kidnaps President Maduro, Targets Venezuelan Oil & Ditches ""America First"" | The Daily Show","https://www.youtube.com/watch?v=HDSzUfMZRHE"
"1768103241-101","https://www.youtube.com/channel/UCwWhs_6x42TyRM4Wstoq8HA/videos","Lonnie Thompson - “Canary” & Letting Glaciers Tell Their Story | The Daily Show","https://www.youtube.com/watch?v=oQoXNtcfwvA","Canary (2023) - Feature Documentary - Full Film","https://www.youtube.com/watch?v=52IHWl2dHNU&pp=0gcJCU0KAYcqIYzv"
"1768103241-102","https://www.youtube.com/channel/UCwWhs_6x42TyRM4Wstoq8HA/videos","Lonnie Thompson - “Canary” & Letting Glaciers Tell Their Story | The Daily Show","https://www.youtube.com/watch?v=oQoXNtcfwvA","Jon & Ronny on Maduro's Abduction, Trump's Oil Extortion & Minnesota ICE Shooting | The Daily Show","https://www.youtube.com/watch?v=iyj8hpOukfE"
"1768103241-103","https://www.youtube.com/channel/UCwWhs_6x42TyRM4Wstoq8HA/videos","Lonnie Thompson - “Canary” & Letting Glaciers Tell Their Story | The Daily Show","https://www.youtube.com/watch?v=oQoXNtcfwvA","Annie Leibovitz - Capturing Beauty, Strength, and Identity in “Women” | The Daily Show","https://www.youtube.com/watch?v=KNcNqA3WXHw"
"1768103241-104","https://www.youtube.com/channel/UCwWhs_6x42TyRM4Wstoq8HA/videos","Lonnie Thompson - “Canary” & Letting Glaciers Tell Their Story | The Daily Show","https://www.youtube.com/watch?v=oQoXNtcfwvA","I Skied Down Mount Everest (world first, no oxygen)","https://www.youtube.com/watch?v=cjZvFY6__qw"
"1768103241-105","https://www.youtube.com/channel/UCwWhs_6x42TyRM4Wstoq8HA/videos","Lonnie Thompson - “Canary” & Letting Glaciers Tell Their Story | The Daily Show","https://www.youtube.com/watch?v=oQoXNtcfwvA","The World's Most Important Machine","https://www.youtube.com/watch?v=MiUHjLxm3V0"
"1768103241-106","https://www.youtube.com/channel/UCwWhs_6x42TyRM4Wstoq8HA/videos","Lonnie Thompson - “Canary” & Letting Glaciers Tell Their Story | The Daily Show","https://www.youtube.com/watch?v=oQoXNtcfwvA","Jon Stewart – One of My Favorite People - What Now? with Trevor Noah Podcast","https://www.youtube.com/watch?v=44uC12g9ZVk"
"1768103241-107","https://www.youtube.com/channel/UCwWhs_6x42TyRM4Wstoq8HA/videos","Lonnie Thompson - “Canary” & Letting Glaciers Tell Their Story | The Daily Show","https://www.youtube.com/watch?v=oQoXNtcfwvA","American TV Host and Comedian Conan O'Brien Interview at the Oxford Union","https://www.youtube.com/watch?v=w3PYjFs4fng"
"1768103241-108","https://www.youtube.com/channel/UCwWhs_6x42TyRM4Wstoq8HA/videos","Lonnie Thompson - “Canary” & Letting Glaciers Tell Their Story | The Daily Show","https://www.youtube.com/watch?v=oQoXNtcfwvA","The Daily Show","https://www.youtube.com/watch?v=vzScfW2Jq5Y&pp=sAQB"
"1768103241-109","https://www.youtube.com/channel/UCwWhs_6x42TyRM4Wstoq8HA/videos","Lonnie Thompson - “Canary” & Letting Glaciers Tell Their Story | The Daily Show","https://www.youtube.com/watch?v=oQoXNtcfwvA","Lucy Liu - “Rosemead” | The Daily Show","https://www.youtube.com/watch?v=gD_6EMf1YRQ"
"1768103241-110","https://www.youtube.com/channel/UCwWhs_6x42TyRM4Wstoq8HA/videos","Lonnie Thompson - “Canary” & Letting Glaciers Tell Their Story | The Daily Show","https://www.youtube.com/watch?v=oQoXNtcfwvA","New Barista Training - SNL","https://www.youtube.com/watch?v=Tn7g2cn7iBo"
"1768103241-111","https://www.youtube.com/channel/UCwWhs_6x42TyRM4Wstoq8HA/videos","Lonnie Thompson - “Canary” & Letting Glaciers Tell Their Story | The Daily Show","https://www.youtube.com/watch?v=oQoXNtcfwvA","Trump Kidnaps President Maduro, Targets Venezuelan Oil & Ditches ""America First"" | The Daily Show","https://www.youtube.com/watch?v=HDSzUfMZRHE"
"1768103241-112","https://www.youtube.com/channel/UCwWhs_6x42TyRM4Wstoq8HA/videos","Lonnie Thompson - “Canary” & Letting Glaciers Tell Their Story | The Daily Show","https://www.youtube.com/watch?v=oQoXNtcfwvA","Why Trump’s Venezuela oil gamble won’t pay off","https://www.youtube.com/watch?v=HWezR4NNUr8&pp=ugUEEgJlbtIHCQlNCgGHKiGM7w%3D%3D"
"1768103241-113","https://www.youtube.com/channel/UCwWhs_6x42TyRM4Wstoq8HA/videos","Lonnie Thompson - “Canary” & Letting Glaciers Tell Their Story | The Daily Show","https://www.youtube.com/watch?v=oQoXNtcfwvA","MINIMALISM: Official Netflix Documentary (Entire Film)","https://www.youtube.com/watch?v=J8DGjUv-Vjc"
"1768103241-114","https://www.youtube.com/channel/UCwWhs_6x42TyRM4Wstoq8HA/videos","Lonnie Thompson - “Canary” & Letting Glaciers Tell Their Story | The Daily Show","https://www.youtube.com/watch?v=oQoXNtcfwvA","Venezuela: Last Week Tonight with John Oliver (HBO)","https://www.youtube.com/watch?v=IYfgvS0FA7U"
"1768103241-115","https://www.youtube.com/channel/UCwWhs_6x42TyRM4Wstoq8HA/videos","Lonnie Thompson - “Canary” & Letting Glaciers Tell Their Story | The Daily Show","https://www.youtube.com/watch?v=oQoXNtcfwvA","The Maddening Disconnect of Phone Therapy | “Happy to Help You” (Ft. Amy Sedaris) | The New Yorker","https://www.youtube.com/watch?v=f7FbZJ_CO8A"
"1768103241-116","https://www.youtube.com/channel/UCwWhs_6x42TyRM4Wstoq8HA/videos","Lonnie Thompson - “Canary” & Letting Glaciers Tell Their Story | The Daily Show","https://www.youtube.com/watch?v=oQoXNtcfwvA","Artificial Intelligence in 2025 | 60 Minutes Full Episodes","https://www.youtube.com/watch?v=KpOcUrPdx-4"
"1768103241-117","https://www.youtube.com/channel/UCwWhs_6x42TyRM4Wstoq8HA/videos","Lonnie Thompson - “Canary” & Letting Glaciers Tell Their Story | The Daily Show","https://www.youtube.com/watch?v=oQoXNtcfwvA","Sen. Mark Kelly - “I’m Not Backing Down” | The Daily Show","https://www.youtube.com/watch?v=fsI9ml9oF_s&pp=0gcJCU0KAYcqIYzv"
"1768103241-118","https://www.youtube.com/channel/UCwWhs_6x42TyRM4Wstoq8HA/videos","Lonnie Thompson - “Canary” & Letting Glaciers Tell Their Story | The Daily Show","https://www.youtube.com/watch?v=oQoXNtcfwvA","Stephen J. Dubner - “Freakonomics” 20th Anniversary | The Daily Show","https://www.youtube.com/watch?v=lAB6XAJ9xFA"
"1768103241-119","https://www.youtube.com/channel/UCwWhs_6x42TyRM4Wstoq8HA/videos","Lonnie Thompson - “Canary” & Letting Glaciers Tell Their Story | The Daily Show","https://www.youtube.com/watch?v=oQoXNtcfwvA","Oprah Explores the Rising Trend of Going No Contact with Your Family","https://www.youtube.com/watch?v=cK7EJgILMIk"
"1768103241-120","https://www.youtube.com/channel/UCwWhs_6x42TyRM4Wstoq8HA/videos","Lonnie Thompson - “Canary” & Letting Glaciers Tell Their Story | The Daily Show","https://www.youtube.com/watch?v=oQoXNtcfwvA","Jimmy Kimmel Recaps the Crazy Stuff Trump Did Over the Holidays & Takes Cognitive Test Donny “ACED”","https://www.youtube.com/watch?v=X6hFZsRGm1Q&pp=ugUHEgVlbi1VUw%3D%3D"
"1768103252-121","https://www.youtube.com/channel/UCwWhs_6x42TyRM4Wstoq8HA/videos","What Happens When Two Online Enemies Fall in Love? | The Daily Show","https://www.youtube.com/watch?v=Uxk0aQqGGQM","Ronny Chieng Wants You to Break Up With Your AI Girlfriend | The Daily Show","https://www.youtube.com/watch?v=PmbJDao5i0g"
"1768103252-122","https://www.youtube.com/channel/UCwWhs_6x42TyRM4Wstoq8HA/videos","What Happens When Two Online Enemies Fall in Love? | The Daily Show","https://www.youtube.com/watch?v=Uxk0aQqGGQM","Espresso Martini - SNL","https://www.youtube.com/watch?v=6XtaXtFWURk"
"1768103252-123","https://www.youtube.com/channel/UCwWhs_6x42TyRM4Wstoq8HA/videos","What Happens When Two Online Enemies Fall in Love? | The Daily Show","https://www.youtube.com/watch?v=Uxk0aQqGGQM","Check out my latest video","https://www.youtube.com/watch?v=xL1Csks_ug4"
"1768103252-124","https://www.youtube.com/channel/UCwWhs_6x42TyRM4Wstoq8HA/videos","What Happens When Two Online Enemies Fall in Love? | The Daily Show","https://www.youtube.com/watch?v=Uxk0aQqGGQM","Meet Benny Johnson: The YouTube Star Cosplaying as White House Press Commentator | The Daily Show","https://www.youtube.com/watch?v=lrCd-H2ICmk&pp=0gcJCU0KAYcqIYzv"
"1768103252-125","https://www.youtube.com/channel/UCwWhs_6x42TyRM4Wstoq8HA/videos","What Happens When Two Online Enemies Fall in Love? | The Daily Show","https://www.youtube.com/watch?v=Uxk0aQqGGQM","Top 20 Most Awkward Moments on Finding Your Roots","https://www.youtube.com/watch?v=nZH2TmwNwHM"
"1768103252-126","https://www.youtube.com/channel/UCwWhs_6x42TyRM4Wstoq8HA/videos","What Happens When Two Online Enemies Fall in Love? | The Daily Show","https://www.youtube.com/watch?v=Uxk0aQqGGQM","Every Time Kate McKinnon Made People BREAK on SNL","https://www.youtube.com/watch?v=VNoVq41mEqQ"
"1768103252-127","https://www.youtube.com/channel/UCwWhs_6x42TyRM4Wstoq8HA/videos","What Happens When Two Online Enemies Fall in Love? | The Daily Show","https://www.youtube.com/watch?v=Uxk0aQqGGQM","How Does Melania Trump Really Feel About Christmas?","https://www.youtube.com/watch?v=vQ25e66cZF8"
"1768103252-128","https://www.youtube.com/channel/UCwWhs_6x42TyRM4Wstoq8HA/videos","What Happens When Two Online Enemies Fall in Love? | The Daily Show","https://www.youtube.com/watch?v=Uxk0aQqGGQM","The Daily Show","https://www.youtube.com/watch?v=vzScfW2Jq5Y&pp=sAQB"
"1768103252-129","https://www.youtube.com/channel/UCwWhs_6x42TyRM4Wstoq8HA/videos","What Happens When Two Online Enemies Fall in Love? | The Daily Show","https://www.youtube.com/watch?v=Uxk0aQqGGQM","Trump Proposes $1.5 Trillion Military Budget in 2027","https://www.youtube.com/watch?v=AHIYRXuVYDg"
"1768103252-130","https://www.youtube.com/channel/UCwWhs_6x42TyRM4Wstoq8HA/videos","What Happens When Two Online Enemies Fall in Love? | The Daily Show","https://www.youtube.com/watch?v=Uxk0aQqGGQM","Lucy Liu - “Rosemead” | The Daily Show","https://www.youtube.com/watch?v=gD_6EMf1YRQ"
"1768103252-131","https://www.youtube.com/channel/UCwWhs_6x42TyRM4Wstoq8HA/videos","What Happens When Two Online Enemies Fall in Love? | The Daily Show","https://www.youtube.com/watch?v=Uxk0aQqGGQM","Jury Duty - SNL","https://www.youtube.com/watch?v=TrdJQJ_RXrQ"
"1768103252-132","https://www.youtube.com/channel/UCwWhs_6x42TyRM4Wstoq8HA/videos","What Happens When Two Online Enemies Fall in Love? | The Daily Show","https://www.youtube.com/watch?v=Uxk0aQqGGQM","The Best of Desi Lydic as Guest Host | The Daily Show","https://www.youtube.com/watch?v=sVohS8t61kk"
"1768103252-133","https://www.youtube.com/channel/UCwWhs_6x42TyRM4Wstoq8HA/videos","What Happens When Two Online Enemies Fall in Love? | The Daily Show","https://www.youtube.com/watch?v=Uxk0aQqGGQM","Jon Stewart Surprises Jimmy Kimmel’s Kids on the Drive to School","https://www.youtube.com/watch?v=BfpaqJeE2eM&pp=ugUHEgVlbi1VUw%3D%3D"
"1768103252-134","https://www.youtube.com/channel/UCwWhs_6x42TyRM4Wstoq8HA/videos","What Happens When Two Online Enemies Fall in Love? | The Daily Show","https://www.youtube.com/watch?v=Uxk0aQqGGQM","Seth and Sabrina Carpenter Go Day Drinking","https://www.youtube.com/watch?v=GLq-fAxFUfQ"
"1768103252-135","https://www.youtube.com/channel/UCwWhs_6x42TyRM4Wstoq8HA/videos","What Happens When Two Online Enemies Fall in Love? | The Daily Show","https://www.youtube.com/watch?v=Uxk0aQqGGQM","New Barista Training - SNL","https://www.youtube.com/watch?v=Tn7g2cn7iBo"
"1768103252-136","https://www.youtube.com/channel/UCwWhs_6x42TyRM4Wstoq8HA/videos","What Happens When Two Online Enemies Fall in Love? | The Daily Show","https://www.youtube.com/watch?v=Uxk0aQqGGQM","Black Jeopardy with Elizabeth Banks - SNL","https://www.youtube.com/watch?v=AX7rliyPF48"
"1768103252-137","https://www.youtube.com/channel/UCwWhs_6x42TyRM4Wstoq8HA/videos","What Happens When Two Online Enemies Fall in Love? | The Daily Show","https://www.youtube.com/watch?v=Uxk0aQqGGQM","French VS English Men | Tatty Macleod","https://www.youtube.com/watch?v=YkH_6PVXl6g"
"1768103252-138","https://www.youtube.com/channel/UCwWhs_6x42TyRM4Wstoq8HA/videos","What Happens When Two Online Enemies Fall in Love? | The Daily Show","https://www.youtube.com/watch?v=Uxk0aQqGGQM","Who Said It?: President Trump vs. Cartoon Characters | The Tonight Show Starring Jimmy Fallon","https://www.youtube.com/watch?v=2x0zEMEw2-o"
"1768103252-139","https://www.youtube.com/channel/UCwWhs_6x42TyRM4Wstoq8HA/videos","What Happens When Two Online Enemies Fall in Love? | The Daily Show","https://www.youtube.com/watch?v=Uxk0aQqGGQM","Trump Kidnaps President Maduro, Targets Venezuelan Oil & Ditches ""America First"" | The Daily Show","https://www.youtube.com/watch?v=HDSzUfMZRHE"
"1768103252-140","https://www.youtube.com/channel/UCwWhs_6x42TyRM4Wstoq8HA/videos","What Happens When Two Online Enemies Fall in Love? | The Daily Show","https://www.youtube.com/watch?v=Uxk0aQqGGQM","Seth Meyers Surprises His Kids with a Late Night Interview","https://www.youtube.com/watch?v=nkX_-8rXGH4"
"1768103262-141","https://www.youtube.com/channel/UCwWhs_6x42TyRM4Wstoq8HA/videos","Jon and the News Team on Venezuela Tensions, Airport Pull-Ups & ""Minor"" Trump Slip | The Daily Show","https://www.youtube.com/watch?v=powm6EFL630","Jon & Ronny on Maduro's Abduction, Trump's Oil Extortion & Minnesota ICE Shooting | The Daily Show","https://www.youtube.com/watch?v=iyj8hpOukfE"
"1768103262-142","https://www.youtube.com/channel/UCwWhs_6x42TyRM4Wstoq8HA/videos","Jon and the News Team on Venezuela Tensions, Airport Pull-Ups & ""Minor"" Trump Slip | The Daily Show","https://www.youtube.com/watch?v=powm6EFL630","Artificial Intelligence in 2025 | 60 Minutes Full Episodes","https://www.youtube.com/watch?v=KpOcUrPdx-4"
"1768103262-143","https://www.youtube.com/channel/UCwWhs_6x42TyRM4Wstoq8HA/videos","Jon and the News Team on Venezuela Tensions, Airport Pull-Ups & ""Minor"" Trump Slip | The Daily Show","https://www.youtube.com/watch?v=powm6EFL630","Australian Fruit Is Flexing on America","https://www.youtube.com/watch?v=mMod2Di2oVo"
"1768103262-144","https://www.youtube.com/channel/UCwWhs_6x42TyRM4Wstoq8HA/videos","Jon and the News Team on Venezuela Tensions, Airport Pull-Ups & ""Minor"" Trump Slip | The Daily Show","https://www.youtube.com/watch?v=powm6EFL630","The World's Most Important Machine","https://www.youtube.com/watch?v=MiUHjLxm3V0"
"1768103262-145","https://www.youtube.com/channel/UCwWhs_6x42TyRM4Wstoq8HA/videos","Jon and the News Team on Venezuela Tensions, Airport Pull-Ups & ""Minor"" Trump Slip | The Daily Show","https://www.youtube.com/watch?v=powm6EFL630","Venezuela: Last Week Tonight with John Oliver (HBO)","https://www.youtube.com/watch?v=IYfgvS0FA7U"
"1768103262-146","https://www.youtube.com/channel/UCwWhs_6x42TyRM4Wstoq8HA/videos","Jon and the News Team on Venezuela Tensions, Airport Pull-Ups & ""Minor"" Trump Slip | The Daily Show","https://www.youtube.com/watch?v=powm6EFL630","MS NOW Highlights - Jan. 10","https://www.youtube.com/watch?v=gO6KCs8kmi8"
"1768103262-147","https://www.youtube.com/channel/UCwWhs_6x42TyRM4Wstoq8HA/videos","Jon and the News Team on Venezuela Tensions, Airport Pull-Ups & ""Minor"" Trump Slip | The Daily Show","https://www.youtube.com/watch?v=powm6EFL630","ICE Killing in Minnesota Ignites Protests as Trump and Kristi Noem Double Down | The Daily Show","https://www.youtube.com/watch?v=a1Yo5Bcpx5c"
"1768103262-148","https://www.youtube.com/channel/UCwWhs_6x42TyRM4Wstoq8HA/videos","Jon and the News Team on Venezuela Tensions, Airport Pull-Ups & ""Minor"" Trump Slip | The Daily Show","https://www.youtube.com/watch?v=powm6EFL630","The Daily Show","https://www.youtube.com/watch?v=vzScfW2Jq5Y&pp=sAQB"
"1768103262-149","https://www.youtube.com/channel/UCwWhs_6x42TyRM4Wstoq8HA/videos","Jon and the News Team on Venezuela Tensions, Airport Pull-Ups & ""Minor"" Trump Slip | The Daily Show","https://www.youtube.com/watch?v=powm6EFL630","What Billionaire Tech CEOs Get Wrong About The Future, with Adam Becker","https://www.youtube.com/watch?v=o6UdRXloqGc&pp=ugUEEgJlbg%3D%3D"
"1768103262-150","https://www.youtube.com/channel/UCwWhs_6x42TyRM4Wstoq8HA/videos","Jon and the News Team on Venezuela Tensions, Airport Pull-Ups & ""Minor"" Trump Slip | The Daily Show","https://www.youtube.com/watch?v=powm6EFL630","ABC World News Tonight with David Muir Full Broadcast - January 10th, 2026","https://www.youtube.com/watch?v=Wo1i5ayMCO8"
"1768103262-151","https://www.youtube.com/channel/UCwWhs_6x42TyRM4Wstoq8HA/videos","Jon and the News Team on Venezuela Tensions, Airport Pull-Ups & ""Minor"" Trump Slip | The Daily Show","https://www.youtube.com/watch?v=powm6EFL630","Trump’s Venezuela Money Grab, Problem Falling Asleep in Meetings & Unarmed Woman Killed by ICE","https://www.youtube.com/watch?v=x03ZxnzfgNA&pp=ugUHEgVlbi1VUw%3D%3D"
"1768103262-152","https://www.youtube.com/channel/UCwWhs_6x42TyRM4Wstoq8HA/videos","Jon and the News Team on Venezuela Tensions, Airport Pull-Ups & ""Minor"" Trump Slip | The Daily Show","https://www.youtube.com/watch?v=powm6EFL630","The Best of Desi in 2025: Trump's Ass-Kissing Cabinet, MAGA's Pope Tantrum & More | The Daily Show","https://www.youtube.com/watch?v=DeGiFF99MvA"
"1768103262-153","https://www.youtube.com/channel/UCwWhs_6x42TyRM4Wstoq8HA/videos","Jon and the News Team on Venezuela Tensions, Airport Pull-Ups & ""Minor"" Trump Slip | The Daily Show","https://www.youtube.com/watch?v=powm6EFL630","Why One Oil Company Has a Head Start in Venezuela","https://www.youtube.com/watch?v=tuHUZjwt_8o"
"1768103262-154","https://www.youtube.com/channel/UCwWhs_6x42TyRM4Wstoq8HA/videos","Jon and the News Team on Venezuela Tensions, Airport Pull-Ups & ""Minor"" Trump Slip | The Daily Show","https://www.youtube.com/watch?v=powm6EFL630","Sen. Mark Kelly - “I’m Not Backing Down” | The Daily Show","https://www.youtube.com/watch?v=fsI9ml9oF_s"
"1768103262-155","https://www.youtube.com/channel/UCwWhs_6x42TyRM4Wstoq8HA/videos","Jon and the News Team on Venezuela Tensions, Airport Pull-Ups & ""Minor"" Trump Slip | The Daily Show","https://www.youtube.com/watch?v=powm6EFL630","I Skied Down Mount Everest (world first, no oxygen)","https://www.youtube.com/watch?v=cjZvFY6__qw&pp=0gcJCU0KAYcqIYzv"
"1768103262-156","https://www.youtube.com/channel/UCwWhs_6x42TyRM4Wstoq8HA/videos","Jon and the News Team on Venezuela Tensions, Airport Pull-Ups & ""Minor"" Trump Slip | The Daily Show","https://www.youtube.com/watch?v=powm6EFL630","The Vanity (Completely) Fair Photoshoot","https://www.youtube.com/watch?v=8Ep-gTKaa0o"
"1768103262-157","https://www.youtube.com/channel/UCwWhs_6x42TyRM4Wstoq8HA/videos","Jon and the News Team on Venezuela Tensions, Airport Pull-Ups & ""Minor"" Trump Slip | The Daily Show","https://www.youtube.com/watch?v=powm6EFL630","Undercover in North Korea (Full Episode) | Then and Now with Lisa Ling | National Geographic","https://www.youtube.com/watch?v=eLCdsXRiouE"
"1768103262-158","https://www.youtube.com/channel/UCwWhs_6x42TyRM4Wstoq8HA/videos","Jon and the News Team on Venezuela Tensions, Airport Pull-Ups & ""Minor"" Trump Slip | The Daily Show","https://www.youtube.com/watch?v=powm6EFL630","Trump Delivers Scatterbrained Speech to GOP, He Guns for Greenland & 5th Anniversary of Insurrection","https://www.youtube.com/watch?v=w4-Vnatjopc"
"1768103262-159","https://www.youtube.com/channel/UCwWhs_6x42TyRM4Wstoq8HA/videos","Jon and the News Team on Venezuela Tensions, Airport Pull-Ups & ""Minor"" Trump Slip | The Daily Show","https://www.youtube.com/watch?v=powm6EFL630","Trump Kidnaps President Maduro, Targets Venezuelan Oil & Ditches ""America First"" | The Daily Show","https://www.youtube.com/watch?v=HDSzUfMZRHE"
"1768103272-160","https://www.youtube.com/channel/UCwWhs_6x42TyRM4Wstoq8HA/videos","WTF Happened in 2025? TDS Hosts Recap the Year’s Biggest Stories | The Daily Show","https://www.youtube.com/watch?v=rsk1PAhKViI","Josh Johnson on Trump's Epstein Scandal, MAGA Meltdowns & Hopes for Heaven in 2025 | The Daily Show","https://www.youtube.com/watch?v=ZsApbhG2cRY"
"1768103272-161","https://www.youtube.com/channel/UCwWhs_6x42TyRM4Wstoq8HA/videos","WTF Happened in 2025? TDS Hosts Recap the Year’s Biggest Stories | The Daily Show","https://www.youtube.com/watch?v=rsk1PAhKViI","How to Cover a Sh*tposting White House with CNN’s Kaitlan Collins","https://www.youtube.com/watch?v=NkklCAKeUs0"
"1768103272-162","https://www.youtube.com/channel/UCwWhs_6x42TyRM4Wstoq8HA/videos","WTF Happened in 2025? TDS Hosts Recap the Year’s Biggest Stories | The Daily Show","https://www.youtube.com/watch?v=rsk1PAhKViI","Ep. 70: Lit It or Quit It: The Love Hypothesis","https://www.youtube.com/watch?v=Vco12CW4n0o&pp=0gcJCU0KAYcqIYzv"
"1768103272-163","https://www.youtube.com/channel/UCwWhs_6x42TyRM4Wstoq8HA/videos","WTF Happened in 2025? TDS Hosts Recap the Year’s Biggest Stories | The Daily Show","https://www.youtube.com/watch?v=rsk1PAhKViI","Australian Fruit Is Flexing on America","https://www.youtube.com/watch?v=mMod2Di2oVo&pp=0gcJCU0KAYcqIYzv"
"1768103272-164","https://www.youtube.com/channel/UCwWhs_6x42TyRM4Wstoq8HA/videos","WTF Happened in 2025? TDS Hosts Recap the Year’s Biggest Stories | The Daily Show","https://www.youtube.com/watch?v=rsk1PAhKViI","Bari Weiss: Last Week Tonight with John Oliver (HBO)","https://www.youtube.com/watch?v=gieTx_P6INQ"
"1768103272-165","https://www.youtube.com/channel/UCwWhs_6x42TyRM4Wstoq8HA/videos","WTF Happened in 2025? TDS Hosts Recap the Year’s Biggest Stories | The Daily Show","https://www.youtube.com/watch?v=rsk1PAhKViI","Leonardo DiCaprio & Jennifer Lawrence | Actors on Actors","https://www.youtube.com/watch?v=Q_cV9ciktoQ&pp=ugUEEgJlbg%3D%3D"
"1768103272-166","https://www.youtube.com/channel/UCwWhs_6x42TyRM4Wstoq8HA/videos","WTF Happened in 2025? TDS Hosts Recap the Year’s Biggest Stories | The Daily Show","https://www.youtube.com/watch?v=rsk1PAhKViI","Kristen Bell Gets Festive on the Hot Ones Holiday Extravaganza | Hot Ones","https://www.youtube.com/watch?v=ClG6fOKztJQ"
"1768103272-167","https://www.youtube.com/channel/UCwWhs_6x42TyRM4Wstoq8HA/videos","WTF Happened in 2025? TDS Hosts Recap the Year’s Biggest Stories | The Daily Show","https://www.youtube.com/watch?v=rsk1PAhKViI","The Daily Show","https://www.youtube.com/watch?v=vzScfW2Jq5Y&pp=sAQB"
"1768103272-168","https://www.youtube.com/channel/UCwWhs_6x42TyRM4Wstoq8HA/videos","WTF Happened in 2025? TDS Hosts Recap the Year’s Biggest Stories | The Daily Show","https://www.youtube.com/watch?v=rsk1PAhKViI","Why the Stock Market Hasn’t Crashed Yet - with Paul Krugman","https://www.youtube.com/watch?v=qGxFLOw7KW8"
"1768103272-169","https://www.youtube.com/channel/UCwWhs_6x42TyRM4Wstoq8HA/videos","WTF Happened in 2025? TDS Hosts Recap the Year’s Biggest Stories | The Daily Show","https://www.youtube.com/watch?v=rsk1PAhKViI","Jon & Ronny on Maduro's Abduction, Trump's Oil Extortion & Minnesota ICE Shooting | The Daily Show","https://www.youtube.com/watch?v=iyj8hpOukfE&pp=0gcJCU0KAYcqIYzv"
"1768103272-170","https://www.youtube.com/channel/UCwWhs_6x42TyRM4Wstoq8HA/videos","WTF Happened in 2025? TDS Hosts Recap the Year’s Biggest Stories | The Daily Show","https://www.youtube.com/watch?v=rsk1PAhKViI","Wrapping 2025 w/ Jon Favreau & Tim Miller | The Weekly Show with Jon Stewart","https://www.youtube.com/watch?v=vKxp4Z0HOBg"
"1768103272-171","https://www.youtube.com/channel/UCwWhs_6x42TyRM4Wstoq8HA/videos","WTF Happened in 2025? TDS Hosts Recap the Year’s Biggest Stories | The Daily Show","https://www.youtube.com/watch?v=rsk1PAhKViI","Sen. Mark Kelly - “I’m Not Backing Down” | The Daily Show","https://www.youtube.com/watch?v=fsI9ml9oF_s"
"1768103272-172","https://www.youtube.com/channel/UCwWhs_6x42TyRM4Wstoq8HA/videos","WTF Happened in 2025? TDS Hosts Recap the Year’s Biggest Stories | The Daily Show","https://www.youtube.com/watch?v=rsk1PAhKViI","The Vanity (Completely) Fair Photoshoot","https://www.youtube.com/watch?v=8Ep-gTKaa0o"
"1768103272-173","https://www.youtube.com/channel/UCwWhs_6x42TyRM4Wstoq8HA/videos","WTF Happened in 2025? TDS Hosts Recap the Year’s Biggest Stories | The Daily Show","https://www.youtube.com/watch?v=rsk1PAhKViI","Venezuela: Last Week Tonight with John Oliver (HBO)","https://www.youtube.com/watch?v=IYfgvS0FA7U"
"1768103272-174","https://www.youtube.com/channel/UCwWhs_6x42TyRM4Wstoq8HA/videos","WTF Happened in 2025? TDS Hosts Recap the Year’s Biggest Stories | The Daily Show","https://www.youtube.com/watch?v=rsk1PAhKViI","Trump Sounds Incoherent In Rambling Press Conference","https://www.youtube.com/watch?v=l8FNl5gDP3c&pp=ugUEEgJlbg%3D%3D"
"1768103272-175","https://www.youtube.com/channel/UCwWhs_6x42TyRM4Wstoq8HA/videos","WTF Happened in 2025? TDS Hosts Recap the Year’s Biggest Stories | The Daily Show","https://www.youtube.com/watch?v=rsk1PAhKViI","Big Fat Quiz of the Year 2025","https://www.youtube.com/watch?v=SVqvro8RoL8&pp=0gcJCU0KAYcqIYzv"
"1768103272-176","https://www.youtube.com/channel/UCwWhs_6x42TyRM4Wstoq8HA/videos","WTF Happened in 2025? TDS Hosts Recap the Year’s Biggest Stories | The Daily Show","https://www.youtube.com/watch?v=rsk1PAhKViI","The World's Most Important Machine","https://www.youtube.com/watch?v=MiUHjLxm3V0"
"1768103272-177","https://www.youtube.com/channel/UCwWhs_6x42TyRM4Wstoq8HA/videos","WTF Happened in 2025? TDS Hosts Recap the Year’s Biggest Stories | The Daily Show","https://www.youtube.com/watch?v=rsk1PAhKViI","Doctor Reacts To The Pitt Season 1 Finale","https://www.youtube.com/watch?v=uSYXflrSvEs"
"1768103272-178","https://www.youtube.com/channel/UCwWhs_6x42TyRM4Wstoq8HA/videos","WTF Happened in 2025? TDS Hosts Recap the Year’s Biggest Stories | The Daily Show","https://www.youtube.com/watch?v=rsk1PAhKViI","Jon Stewart – One of My Favorite People - What Now? with Trevor Noah Podcast","https://www.youtube.com/watch?v=44uC12g9ZVk"
"1768103272-179","https://www.youtube.com/channel/UCwWhs_6x42TyRM4Wstoq8HA/videos","WTF Happened in 2025? TDS Hosts Recap the Year’s Biggest Stories | The Daily Show","https://www.youtube.com/watch?v=rsk1PAhKViI","Jordan Klepper Fingers the Pulse: Give the Man a Prize | The Daily Show","https://www.youtube.com/watch?v=JdvSonnYw-E"
"1768103283-180","https://www.youtube.com/channel/UCwWhs_6x42TyRM4Wstoq8HA/videos","How Does AI Affect Josh Johnson's Career? - After The Cut | The Daily Show","https://www.youtube.com/watch?v=y8tvozJm_Bg","Australian Fruit Is Flexing on America","https://www.youtube.com/watch?v=mMod2Di2oVo"
"1768103283-181","https://www.youtube.com/channel/UCwWhs_6x42TyRM4Wstoq8HA/videos","How Does AI Affect Josh Johnson's Career? - After The Cut | The Daily Show","https://www.youtube.com/watch?v=y8tvozJm_Bg","Is AI Making College Students Dumber? Ronny Chieng Investigates | The Daily Show","https://www.youtube.com/watch?v=46psLEZCwK8"
"1768103283-182","https://www.youtube.com/channel/UCwWhs_6x42TyRM4Wstoq8HA/videos","How Does AI Affect Josh Johnson's Career? - After The Cut | The Daily Show","https://www.youtube.com/watch?v=y8tvozJm_Bg","Mamdani Makes Trump Melt","https://www.youtube.com/watch?v=Pxi1p4tzU_Q"
"1768103283-183","https://www.youtube.com/channel/UCwWhs_6x42TyRM4Wstoq8HA/videos","How Does AI Affect Josh Johnson's Career? - After The Cut | The Daily Show","https://www.youtube.com/watch?v=y8tvozJm_Bg","Top 20 Most Awkward Moments on Finding Your Roots","https://www.youtube.com/watch?v=nZH2TmwNwHM"
"1768103283-184","https://www.youtube.com/channel/UCwWhs_6x42TyRM4Wstoq8HA/videos","How Does AI Affect Josh Johnson's Career? - After The Cut | The Daily Show","https://www.youtube.com/watch?v=y8tvozJm_Bg","Josh Johnson on Trump's Epstein Scandal, MAGA Meltdowns & Hopes for Heaven in 2025 | The Daily Show","https://www.youtube.com/watch?v=ZsApbhG2cRY"
"1768103283-185","https://www.youtube.com/channel/UCwWhs_6x42TyRM4Wstoq8HA/videos","How Does AI Affect Josh Johnson's Career? - After The Cut | The Daily Show","https://www.youtube.com/watch?v=y8tvozJm_Bg","Chef Show - SNL","https://www.youtube.com/watch?v=PEOZ3I2zk1E&pp=0gcJCU0KAYcqIYzv"
"1768103283-186","https://www.youtube.com/channel/UCwWhs_6x42TyRM4Wstoq8HA/videos","How Does AI Affect Josh Johnson's Career? - After The Cut | The Daily Show","https://www.youtube.com/watch?v=y8tvozJm_Bg","Josh Johnson: Finding Meaning in a System Built to Fracture You","https://www.youtube.com/watch?v=h0hre6S4LKc&pp=0gcJCU0KAYcqIYzv"
"1768103283-187","https://www.youtube.com/channel/UCwWhs_6x42TyRM4Wstoq8HA/videos","How Does AI Affect Josh Johnson's Career? - After The Cut | The Daily Show","https://www.youtube.com/watch?v=y8tvozJm_Bg","The Daily Show","https://www.youtube.com/watch?v=vzScfW2Jq5Y&pp=sAQB"
"1768103283-188","https://www.youtube.com/channel/UCwWhs_6x42TyRM4Wstoq8HA/videos","How Does AI Affect Josh Johnson's Career? - After The Cut | The Daily Show","https://www.youtube.com/watch?v=y8tvozJm_Bg","Director Park Chan-wook - Satirizing Capitalism in “No Other Choice” | The Daily Show","https://www.youtube.com/watch?v=Jj0N63qglbI"
"1768103283-189","https://www.youtube.com/channel/UCwWhs_6x42TyRM4Wstoq8HA/videos","How Does AI Affect Josh Johnson's Career? - After The Cut | The Daily Show","https://www.youtube.com/watch?v=y8tvozJm_Bg","Trump Proposes $1.5 Trillion Military Budget in 2027","https://www.youtube.com/watch?v=AHIYRXuVYDg"
"1768103283-190","https://www.youtube.com/channel/UCwWhs_6x42TyRM4Wstoq8HA/videos","How Does AI Affect Josh Johnson's Career? - After The Cut | The Daily Show","https://www.youtube.com/watch?v=y8tvozJm_Bg","Meanwhile... Nicole & Keith Split | Beloved Walrus Penis Stolen | Rejected Vanity License Plates","https://www.youtube.com/watch?v=KGfzI91Q6YE"
"1768103283-191","https://www.youtube.com/channel/UCwWhs_6x42TyRM4Wstoq8HA/videos","How Does AI Affect Josh Johnson's Career? - After The Cut | The Daily Show","https://www.youtube.com/watch?v=y8tvozJm_Bg","50 Goes #1 on Netflix with Diddy Doc","https://www.youtube.com/watch?v=ZlAgdQaUt38"
"1768103283-192","https://www.youtube.com/channel/UCwWhs_6x42TyRM4Wstoq8HA/videos","How Does AI Affect Josh Johnson's Career? - After The Cut | The Daily Show","https://www.youtube.com/watch?v=y8tvozJm_Bg","This TikTok Prank is Accidentally Healing Men","https://www.youtube.com/watch?v=7fsoWW_fZyM"
"1768103283-193","https://www.youtube.com/channel/UCwWhs_6x42TyRM4Wstoq8HA/videos","How Does AI Affect Josh Johnson's Career? - After The Cut | The Daily Show","https://www.youtube.com/watch?v=y8tvozJm_Bg","Lucy Liu - “Rosemead” | The Daily Show","https://www.youtube.com/watch?v=gD_6EMf1YRQ"
"1768103283-194","https://www.youtube.com/channel/UCwWhs_6x42TyRM4Wstoq8HA/videos","How Does AI Affect Josh Johnson's Career? - After The Cut | The Daily Show","https://www.youtube.com/watch?v=y8tvozJm_Bg","Trump Kidnaps President Maduro, Targets Venezuelan Oil & Ditches ""America First"" | The Daily Show","https://www.youtube.com/watch?v=HDSzUfMZRHE"
"1768103283-195","https://www.youtube.com/channel/UCwWhs_6x42TyRM4Wstoq8HA/videos","How Does AI Affect Josh Johnson's Career? - After The Cut | The Daily Show","https://www.youtube.com/watch?v=y8tvozJm_Bg","The Louvre Heist: A True Work of Art","https://www.youtube.com/watch?v=61kAH4DS4po"
"1768103283-196","https://www.youtube.com/channel/UCwWhs_6x42TyRM4Wstoq8HA/videos","How Does AI Affect Josh Johnson's Career? - After The Cut | The Daily Show","https://www.youtube.com/watch?v=y8tvozJm_Bg","Michelle Obama on Gifts from Barack, Being Able to Drive Again & She Remembers Rob & Michele Reiner","https://www.youtube.com/watch?v=IqGNKbXBfPg&pp=ugUHEgVlbi1VUw%3D%3D"
"1768103283-197","https://www.youtube.com/channel/UCwWhs_6x42TyRM4Wstoq8HA/videos","How Does AI Affect Josh Johnson's Career? - After The Cut | The Daily Show","https://www.youtube.com/watch?v=y8tvozJm_Bg","Mentalist Oz Pearlman blows minds, from Joe Rogan to tech titans | 60 Minutes","https://www.youtube.com/watch?v=GOR3QWX6fwk&pp=0gcJCU0KAYcqIYzv"
"1768103283-198","https://www.youtube.com/channel/UCwWhs_6x42TyRM4Wstoq8HA/videos","How Does AI Affect Josh Johnson's Career? - After The Cut | The Daily Show","https://www.youtube.com/watch?v=y8tvozJm_Bg","New Barista Training - SNL","https://www.youtube.com/watch?v=Tn7g2cn7iBo"
"1768103283-199","https://www.youtube.com/channel/UCwWhs_6x42TyRM4Wstoq8HA/videos","How Does AI Affect Josh Johnson's Career? - After The Cut | The Daily Show","https://www.youtube.com/watch?v=y8tvozJm_Bg","Epstein and Friends: A Photo Album","https://www.youtube.com/watch?v=7oVCBTCIPQo"
"1768103293-200","https://www.youtube.com/channel/UCwWhs_6x42TyRM4Wstoq8HA/videos","Ronny Chieng Took On Trump's J6 Pardons, Signalgate Fallout & Elon’s DMs in 2025 | The Daily Show","https://www.youtube.com/watch?v=hLH5ZT9UU_s","Josh Johnson on Trump's Epstein Scandal, MAGA Meltdowns & Hopes for Heaven in 2025 | The Daily Show","https://www.youtube.com/watch?v=ZsApbhG2cRY&pp=0gcJCU0KAYcqIYzv"
"1768103293-201","https://www.youtube.com/channel/UCwWhs_6x42TyRM4Wstoq8HA/videos","Ronny Chieng Took On Trump's J6 Pardons, Signalgate Fallout & Elon’s DMs in 2025 | The Daily Show","https://www.youtube.com/watch?v=hLH5ZT9UU_s","Jon & Ronny on Maduro's Abduction, Trump's Oil Extortion & Minnesota ICE Shooting | The Daily Show","https://www.youtube.com/watch?v=iyj8hpOukfE&pp=0gcJCU0KAYcqIYzv"
"1768103293-202","https://www.youtube.com/channel/UCwWhs_6x42TyRM4Wstoq8HA/videos","Ronny Chieng Took On Trump's J6 Pardons, Signalgate Fallout & Elon’s DMs in 2025 | The Daily Show","https://www.youtube.com/watch?v=hLH5ZT9UU_s","The World's Most Important Machine","https://www.youtube.com/watch?v=MiUHjLxm3V0"
"1768103293-203","https://www.youtube.com/channel/UCwWhs_6x42TyRM4Wstoq8HA/videos","Ronny Chieng Took On Trump's J6 Pardons, Signalgate Fallout & Elon’s DMs in 2025 | The Daily Show","https://www.youtube.com/watch?v=hLH5ZT9UU_s","15 Minutes of Ronny Chieng","https://www.youtube.com/watch?v=oUUVRa2SNWU"
"1768103293-204","https://www.youtube.com/channel/UCwWhs_6x42TyRM4Wstoq8HA/videos","Ronny Chieng Took On Trump's J6 Pardons, Signalgate Fallout & Elon’s DMs in 2025 | The Daily Show","https://www.youtube.com/watch?v=hLH5ZT9UU_s","Sen. Mark Kelly - “I’m Not Backing Down” | The Daily Show","https://www.youtube.com/watch?v=fsI9ml9oF_s&pp=0gcJCU0KAYcqIYzv"
"1768103293-205","https://www.youtube.com/channel/UCwWhs_6x42TyRM4Wstoq8HA/videos","Ronny Chieng Took On Trump's J6 Pardons, Signalgate Fallout & Elon’s DMs in 2025 | The Daily Show","https://www.youtube.com/watch?v=hLH5ZT9UU_s","Undercover in North Korea (Full Episode) | Then and Now with Lisa Ling | National Geographic","https://www.youtube.com/watch?v=eLCdsXRiouE"
"1768103293-206","https://www.youtube.com/channel/UCwWhs_6x42TyRM4Wstoq8HA/videos","Ronny Chieng Took On Trump's J6 Pardons, Signalgate Fallout & Elon’s DMs in 2025 | The Daily Show","https://www.youtube.com/watch?v=hLH5ZT9UU_s","What Billionaire Tech CEOs Get Wrong About The Future, with Adam Becker","https://www.youtube.com/watch?v=o6UdRXloqGc&pp=ugUEEgJlbg%3D%3D"
"1768103293-207","https://www.youtube.com/channel/UCwWhs_6x42TyRM4Wstoq8HA/videos","Ronny Chieng Took On Trump's J6 Pardons, Signalgate Fallout & Elon’s DMs in 2025 | The Daily Show","https://www.youtube.com/watch?v=hLH5ZT9UU_s","The Daily Show","https://www.youtube.com/watch?v=vzScfW2Jq5Y&pp=sAQB"
"1768103293-208","https://www.youtube.com/channel/UCwWhs_6x42TyRM4Wstoq8HA/videos","Ronny Chieng Took On Trump's J6 Pardons, Signalgate Fallout & Elon’s DMs in 2025 | The Daily Show","https://www.youtube.com/watch?v=hLH5ZT9UU_s","Australian Fruit Is Flexing on America","https://www.youtube.com/watch?v=mMod2Di2oVo"
"1768103293-209","https://www.youtube.com/channel/UCwWhs_6x42TyRM4Wstoq8HA/videos","Ronny Chieng Took On Trump's J6 Pardons, Signalgate Fallout & Elon’s DMs in 2025 | The Daily Show","https://www.youtube.com/watch?v=hLH5ZT9UU_s","ABC World News Tonight with David Muir Full Broadcast - January 10th, 2026","https://www.youtube.com/watch?v=Wo1i5ayMCO8"
"1768103293-210","https://www.youtube.com/channel/UCwWhs_6x42TyRM4Wstoq8HA/videos","Ronny Chieng Took On Trump's J6 Pardons, Signalgate Fallout & Elon’s DMs in 2025 | The Daily Show","https://www.youtube.com/watch?v=hLH5ZT9UU_s","Artificial Intelligence in 2025 | 60 Minutes Full Episodes","https://www.youtube.com/watch?v=KpOcUrPdx-4"
"1768103293-211","https://www.youtube.com/channel/UCwWhs_6x42TyRM4Wstoq8HA/videos","Ronny Chieng Took On Trump's J6 Pardons, Signalgate Fallout & Elon’s DMs in 2025 | The Daily Show","https://www.youtube.com/watch?v=hLH5ZT9UU_s","How The Dark Web Actually Works | How Crime Works | Insider","https://www.youtube.com/watch?v=5HfeIAsQKCE"
"1768103293-212","https://www.youtube.com/channel/UCwWhs_6x42TyRM4Wstoq8HA/videos","Ronny Chieng Took On Trump's J6 Pardons, Signalgate Fallout & Elon’s DMs in 2025 | The Daily Show","https://www.youtube.com/watch?v=hLH5ZT9UU_s","Venezuela: Last Week Tonight with John Oliver (HBO)","https://www.youtube.com/watch?v=IYfgvS0FA7U"
"1768103293-213","https://www.youtube.com/channel/UCwWhs_6x42TyRM4Wstoq8HA/videos","Ronny Chieng Took On Trump's J6 Pardons, Signalgate Fallout & Elon’s DMs in 2025 | The Daily Show","https://www.youtube.com/watch?v=hLH5ZT9UU_s","How Trump sold the attack on Venezuela | The Listening Post","https://www.youtube.com/watch?v=bnKw8jPTuLo"
"1768103293-214","https://www.youtube.com/channel/UCwWhs_6x42TyRM4Wstoq8HA/videos","Ronny Chieng Took On Trump's J6 Pardons, Signalgate Fallout & Elon’s DMs in 2025 | The Daily Show","https://www.youtube.com/watch?v=hLH5ZT9UU_s","Hasan Minhaj and Ronny Chieng Rant About Each Other and Discuss Their Hasan Hates Ronny Tour","https://www.youtube.com/watch?v=fJoGq-2kgfU"
"1768103293-215","https://www.youtube.com/channel/UCwWhs_6x42TyRM4Wstoq8HA/videos","Ronny Chieng Took On Trump's J6 Pardons, Signalgate Fallout & Elon’s DMs in 2025 | The Daily Show","https://www.youtube.com/watch?v=hLH5ZT9UU_s","ICE Killing in Minnesota Ignites Protests as Trump and Kristi Noem Double Down | The Daily Show","https://www.youtube.com/watch?v=a1Yo5Bcpx5c"
"1768103293-216","https://www.youtube.com/channel/UCwWhs_6x42TyRM4Wstoq8HA/videos","Ronny Chieng Took On Trump's J6 Pardons, Signalgate Fallout & Elon’s DMs in 2025 | The Daily Show","https://www.youtube.com/watch?v=hLH5ZT9UU_s","Trump Proposes $1.5 Trillion Military Budget in 2027","https://www.youtube.com/watch?v=AHIYRXuVYDg"
"1768103293-217","https://www.youtube.com/channel/UCwWhs_6x42TyRM4Wstoq8HA/videos","Ronny Chieng Took On Trump's J6 Pardons, Signalgate Fallout & Elon’s DMs in 2025 | The Daily Show","https://www.youtube.com/watch?v=hLH5ZT9UU_s","Jimmy Kimmel Recaps the Crazy Stuff Trump Did Over the Holidays & Takes Cognitive Test Donny “ACED”","https://www.youtube.com/watch?v=X6hFZsRGm1Q&pp=ugUHEgVlbi1VUw%3D%3D"
"1768103293-218","https://www.youtube.com/channel/UCwWhs_6x42TyRM4Wstoq8HA/videos","Ronny Chieng Took On Trump's J6 Pardons, Signalgate Fallout & Elon’s DMs in 2025 | The Daily Show","https://www.youtube.com/watch?v=hLH5ZT9UU_s","Most Watched of 2021 - Key & Peele","https://www.youtube.com/watch?v=HBFMysfLlJU"
"1768103293-219","https://www.youtube.com/channel/UCwWhs_6x42TyRM4Wstoq8HA/videos","Ronny Chieng Took On Trump's J6 Pardons, Signalgate Fallout & Elon’s DMs in 2025 | The Daily Show","https://www.youtube.com/watch?v=hLH5ZT9UU_s","The Best of Desi in 2025: Trump's Ass-Kissing Cabinet, MAGA's Pope Tantrum & More | The Daily Show","https://www.youtube.com/watch?v=DeGiFF99MvA"
"1768103303-220","https://www.youtube.com/channel/UCwWhs_6x42TyRM4Wstoq8HA/videos","Jon Stewart's Best Trump Takedowns of 2025 | The Daily Show","https://www.youtube.com/watch?v=LvaHTHgY4P0&pp=0gcJCU0KAYcqIYzv","Trump Kidnaps President Maduro, Targets Venezuelan Oil & Ditches ""America First"" | The Daily Show","https://www.youtube.com/watch?v=HDSzUfMZRHE"
"1768103303-221","https://www.youtube.com/channel/UCwWhs_6x42TyRM4Wstoq8HA/videos","Jon Stewart's Best Trump Takedowns of 2025 | The Daily Show","https://www.youtube.com/watch?v=LvaHTHgY4P0&pp=0gcJCU0KAYcqIYzv","Sen. Mark Kelly - “I’m Not Backing Down” | The Daily Show","https://www.youtube.com/watch?v=fsI9ml9oF_s"
"1768103303-222","https://www.youtube.com/channel/UCwWhs_6x42TyRM4Wstoq8HA/videos","Jon Stewart's Best Trump Takedowns of 2025 | The Daily Show","https://www.youtube.com/watch?v=LvaHTHgY4P0&pp=0gcJCU0KAYcqIYzv","Dave Chappelle Stand-Up Monologue 2025 - SNL","https://www.youtube.com/watch?v=57pGarTBJrU"
"1768103303-223","https://www.youtube.com/channel/UCwWhs_6x42TyRM4Wstoq8HA/videos","Jon Stewart's Best Trump Takedowns of 2025 | The Daily Show","https://www.youtube.com/watch?v=LvaHTHgY4P0&pp=0gcJCU0KAYcqIYzv","I Skied Down Mount Everest (world first, no oxygen)","https://www.youtube.com/watch?v=cjZvFY6__qw"
"1768103303-224","https://www.youtube.com/channel/UCwWhs_6x42TyRM4Wstoq8HA/videos","Jon Stewart's Best Trump Takedowns of 2025 | The Daily Show","https://www.youtube.com/watch?v=LvaHTHgY4P0&pp=0gcJCU0KAYcqIYzv","The World's Most Important Machine","https://www.youtube.com/watch?v=MiUHjLxm3V0"
"1768103303-225","https://www.youtube.com/channel/UCwWhs_6x42TyRM4Wstoq8HA/videos","Jon Stewart's Best Trump Takedowns of 2025 | The Daily Show","https://www.youtube.com/watch?v=LvaHTHgY4P0&pp=0gcJCU0KAYcqIYzv","Artificial Intelligence in 2025 | 60 Minutes Full Episodes","https://www.youtube.com/watch?v=KpOcUrPdx-4"
"1768103303-226","https://www.youtube.com/channel/UCwWhs_6x42TyRM4Wstoq8HA/videos","Jon Stewart's Best Trump Takedowns of 2025 | The Daily Show","https://www.youtube.com/watch?v=LvaHTHgY4P0&pp=0gcJCU0KAYcqIYzv","Jon & Ronny on Maduro's Abduction, Trump's Oil Extortion & Minnesota ICE Shooting | The Daily Show","https://www.youtube.com/watch?v=iyj8hpOukfE&pp=0gcJCU0KAYcqIYzv"
"1768103303-227","https://www.youtube.com/channel/UCwWhs_6x42TyRM4Wstoq8HA/videos","Jon Stewart's Best Trump Takedowns of 2025 | The Daily Show","https://www.youtube.com/watch?v=LvaHTHgY4P0&pp=0gcJCU0KAYcqIYzv","The Daily Show","https://www.youtube.com/watch?v=vzScfW2Jq5Y&pp=sAQB"
"1768103303-228","https://www.youtube.com/channel/UCwWhs_6x42TyRM4Wstoq8HA/videos","Jon Stewart's Best Trump Takedowns of 2025 | The Daily Show","https://www.youtube.com/watch?v=LvaHTHgY4P0&pp=0gcJCU0KAYcqIYzv","Trump Delivers Scatterbrained Speech to GOP, He Guns for Greenland & 5th Anniversary of Insurrection","https://www.youtube.com/watch?v=w4-Vnatjopc"
"1768103303-229","https://www.youtube.com/channel/UCwWhs_6x42TyRM4Wstoq8HA/videos","Jon Stewart's Best Trump Takedowns of 2025 | The Daily Show","https://www.youtube.com/watch?v=LvaHTHgY4P0&pp=0gcJCU0KAYcqIYzv","Venezuela: Last Week Tonight with John Oliver (HBO)","https://www.youtube.com/watch?v=IYfgvS0FA7U"
"1768103303-230","https://www.youtube.com/channel/UCwWhs_6x42TyRM4Wstoq8HA/videos","Jon Stewart's Best Trump Takedowns of 2025 | The Daily Show","https://www.youtube.com/watch?v=LvaHTHgY4P0&pp=0gcJCU0KAYcqIYzv","Undercover in North Korea (Full Episode) | Then and Now with Lisa Ling | National Geographic","https://www.youtube.com/watch?v=eLCdsXRiouE&pp=0gcJCU0KAYcqIYzv"
"1768103303-231","https://www.youtube.com/channel/UCwWhs_6x42TyRM4Wstoq8HA/videos","Jon Stewart's Best Trump Takedowns of 2025 | The Daily Show","https://www.youtube.com/watch?v=LvaHTHgY4P0&pp=0gcJCU0KAYcqIYzv","Trump Sounds Incoherent In Rambling Press Conference","https://www.youtube.com/watch?v=l8FNl5gDP3c&pp=ugUEEgJlbg%3D%3D"
"1768103303-232","https://www.youtube.com/channel/UCwWhs_6x42TyRM4Wstoq8HA/videos","Jon Stewart's Best Trump Takedowns of 2025 | The Daily Show","https://www.youtube.com/watch?v=LvaHTHgY4P0&pp=0gcJCU0KAYcqIYzv","What Billionaire Tech CEOs Get Wrong About The Future, with Adam Becker","https://www.youtube.com/watch?v=o6UdRXloqGc&pp=ugUEEgJlbg%3D%3D"
"1768103303-233","https://www.youtube.com/channel/UCwWhs_6x42TyRM4Wstoq8HA/videos","Jon Stewart's Best Trump Takedowns of 2025 | The Daily Show","https://www.youtube.com/watch?v=LvaHTHgY4P0&pp=0gcJCU0KAYcqIYzv","Australian Fruit Is Flexing on America","https://www.youtube.com/watch?v=mMod2Di2oVo&pp=0gcJCU0KAYcqIYzv"
"1768103303-234","https://www.youtube.com/channel/UCwWhs_6x42TyRM4Wstoq8HA/videos","Jon Stewart's Best Trump Takedowns of 2025 | The Daily Show","https://www.youtube.com/watch?v=LvaHTHgY4P0&pp=0gcJCU0KAYcqIYzv","Maddow calls out the real reason Trump invaded Venezuela","https://www.youtube.com/watch?v=RiitxrHxruo"
"1768103303-235","https://www.youtube.com/channel/UCwWhs_6x42TyRM4Wstoq8HA/videos","Jon Stewart's Best Trump Takedowns of 2025 | The Daily Show","https://www.youtube.com/watch?v=LvaHTHgY4P0&pp=0gcJCU0KAYcqIYzv","ICE Killing in Minnesota Ignites Protests as Trump and Kristi Noem Double Down | The Daily Show","https://www.youtube.com/watch?v=a1Yo5Bcpx5c"
"1768103303-236","https://www.youtube.com/channel/UCwWhs_6x42TyRM4Wstoq8HA/videos","Jon Stewart's Best Trump Takedowns of 2025 | The Daily Show","https://www.youtube.com/watch?v=LvaHTHgY4P0&pp=0gcJCU0KAYcqIYzv","Stephen Colbert Makes His Feelings About CBS Very Clear","https://www.youtube.com/watch?v=36Ik9CgC1m8"
"1768103303-237","https://www.youtube.com/channel/UCwWhs_6x42TyRM4Wstoq8HA/videos","Jon Stewart's Best Trump Takedowns of 2025 | The Daily Show","https://www.youtube.com/watch?v=LvaHTHgY4P0&pp=0gcJCU0KAYcqIYzv","Jon and the News Team on Trump's Immigration Policies, Hegseth & The ""War"" on Drugs | The Daily Show","https://www.youtube.com/watch?v=cjizXp7Aj68&pp=0gcJCU0KAYcqIYzv"
"1768103303-238","https://www.youtube.com/channel/UCwWhs_6x42TyRM4Wstoq8HA/videos","Jon Stewart's Best Trump Takedowns of 2025 | The Daily Show","https://www.youtube.com/watch?v=LvaHTHgY4P0&pp=0gcJCU0KAYcqIYzv","ABC World News Tonight with David Muir Full Broadcast - January 10th, 2026","https://www.youtube.com/watch?v=Wo1i5ayMCO8"
"1768103303-239","https://www.youtube.com/channel/UCwWhs_6x42TyRM4Wstoq8HA/videos","Jon Stewart's Best Trump Takedowns of 2025 | The Daily Show","https://www.youtube.com/watch?v=LvaHTHgY4P0&pp=0gcJCU0KAYcqIYzv","Jon Stewart – One of My Favorite People - What Now? with Trevor Noah Podcast","https://www.youtube.com/watch?v=44uC12g9ZVk"
"1768103313-240","https://www.youtube.com/channel/UCwWhs_6x42TyRM4Wstoq8HA/videos","Merry Christmas from Donald Trump | The Daily Show","https://www.youtube.com/watch?v=TgyqnS2E-BY","Trump Kidnaps President Maduro, Targets Venezuelan Oil & Ditches ""America First"" | The Daily Show","https://www.youtube.com/watch?v=HDSzUfMZRHE"
"1768103313-241","https://www.youtube.com/channel/UCwWhs_6x42TyRM4Wstoq8HA/videos","Merry Christmas from Donald Trump | The Daily Show","https://www.youtube.com/watch?v=TgyqnS2E-BY","I Skied Down Mount Everest (world first, no oxygen)","https://www.youtube.com/watch?v=cjZvFY6__qw"
"1768103313-242","https://www.youtube.com/channel/UCwWhs_6x42TyRM4Wstoq8HA/videos","Merry Christmas from Donald Trump | The Daily Show","https://www.youtube.com/watch?v=TgyqnS2E-BY","The World's Most Important Machine","https://www.youtube.com/watch?v=MiUHjLxm3V0&pp=0gcJCU0KAYcqIYzv"
"1768103313-243","https://www.youtube.com/channel/UCwWhs_6x42TyRM4Wstoq8HA/videos","Merry Christmas from Donald Trump | The Daily Show","https://www.youtube.com/watch?v=TgyqnS2E-BY","A Full Day with New York City Ballet's Sugar Plum Fairy | Ask a Local | Condé Nast Traveler","https://www.youtube.com/watch?v=fa-I7iUErK0&pp=ugUHEgVlbi1VUw%3D%3D"
"1768103313-244","https://www.youtube.com/channel/UCwWhs_6x42TyRM4Wstoq8HA/videos","Merry Christmas from Donald Trump | The Daily Show","https://www.youtube.com/watch?v=TgyqnS2E-BY","How Does Melania Trump Really Feel About Christmas?","https://www.youtube.com/watch?v=vQ25e66cZF8"
"1768103313-245","https://www.youtube.com/channel/UCwWhs_6x42TyRM4Wstoq8HA/videos","Merry Christmas from Donald Trump | The Daily Show","https://www.youtube.com/watch?v=TgyqnS2E-BY","Alysa Liu makes crowd GO 'GAGA' with free skate at U.S. Figure Skating Championships | NBC Sports","https://www.youtube.com/watch?v=EEdHounzjRo"
"1768103313-246","https://www.youtube.com/channel/UCwWhs_6x42TyRM4Wstoq8HA/videos","Merry Christmas from Donald Trump | The Daily Show","https://www.youtube.com/watch?v=TgyqnS2E-BY","Jimmy Kimmel Recaps the Crazy Stuff Trump Did Over the Holidays & Takes Cognitive Test Donny “ACED”","https://www.youtube.com/watch?v=X6hFZsRGm1Q&pp=ugUHEgVlbi1VUw%3D%3D"
"1768103313-247","https://www.youtube.com/channel/UCwWhs_6x42TyRM4Wstoq8HA/videos","Merry Christmas from Donald Trump | The Daily Show","https://www.youtube.com/watch?v=TgyqnS2E-BY","The Daily Show","https://www.youtube.com/watch?v=vzScfW2Jq5Y&pp=sAQB"
"1768103313-248","https://www.youtube.com/channel/UCwWhs_6x42TyRM4Wstoq8HA/videos","Merry Christmas from Donald Trump | The Daily Show","https://www.youtube.com/watch?v=TgyqnS2E-BY","Venezuela: Last Week Tonight with John Oliver (HBO)","https://www.youtube.com/watch?v=IYfgvS0FA7U"
"1768103313-249","https://www.youtube.com/channel/UCwWhs_6x42TyRM4Wstoq8HA/videos","Merry Christmas from Donald Trump | The Daily Show","https://www.youtube.com/watch?v=TgyqnS2E-BY","One Day in the Coldest Village on Earth −71°C (−95°F)  | Yakutia, Siberia","https://www.youtube.com/watch?v=lj5GXZaE7qs&pp=ugUEEgJlbtIHCQlNCgGHKiGM7w%3D%3D"
"1768103313-250","https://www.youtube.com/channel/UCwWhs_6x42TyRM4Wstoq8HA/videos","Merry Christmas from Donald Trump | The Daily Show","https://www.youtube.com/watch?v=TgyqnS2E-BY","Sen. Mark Kelly - “I’m Not Backing Down” | The Daily Show","https://www.youtube.com/watch?v=fsI9ml9oF_s"
"1768103313-251","https://www.youtube.com/channel/UCwWhs_6x42TyRM4Wstoq8HA/videos","Merry Christmas from Donald Trump | The Daily Show","https://www.youtube.com/watch?v=TgyqnS2E-BY","Chef Show - SNL","https://www.youtube.com/watch?v=PEOZ3I2zk1E"
"1768103313-252","https://www.youtube.com/channel/UCwWhs_6x42TyRM4Wstoq8HA/videos","Merry Christmas from Donald Trump | The Daily Show","https://www.youtube.com/watch?v=TgyqnS2E-BY","Why One Oil Company Has a Head Start in Venezuela","https://www.youtube.com/watch?v=tuHUZjwt_8o"
"1768103313-253","https://www.youtube.com/channel/UCwWhs_6x42TyRM4Wstoq8HA/videos","Merry Christmas from Donald Trump | The Daily Show","https://www.youtube.com/watch?v=TgyqnS2E-BY","Jon Stewart's Best Trump Takedowns of 2025 | The Daily Show","https://www.youtube.com/watch?v=LvaHTHgY4P0"
"1768103313-254","https://www.youtube.com/channel/UCwWhs_6x42TyRM4Wstoq8HA/videos","Merry Christmas from Donald Trump | The Daily Show","https://www.youtube.com/watch?v=TgyqnS2E-BY","Michelle Obama on Gifts from Barack, Being Able to Drive Again & She Remembers Rob & Michele Reiner","https://www.youtube.com/watch?v=IqGNKbXBfPg&pp=ugUHEgVlbi1VUw%3D%3D"
"1768103313-255","https://www.youtube.com/channel/UCwWhs_6x42TyRM4Wstoq8HA/videos","Merry Christmas from Donald Trump | The Daily Show","https://www.youtube.com/watch?v=TgyqnS2E-BY","Pentagon Press Conference Cold Open - SNL","https://www.youtube.com/watch?v=WWG5YJPuGFo"
"1768103313-256","https://www.youtube.com/channel/UCwWhs_6x42TyRM4Wstoq8HA/videos","Merry Christmas from Donald Trump | The Daily Show","https://www.youtube.com/watch?v=TgyqnS2E-BY","Epstein and Friends: A Photo Album","https://www.youtube.com/watch?v=7oVCBTCIPQo"
"1768103313-257","https://www.youtube.com/channel/UCwWhs_6x42TyRM4Wstoq8HA/videos","Merry Christmas from Donald Trump | The Daily Show","https://www.youtube.com/watch?v=TgyqnS2E-BY","Bob Newhart’s German Impression Is Incredible | Carson Tonight Show","https://www.youtube.com/watch?v=AhPnpcbDcaM&pp=ugUHEgVlbi1VUw%3D%3D"
"1768103313-258","https://www.youtube.com/channel/UCwWhs_6x42TyRM4Wstoq8HA/videos","Merry Christmas from Donald Trump | The Daily Show","https://www.youtube.com/watch?v=TgyqnS2E-BY","Trump Puts the Squeeze on Venezuela's Oil & Eyes Greenland as Next Target | The Daily Show","https://www.youtube.com/watch?v=CGI1s_MU0IE"
"1768103313-259","https://www.youtube.com/channel/UCwWhs_6x42TyRM4Wstoq8HA/videos","Merry Christmas from Donald Trump | The Daily Show","https://www.youtube.com/watch?v=TgyqnS2E-BY","Tom Hanks Loves Crashing Weddings, Talks Manifesting Forrest Gump’s Success and Shocking Elvis Role","https://www.youtube.com/watch?v=k3fEwzPD72Q"
"1768103324-260","https://www.youtube.com/channel/UCwWhs_6x42TyRM4Wstoq8HA/videos","The Best of Desi in 2025: Trump's Ass-Kissing Cabinet, MAGA's Pope Tantrum & More | The Daily Show","https://www.youtube.com/watch?v=DeGiFF99MvA","Ronny Chieng Took On Trump's J6 Pardons, Signalgate Fallout & Elon’s DMs in 2025 | The Daily Show","https://www.youtube.com/watch?v=hLH5ZT9UU_s"
"1768103324-261","https://www.youtube.com/channel/UCwWhs_6x42TyRM4Wstoq8HA/videos","The Best of Desi in 2025: Trump's Ass-Kissing Cabinet, MAGA's Pope Tantrum & More | The Daily Show","https://www.youtube.com/watch?v=DeGiFF99MvA","The World's Most Important Machine","https://www.youtube.com/watch?v=MiUHjLxm3V0&pp=0gcJCU0KAYcqIYzv"
"1768103324-262","https://www.youtube.com/channel/UCwWhs_6x42TyRM4Wstoq8HA/videos","The Best of Desi in 2025: Trump's Ass-Kissing Cabinet, MAGA's Pope Tantrum & More | The Daily Show","https://www.youtube.com/watch?v=DeGiFF99MvA","Top 5 Most-Watched Pretaped Sketches | Season 49 | Saturday Night Live","https://www.youtube.com/watch?v=koqBd2H6UqU"
"1768103324-263","https://www.youtube.com/channel/UCwWhs_6x42TyRM4Wstoq8HA/videos","The Best of Desi in 2025: Trump's Ass-Kissing Cabinet, MAGA's Pope Tantrum & More | The Daily Show","https://www.youtube.com/watch?v=DeGiFF99MvA","I Skied Down Mount Everest (world first, no oxygen)","https://www.youtube.com/watch?v=cjZvFY6__qw"
"1768103324-264","https://www.youtube.com/channel/UCwWhs_6x42TyRM4Wstoq8HA/videos","The Best of Desi in 2025: Trump's Ass-Kissing Cabinet, MAGA's Pope Tantrum & More | The Daily Show","https://www.youtube.com/watch?v=DeGiFF99MvA","A Full Day with New York City Ballet's Sugar Plum Fairy | Ask a Local | Condé Nast Traveler","https://www.youtube.com/watch?v=fa-I7iUErK0&pp=ugUHEgVlbi1VUw%3D%3D"
"1768103324-265","https://www.youtube.com/channel/UCwWhs_6x42TyRM4Wstoq8HA/videos","The Best of Desi in 2025: Trump's Ass-Kissing Cabinet, MAGA's Pope Tantrum & More | The Daily Show","https://www.youtube.com/watch?v=DeGiFF99MvA","ICE Killing in Minnesota Ignites Protests as Trump and Kristi Noem Double Down | The Daily Show","https://www.youtube.com/watch?v=a1Yo5Bcpx5c&pp=0gcJCU0KAYcqIYzv"
"1768103324-266","https://www.youtube.com/channel/UCwWhs_6x42TyRM4Wstoq8HA/videos","The Best of Desi in 2025: Trump's Ass-Kissing Cabinet, MAGA's Pope Tantrum & More | The Daily Show","https://www.youtube.com/watch?v=DeGiFF99MvA","Jon & Ronny on Maduro's Abduction, Trump's Oil Extortion & Minnesota ICE Shooting | The Daily Show","https://www.youtube.com/watch?v=iyj8hpOukfE&pp=0gcJCU0KAYcqIYzv"
"1768103324-267","https://www.youtube.com/channel/UCwWhs_6x42TyRM4Wstoq8HA/videos","The Best of Desi in 2025: Trump's Ass-Kissing Cabinet, MAGA's Pope Tantrum & More | The Daily Show","https://www.youtube.com/watch?v=DeGiFF99MvA","The Daily Show","https://www.youtube.com/watch?v=vzScfW2Jq5Y&pp=sAQB"
"1768103324-268","https://www.youtube.com/channel/UCwWhs_6x42TyRM4Wstoq8HA/videos","The Best of Desi in 2025: Trump's Ass-Kissing Cabinet, MAGA's Pope Tantrum & More | The Daily Show","https://www.youtube.com/watch?v=DeGiFF99MvA","Trump Delivers Scatterbrained Speech to GOP, He Guns for Greenland & 5th Anniversary of Insurrection","https://www.youtube.com/watch?v=w4-Vnatjopc"
"1768103324-269","https://www.youtube.com/channel/UCwWhs_6x42TyRM4Wstoq8HA/videos","The Best of Desi in 2025: Trump's Ass-Kissing Cabinet, MAGA's Pope Tantrum & More | The Daily Show","https://www.youtube.com/watch?v=DeGiFF99MvA","Australian Fruit Is Flexing on America","https://www.youtube.com/watch?v=mMod2Di2oVo"
"1768103324-270","https://www.youtube.com/channel/UCwWhs_6x42TyRM4Wstoq8HA/videos","The Best of Desi in 2025: Trump's Ass-Kissing Cabinet, MAGA's Pope Tantrum & More | The Daily Show","https://www.youtube.com/watch?v=DeGiFF99MvA","Undercover in North Korea (Full Episode) | Then and Now with Lisa Ling | National Geographic","https://www.youtube.com/watch?v=eLCdsXRiouE"
"1768103324-271","https://www.youtube.com/channel/UCwWhs_6x42TyRM4Wstoq8HA/videos","The Best of Desi in 2025: Trump's Ass-Kissing Cabinet, MAGA's Pope Tantrum & More | The Daily Show","https://www.youtube.com/watch?v=DeGiFF99MvA","Sen. Mark Kelly - “I’m Not Backing Down” | The Daily Show","https://www.youtube.com/watch?v=fsI9ml9oF_s&pp=0gcJCU0KAYcqIYzv"
"1768103324-272","https://www.youtube.com/channel/UCwWhs_6x42TyRM4Wstoq8HA/videos","The Best of Desi in 2025: Trump's Ass-Kissing Cabinet, MAGA's Pope Tantrum & More | The Daily Show","https://www.youtube.com/watch?v=DeGiFF99MvA","Venezuela: Last Week Tonight with John Oliver (HBO)","https://www.youtube.com/watch?v=IYfgvS0FA7U"
"1768103324-273","https://www.youtube.com/channel/UCwWhs_6x42TyRM4Wstoq8HA/videos","The Best of Desi in 2025: Trump's Ass-Kissing Cabinet, MAGA's Pope Tantrum & More | The Daily Show","https://www.youtube.com/watch?v=DeGiFF99MvA","25 Character Intros That Couldn’t Have Been More Accurate","https://www.youtube.com/watch?v=QYGa_CtWqQE"
"1768103324-274","https://www.youtube.com/channel/UCwWhs_6x42TyRM4Wstoq8HA/videos","The Best of Desi in 2025: Trump's Ass-Kissing Cabinet, MAGA's Pope Tantrum & More | The Daily Show","https://www.youtube.com/watch?v=DeGiFF99MvA","""Any ICE Agents In!?"" - Jimmy Might Have Found a Sleeper Agent?! | Jimmy Carr Crowd Work","https://www.youtube.com/watch?v=FfWSPg9HINw"
"1768103324-275","https://www.youtube.com/channel/UCwWhs_6x42TyRM4Wstoq8HA/videos","The Best of Desi in 2025: Trump's Ass-Kissing Cabinet, MAGA's Pope Tantrum & More | The Daily Show","https://www.youtube.com/watch?v=DeGiFF99MvA","Trump Proposes $1.5 Trillion Military Budget in 2027","https://www.youtube.com/watch?v=AHIYRXuVYDg"
"1768103324-276","https://www.youtube.com/channel/UCwWhs_6x42TyRM4Wstoq8HA/videos","The Best of Desi in 2025: Trump's Ass-Kissing Cabinet, MAGA's Pope Tantrum & More | The Daily Show","https://www.youtube.com/watch?v=DeGiFF99MvA","Artificial Intelligence in 2025 | 60 Minutes Full Episodes","https://www.youtube.com/watch?v=KpOcUrPdx-4"
"1768103324-277","https://www.youtube.com/channel/UCwWhs_6x42TyRM4Wstoq8HA/videos","The Best of Desi in 2025: Trump's Ass-Kissing Cabinet, MAGA's Pope Tantrum & More | The Daily Show","https://www.youtube.com/watch?v=DeGiFF99MvA","Jimmy Kimmel Recaps the Crazy Stuff Trump Did Over the Holidays & Takes Cognitive Test Donny “ACED”","https://www.youtube.com/watch?v=X6hFZsRGm1Q&pp=ugUHEgVlbi1VUw%3D%3D"
"1768103324-278","https://www.youtube.com/channel/UCwWhs_6x42TyRM4Wstoq8HA/videos","The Best of Desi in 2025: Trump's Ass-Kissing Cabinet, MAGA's Pope Tantrum & More | The Daily Show","https://www.youtube.com/watch?v=DeGiFF99MvA","Jordan Klepper Fingers the Pulse: Give the Man a Prize | The Daily Show","https://www.youtube.com/watch?v=JdvSonnYw-E"
"1768103324-279","https://www.youtube.com/channel/UCwWhs_6x42TyRM4Wstoq8HA/videos","The Best of Desi in 2025: Trump's Ass-Kissing Cabinet, MAGA's Pope Tantrum & More | The Daily Show","https://www.youtube.com/watch?v=DeGiFF99MvA","Klepper on Trump's Tylenol Tirade and Elon's DOGE-baggery | The Daily Show","https://www.youtube.com/watch?v=fBLlN1LaJTU"
"1768103334-280","https://www.youtube.com/channel/UCwWhs_6x42TyRM4Wstoq8HA/videos","Josh Johnson on Trump's Epstein Scandal, MAGA Meltdowns & Hopes for Heaven in 2025 | The Daily Show","https://www.youtube.com/watch?v=ZsApbhG2cRY","Sen. Mark Kelly - “I’m Not Backing Down” | The Daily Show","https://www.youtube.com/watch?v=fsI9ml9oF_s&pp=0gcJCU0KAYcqIYzv"
"1768103334-281","https://www.youtube.com/channel/UCwWhs_6x42TyRM4Wstoq8HA/videos","Josh Johnson on Trump's Epstein Scandal, MAGA Meltdowns & Hopes for Heaven in 2025 | The Daily Show","https://www.youtube.com/watch?v=ZsApbhG2cRY","Jon & Ronny on Maduro's Abduction, Trump's Oil Extortion & Minnesota ICE Shooting | The Daily Show","https://www.youtube.com/watch?v=iyj8hpOukfE"
"1768103334-282","https://www.youtube.com/channel/UCwWhs_6x42TyRM4Wstoq8HA/videos","Josh Johnson on Trump's Epstein Scandal, MAGA Meltdowns & Hopes for Heaven in 2025 | The Daily Show","https://www.youtube.com/watch?v=ZsApbhG2cRY","The Vanity (Completely) Fair Photoshoot","https://www.youtube.com/watch?v=8Ep-gTKaa0o"
"1768103334-283","https://www.youtube.com/channel/UCwWhs_6x42TyRM4Wstoq8HA/videos","Josh Johnson on Trump's Epstein Scandal, MAGA Meltdowns & Hopes for Heaven in 2025 | The Daily Show","https://www.youtube.com/watch?v=ZsApbhG2cRY","The Best of Desi in 2025: Trump's Ass-Kissing Cabinet, MAGA's Pope Tantrum & More | The Daily Show","https://www.youtube.com/watch?v=DeGiFF99MvA&pp=0gcJCU0KAYcqIYzv"
"1768103334-284","https://www.youtube.com/channel/UCwWhs_6x42TyRM4Wstoq8HA/videos","Josh Johnson on Trump's Epstein Scandal, MAGA Meltdowns & Hopes for Heaven in 2025 | The Daily Show","https://www.youtube.com/watch?v=ZsApbhG2cRY","Trump’s Venezuela Money Grab, Problem Falling Asleep in Meetings & Unarmed Woman Killed by ICE","https://www.youtube.com/watch?v=x03ZxnzfgNA&pp=ugUHEgVlbi1VUw%3D%3D"
"1768103334-285","https://www.youtube.com/channel/UCwWhs_6x42TyRM4Wstoq8HA/videos","Josh Johnson on Trump's Epstein Scandal, MAGA Meltdowns & Hopes for Heaven in 2025 | The Daily Show","https://www.youtube.com/watch?v=ZsApbhG2cRY","Epstein and Friends: A Photo Album","https://www.youtube.com/watch?v=7oVCBTCIPQo"
"1768103334-286","https://www.youtube.com/channel/UCwWhs_6x42TyRM4Wstoq8HA/videos","Josh Johnson on Trump's Epstein Scandal, MAGA Meltdowns & Hopes for Heaven in 2025 | The Daily Show","https://www.youtube.com/watch?v=ZsApbhG2cRY","50 Goes #1 on Netflix with Diddy Doc","https://www.youtube.com/watch?v=ZlAgdQaUt38"
"1768103334-287","https://www.youtube.com/channel/UCwWhs_6x42TyRM4Wstoq8HA/videos","Josh Johnson on Trump's Epstein Scandal, MAGA Meltdowns & Hopes for Heaven in 2025 | The Daily Show","https://www.youtube.com/watch?v=ZsApbhG2cRY","The Daily Show","https://www.youtube.com/watch?v=vzScfW2Jq5Y&pp=sAQB"
"1768103334-288","https://www.youtube.com/channel/UCwWhs_6x42TyRM4Wstoq8HA/videos","Josh Johnson on Trump's Epstein Scandal, MAGA Meltdowns & Hopes for Heaven in 2025 | The Daily Show","https://www.youtube.com/watch?v=ZsApbhG2cRY","Undercover in North Korea (Full Episode) | Then and Now with Lisa Ling | National Geographic","https://www.youtube.com/watch?v=eLCdsXRiouE"
"1768103334-289","https://www.youtube.com/channel/UCwWhs_6x42TyRM4Wstoq8HA/videos","Josh Johnson on Trump's Epstein Scandal, MAGA Meltdowns & Hopes for Heaven in 2025 | The Daily Show","https://www.youtube.com/watch?v=ZsApbhG2cRY","Surviving Epstein: Lisa Phillips Opens Up About Grooming, Power, and Speaking Her Truth","https://www.youtube.com/watch?v=j8z2S4I5Mew"
"1768103334-290","https://www.youtube.com/channel/UCwWhs_6x42TyRM4Wstoq8HA/videos","Josh Johnson on Trump's Epstein Scandal, MAGA Meltdowns & Hopes for Heaven in 2025 | The Daily Show","https://www.youtube.com/watch?v=ZsApbhG2cRY","Venezuela: Last Week Tonight with John Oliver (HBO)","https://www.youtube.com/watch?v=IYfgvS0FA7U"
"1768103334-291","https://www.youtube.com/channel/UCwWhs_6x42TyRM4Wstoq8HA/videos","Josh Johnson on Trump's Epstein Scandal, MAGA Meltdowns & Hopes for Heaven in 2025 | The Daily Show","https://www.youtube.com/watch?v=ZsApbhG2cRY","What Billionaire Tech CEOs Get Wrong About The Future, with Adam Becker","https://www.youtube.com/watch?v=o6UdRXloqGc&pp=ugUEEgJlbtIHCQlNCgGHKiGM7w%3D%3D"
"1768103334-292","https://www.youtube.com/channel/UCwWhs_6x42TyRM4Wstoq8HA/videos","Josh Johnson on Trump's Epstein Scandal, MAGA Meltdowns & Hopes for Heaven in 2025 | The Daily Show","https://www.youtube.com/watch?v=ZsApbhG2cRY","48 Minutes of Jimmy O. Yang | Guess How Much?","https://www.youtube.com/watch?v=_MX7jvKoLsM"
"1768103334-293","https://www.youtube.com/channel/UCwWhs_6x42TyRM4Wstoq8HA/videos","Josh Johnson on Trump's Epstein Scandal, MAGA Meltdowns & Hopes for Heaven in 2025 | The Daily Show","https://www.youtube.com/watch?v=ZsApbhG2cRY","Trump Proposes $1.5 Trillion Military Budget in 2027","https://www.youtube.com/watch?v=AHIYRXuVYDg"
"1768103334-294","https://www.youtube.com/channel/UCwWhs_6x42TyRM4Wstoq8HA/videos","Josh Johnson on Trump's Epstein Scandal, MAGA Meltdowns & Hopes for Heaven in 2025 | The Daily Show","https://www.youtube.com/watch?v=ZsApbhG2cRY","Maddow calls out the real reason Trump invaded Venezuela","https://www.youtube.com/watch?v=RiitxrHxruo"
"1768103334-295","https://www.youtube.com/channel/UCwWhs_6x42TyRM4Wstoq8HA/videos","Josh Johnson on Trump's Epstein Scandal, MAGA Meltdowns & Hopes for Heaven in 2025 | The Daily Show","https://www.youtube.com/watch?v=ZsApbhG2cRY","50 Cent on obtaining ‘Diddy’ footage, docuseries, more","https://www.youtube.com/watch?v=V1bd1ypBfw8&pp=ugUHEgVlbi1VUw%3D%3D"
"1768103334-296","https://www.youtube.com/channel/UCwWhs_6x42TyRM4Wstoq8HA/videos","Josh Johnson on Trump's Epstein Scandal, MAGA Meltdowns & Hopes for Heaven in 2025 | The Daily Show","https://www.youtube.com/watch?v=ZsApbhG2cRY","Trump Kidnaps President Maduro, Targets Venezuelan Oil & Ditches ""America First"" | The Daily Show","https://www.youtube.com/watch?v=HDSzUfMZRHE"
"1768103334-297","https://www.youtube.com/channel/UCwWhs_6x42TyRM4Wstoq8HA/videos","Josh Johnson on Trump's Epstein Scandal, MAGA Meltdowns & Hopes for Heaven in 2025 | The Daily Show","https://www.youtube.com/watch?v=ZsApbhG2cRY","Artificial Intelligence in 2025 | 60 Minutes Full Episodes","https://www.youtube.com/watch?v=KpOcUrPdx-4&pp=0gcJCU0KAYcqIYzv"
"1768103334-298","https://www.youtube.com/channel/UCwWhs_6x42TyRM4Wstoq8HA/videos","Josh Johnson on Trump's Epstein Scandal, MAGA Meltdowns & Hopes for Heaven in 2025 | The Daily Show","https://www.youtube.com/watch?v=ZsApbhG2cRY","Jordan Klepper Fingers the Pulse: Give the Man a Prize | The Daily Show","https://www.youtube.com/watch?v=JdvSonnYw-E"
"1768103334-299","https://www.youtube.com/channel/UCwWhs_6x42TyRM4Wstoq8HA/videos","Josh Johnson on Trump's Epstein Scandal, MAGA Meltdowns & Hopes for Heaven in 2025 | The Daily Show","https://www.youtube.com/watch?v=ZsApbhG2cRY","Why AI is Overrated - with Neil deGrasse Tyson","https://www.youtube.com/watch?v=BYizgB2FcAQ"
"1768103344-300","https://www.youtube.com/channel/UCwWhs_6x42TyRM4Wstoq8HA/videos","Michael Kosta Conquered Trump’s Feuds, Pardons & ""Groceries"" Obsession in 2025 | The Daily Show","https://www.youtube.com/watch?v=iXMYU3G4MwU","The Best of Desi in 2025: Trump's Ass-Kissing Cabinet, MAGA's Pope Tantrum & More | The Daily Show","https://www.youtube.com/watch?v=DeGiFF99MvA"
"1768103344-301","https://www.youtube.com/channel/UCwWhs_6x42TyRM4Wstoq8HA/videos","Michael Kosta Conquered Trump’s Feuds, Pardons & ""Groceries"" Obsession in 2025 | The Daily Show","https://www.youtube.com/watch?v=iXMYU3G4MwU","Jon & Ronny on Maduro's Abduction, Trump's Oil Extortion & Minnesota ICE Shooting | The Daily Show","https://www.youtube.com/watch?v=iyj8hpOukfE"
"1768103344-302","https://www.youtube.com/channel/UCwWhs_6x42TyRM4Wstoq8HA/videos","Michael Kosta Conquered Trump’s Feuds, Pardons & ""Groceries"" Obsession in 2025 | The Daily Show","https://www.youtube.com/watch?v=iXMYU3G4MwU","The World's Most Important Machine","https://www.youtube.com/watch?v=MiUHjLxm3V0"
"1768103344-303","https://www.youtube.com/channel/UCwWhs_6x42TyRM4Wstoq8HA/videos","Michael Kosta Conquered Trump’s Feuds, Pardons & ""Groceries"" Obsession in 2025 | The Daily Show","https://www.youtube.com/watch?v=iXMYU3G4MwU","The Vanity (Completely) Fair Photoshoot","https://www.youtube.com/watch?v=8Ep-gTKaa0o"
"1768103344-304","https://www.youtube.com/channel/UCwWhs_6x42TyRM4Wstoq8HA/videos","Michael Kosta Conquered Trump’s Feuds, Pardons & ""Groceries"" Obsession in 2025 | The Daily Show","https://www.youtube.com/watch?v=iXMYU3G4MwU","Sen. Mark Kelly - “I’m Not Backing Down” | The Daily Show","https://www.youtube.com/watch?v=fsI9ml9oF_s"
"1768103344-305","https://www.youtube.com/channel/UCwWhs_6x42TyRM4Wstoq8HA/videos","Michael Kosta Conquered Trump’s Feuds, Pardons & ""Groceries"" Obsession in 2025 | The Daily Show","https://www.youtube.com/watch?v=iXMYU3G4MwU","Undercover in North Korea (Full Episode) | Then and Now with Lisa Ling | National Geographic","https://www.youtube.com/watch?v=eLCdsXRiouE"
"1768103344-306","https://www.youtube.com/channel/UCwWhs_6x42TyRM4Wstoq8HA/videos","Michael Kosta Conquered Trump’s Feuds, Pardons & ""Groceries"" Obsession in 2025 | The Daily Show","https://www.youtube.com/watch?v=iXMYU3G4MwU","Venezuela: Last Week Tonight with John Oliver (HBO)","https://www.youtube.com/watch?v=IYfgvS0FA7U"
"1768103344-307","https://www.youtube.com/channel/UCwWhs_6x42TyRM4Wstoq8HA/videos","Michael Kosta Conquered Trump’s Feuds, Pardons & ""Groceries"" Obsession in 2025 | The Daily Show","https://www.youtube.com/watch?v=iXMYU3G4MwU","The Daily Show","https://www.youtube.com/watch?v=vzScfW2Jq5Y&pp=sAQB"
"1768103344-308","https://www.youtube.com/channel/UCwWhs_6x42TyRM4Wstoq8HA/videos","Michael Kosta Conquered Trump’s Feuds, Pardons & ""Groceries"" Obsession in 2025 | The Daily Show","https://www.youtube.com/watch?v=iXMYU3G4MwU","MS NOW Highlights - Jan. 10","https://www.youtube.com/watch?v=gO6KCs8kmi8"
"1768103344-309","https://www.youtube.com/channel/UCwWhs_6x42TyRM4Wstoq8HA/videos","Michael Kosta Conquered Trump’s Feuds, Pardons & ""Groceries"" Obsession in 2025 | The Daily Show","https://www.youtube.com/watch?v=iXMYU3G4MwU","Epstein and Friends: A Photo Album","https://www.youtube.com/watch?v=7oVCBTCIPQo"
"1768103344-310","https://www.youtube.com/channel/UCwWhs_6x42TyRM4Wstoq8HA/videos","Michael Kosta Conquered Trump’s Feuds, Pardons & ""Groceries"" Obsession in 2025 | The Daily Show","https://www.youtube.com/watch?v=iXMYU3G4MwU","Artificial Intelligence in 2025 | 60 Minutes Full Episodes","https://www.youtube.com/watch?v=KpOcUrPdx-4"
"1768103344-311","https://www.youtube.com/channel/UCwWhs_6x42TyRM4Wstoq8HA/videos","Michael Kosta Conquered Trump’s Feuds, Pardons & ""Groceries"" Obsession in 2025 | The Daily Show","https://www.youtube.com/watch?v=iXMYU3G4MwU","ABC World News Tonight with David Muir Full Broadcast - January 10th, 2026","https://www.youtube.com/watch?v=Wo1i5ayMCO8"
"1768103344-312","https://www.youtube.com/channel/UCwWhs_6x42TyRM4Wstoq8HA/videos","Michael Kosta Conquered Trump’s Feuds, Pardons & ""Groceries"" Obsession in 2025 | The Daily Show","https://www.youtube.com/watch?v=iXMYU3G4MwU","Why One Oil Company Has a Head Start in Venezuela","https://www.youtube.com/watch?v=tuHUZjwt_8o"
"1768103344-313","https://www.youtube.com/channel/UCwWhs_6x42TyRM4Wstoq8HA/videos","Michael Kosta Conquered Trump’s Feuds, Pardons & ""Groceries"" Obsession in 2025 | The Daily Show","https://www.youtube.com/watch?v=iXMYU3G4MwU","Jon and the News Team on Trump's Immigration Policies, Hegseth & The ""War"" on Drugs | The Daily Show","https://www.youtube.com/watch?v=cjizXp7Aj68&pp=0gcJCU0KAYcqIYzv"
"1768103344-314","https://www.youtube.com/channel/UCwWhs_6x42TyRM4Wstoq8HA/videos","Michael Kosta Conquered Trump’s Feuds, Pardons & ""Groceries"" Obsession in 2025 | The Daily Show","https://www.youtube.com/watch?v=iXMYU3G4MwU","Why Canada Will NEVER Be The 51st State","https://www.youtube.com/watch?v=5TSmBUl0sPY&pp=0gcJCU0KAYcqIYzv"
"1768103344-315","https://www.youtube.com/channel/UCwWhs_6x42TyRM4Wstoq8HA/videos","Michael Kosta Conquered Trump’s Feuds, Pardons & ""Groceries"" Obsession in 2025 | The Daily Show","https://www.youtube.com/watch?v=iXMYU3G4MwU","Jordan Klepper Fingers the Pulse: Give the Man a Prize | The Daily Show","https://www.youtube.com/watch?v=JdvSonnYw-E"
"1768103344-316","https://www.youtube.com/channel/UCwWhs_6x42TyRM4Wstoq8HA/videos","Michael Kosta Conquered Trump’s Feuds, Pardons & ""Groceries"" Obsession in 2025 | The Daily Show","https://www.youtube.com/watch?v=iXMYU3G4MwU","25 Character Intros That Couldn’t Have Been More Accurate","https://www.youtube.com/watch?v=QYGa_CtWqQE"
"1768103344-317","https://www.youtube.com/channel/UCwWhs_6x42TyRM4Wstoq8HA/videos","Michael Kosta Conquered Trump’s Feuds, Pardons & ""Groceries"" Obsession in 2025 | The Daily Show","https://www.youtube.com/watch?v=iXMYU3G4MwU","Trump Proposes $1.5 Trillion Military Budget in 2027","https://www.youtube.com/watch?v=AHIYRXuVYDg"
"1768103344-318","https://www.youtube.com/channel/UCwWhs_6x42TyRM4Wstoq8HA/videos","Michael Kosta Conquered Trump’s Feuds, Pardons & ""Groceries"" Obsession in 2025 | The Daily Show","https://www.youtube.com/watch?v=iXMYU3G4MwU","Klepper on Trump's Tylenol Tirade and Elon's DOGE-baggery | The Daily Show","https://www.youtube.com/watch?v=fBLlN1LaJTU"
"1768103344-319","https://www.youtube.com/channel/UCwWhs_6x42TyRM4Wstoq8HA/videos","Michael Kosta Conquered Trump’s Feuds, Pardons & ""Groceries"" Obsession in 2025 | The Daily Show","https://www.youtube.com/watch?v=iXMYU3G4MwU","Jimmy Kimmel Recaps the Crazy Stuff Trump Did Over the Holidays & Takes Cognitive Test Donny “ACED”","https://www.youtube.com/watch?v=X6hFZsRGm1Q&pp=ugUHEgVlbi1VUw%3D%3D"
"1768103354-320","https://www.youtube.com/channel/UCwWhs_6x42TyRM4Wstoq8HA/videos","Klepper on Trump's Tylenol Tirade and Elon's DOGE-baggery | The Daily Show","https://www.youtube.com/watch?v=fBLlN1LaJTU","Jon & Ronny on Maduro's Abduction, Trump's Oil Extortion & Minnesota ICE Shooting | The Daily Show","https://www.youtube.com/watch?v=iyj8hpOukfE&pp=0gcJCU0KAYcqIYzv"
"1768103354-321","https://www.youtube.com/channel/UCwWhs_6x42TyRM4Wstoq8HA/videos","Klepper on Trump's Tylenol Tirade and Elon's DOGE-baggery | The Daily Show","https://www.youtube.com/watch?v=fBLlN1LaJTU","The Vanity (Completely) Fair Photoshoot","https://www.youtube.com/watch?v=8Ep-gTKaa0o"
"1768103354-322","https://www.youtube.com/channel/UCwWhs_6x42TyRM4Wstoq8HA/videos","Klepper on Trump's Tylenol Tirade and Elon's DOGE-baggery | The Daily Show","https://www.youtube.com/watch?v=fBLlN1LaJTU","Jordan Klepper Fingers the Pulse: Give the Man a Prize | The Daily Show","https://www.youtube.com/watch?v=JdvSonnYw-E"
"1768103354-323","https://www.youtube.com/channel/UCwWhs_6x42TyRM4Wstoq8HA/videos","Klepper on Trump's Tylenol Tirade and Elon's DOGE-baggery | The Daily Show","https://www.youtube.com/watch?v=fBLlN1LaJTU","Michelle Obama on Gifts from Barack, Being Able to Drive Again & She Remembers Rob & Michele Reiner","https://www.youtube.com/watch?v=IqGNKbXBfPg&pp=ugUHEgVlbi1VU9IHCQlNCgGHKiGM7w%3D%3D"
"1768103354-324","https://www.youtube.com/channel/UCwWhs_6x42TyRM4Wstoq8HA/videos","Klepper on Trump's Tylenol Tirade and Elon's DOGE-baggery | The Daily Show","https://www.youtube.com/watch?v=fBLlN1LaJTU","Sen. Mark Kelly - “I’m Not Backing Down” | The Daily Show","https://www.youtube.com/watch?v=fsI9ml9oF_s&pp=0gcJCU0KAYcqIYzv"
"1768103354-325","https://www.youtube.com/channel/UCwWhs_6x42TyRM4Wstoq8HA/videos","Klepper on Trump's Tylenol Tirade and Elon's DOGE-baggery | The Daily Show","https://www.youtube.com/watch?v=fBLlN1LaJTU","Lip Sync Battle with Will Ferrell, Kevin Hart and Jimmy Fallon | Fallon Flashback","https://www.youtube.com/watch?v=_uRlE-PeWIA"
"1768103354-326","https://www.youtube.com/channel/UCwWhs_6x42TyRM4Wstoq8HA/videos","Klepper on Trump's Tylenol Tirade and Elon's DOGE-baggery | The Daily Show","https://www.youtube.com/watch?v=fBLlN1LaJTU","Venezuela: Last Week Tonight with John Oliver (HBO)","https://www.youtube.com/watch?v=IYfgvS0FA7U"
"1768103354-327","https://www.youtube.com/channel/UCwWhs_6x42TyRM4Wstoq8HA/videos","Klepper on Trump's Tylenol Tirade and Elon's DOGE-baggery | The Daily Show","https://www.youtube.com/watch?v=fBLlN1LaJTU","The Daily Show","https://www.youtube.com/watch?v=vzScfW2Jq5Y&pp=sAQB"
"1768103354-328","https://www.youtube.com/channel/UCwWhs_6x42TyRM4Wstoq8HA/videos","Klepper on Trump's Tylenol Tirade and Elon's DOGE-baggery | The Daily Show","https://www.youtube.com/watch?v=fBLlN1LaJTU","Artificial Intelligence in 2025 | 60 Minutes Full Episodes","https://www.youtube.com/watch?v=KpOcUrPdx-4"
"1768103354-329","https://www.youtube.com/channel/UCwWhs_6x42TyRM4Wstoq8HA/videos","Klepper on Trump's Tylenol Tirade and Elon's DOGE-baggery | The Daily Show","https://www.youtube.com/watch?v=fBLlN1LaJTU","Epstein and Friends: A Photo Album","https://www.youtube.com/watch?v=7oVCBTCIPQo&pp=0gcJCU0KAYcqIYzv"
"1768103354-330","https://www.youtube.com/channel/UCwWhs_6x42TyRM4Wstoq8HA/videos","Klepper on Trump's Tylenol Tirade and Elon's DOGE-baggery | The Daily Show","https://www.youtube.com/watch?v=fBLlN1LaJTU","The World's Most Important Machine","https://www.youtube.com/watch?v=MiUHjLxm3V0"
"1768103354-331","https://www.youtube.com/channel/UCwWhs_6x42TyRM4Wstoq8HA/videos","Klepper on Trump's Tylenol Tirade and Elon's DOGE-baggery | The Daily Show","https://www.youtube.com/watch?v=fBLlN1LaJTU","Owner Snaps At Waitress For Telling The Truth | Kitchen Nightmares FULL EPISODE","https://www.youtube.com/watch?v=ozj4T5M5GTk&pp=ugUEEgJlbg%3D%3D"
"1768103354-332","https://www.youtube.com/channel/UCwWhs_6x42TyRM4Wstoq8HA/videos","Klepper on Trump's Tylenol Tirade and Elon's DOGE-baggery | The Daily Show","https://www.youtube.com/watch?v=fBLlN1LaJTU","Trump Sounds Incoherent In Rambling Press Conference","https://www.youtube.com/watch?v=l8FNl5gDP3c&pp=ugUEEgJlbg%3D%3D"
"1768103354-333","https://www.youtube.com/channel/UCwWhs_6x42TyRM4Wstoq8HA/videos","Klepper on Trump's Tylenol Tirade and Elon's DOGE-baggery | The Daily Show","https://www.youtube.com/watch?v=fBLlN1LaJTU","Trump Proposes $1.5 Trillion Military Budget in 2027","https://www.youtube.com/watch?v=AHIYRXuVYDg"
"1768103354-334","https://www.youtube.com/channel/UCwWhs_6x42TyRM4Wstoq8HA/videos","Klepper on Trump's Tylenol Tirade and Elon's DOGE-baggery | The Daily Show","https://www.youtube.com/watch?v=fBLlN1LaJTU","Saudi Comedy Festival, Charlie Kirk - Between the Scenes","https://www.youtube.com/watch?v=U9bfuM7YR2U"
"1768103354-335","https://www.youtube.com/channel/UCwWhs_6x42TyRM4Wstoq8HA/videos","Klepper on Trump's Tylenol Tirade and Elon's DOGE-baggery | The Daily Show","https://www.youtube.com/watch?v=fBLlN1LaJTU","Undercover in North Korea (Full Episode) | Then and Now with Lisa Ling | National Geographic","https://www.youtube.com/watch?v=eLCdsXRiouE"
"1768103354-336","https://www.youtube.com/channel/UCwWhs_6x42TyRM4Wstoq8HA/videos","Klepper on Trump's Tylenol Tirade and Elon's DOGE-baggery | The Daily Show","https://www.youtube.com/watch?v=fBLlN1LaJTU","Michael Kosta Conquered Trump’s Feuds, Pardons & ""Groceries"" Obsession in 2025 | The Daily Show","https://www.youtube.com/watch?v=iXMYU3G4MwU"
"1768103354-337","https://www.youtube.com/channel/UCwWhs_6x42TyRM4Wstoq8HA/videos","Klepper on Trump's Tylenol Tirade and Elon's DOGE-baggery | The Daily Show","https://www.youtube.com/watch?v=fBLlN1LaJTU","Jimmy Kimmel Recaps the Crazy Stuff Trump Did Over the Holidays & Takes Cognitive Test Donny “ACED”","https://www.youtube.com/watch?v=X6hFZsRGm1Q&pp=ugUHEgVlbi1VUw%3D%3D"
"1768103354-338","https://www.youtube.com/channel/UCwWhs_6x42TyRM4Wstoq8HA/videos","Klepper on Trump's Tylenol Tirade and Elon's DOGE-baggery | The Daily Show","https://www.youtube.com/watch?v=fBLlN1LaJTU","Jon Stewart – One of My Favorite People - What Now? with Trevor Noah Podcast","https://www.youtube.com/watch?v=44uC12g9ZVk"
"1768103354-339","https://www.youtube.com/channel/UCwWhs_6x42TyRM4Wstoq8HA/videos","Klepper on Trump's Tylenol Tirade and Elon's DOGE-baggery | The Daily Show","https://www.youtube.com/watch?v=fBLlN1LaJTU","Top 5 Most-Watched Live Sketches | Season 49 | Saturday Night Live","https://www.youtube.com/watch?v=8Ad5WHtYjw4"
"1768103364-340","https://www.youtube.com/channel/UCwWhs_6x42TyRM4Wstoq8HA/videos","Sen. Mark Kelly Fires Back at Pete Hegseth's Move to Punish Him | The Daily Show","https://www.youtube.com/watch?v=VYmVxp8meNg","Sen. Mark Kelly - “I’m Not Backing Down” | The Daily Show","https://www.youtube.com/watch?v=fsI9ml9oF_s"
"1768103364-341","https://www.youtube.com/channel/UCwWhs_6x42TyRM4Wstoq8HA/videos","Sen. Mark Kelly Fires Back at Pete Hegseth's Move to Punish Him | The Daily Show","https://www.youtube.com/watch?v=VYmVxp8meNg","Trump Kidnaps President Maduro, Targets Venezuelan Oil & Ditches ""America First"" | The Daily Show","https://www.youtube.com/watch?v=HDSzUfMZRHE"
"1768103364-342","https://www.youtube.com/channel/UCwWhs_6x42TyRM4Wstoq8HA/videos","Sen. Mark Kelly Fires Back at Pete Hegseth's Move to Punish Him | The Daily Show","https://www.youtube.com/watch?v=VYmVxp8meNg","I have some good news and some bad news","https://www.youtube.com/watch?v=4oWjBtBVoNY"
"1768103364-343","https://www.youtube.com/channel/UCwWhs_6x42TyRM4Wstoq8HA/videos","Sen. Mark Kelly Fires Back at Pete Hegseth's Move to Punish Him | The Daily Show","https://www.youtube.com/watch?v=VYmVxp8meNg","Jim Gaffigan: How Dads Vacation | Jim Gaffigan","https://www.youtube.com/watch?v=E_kvSXbvNqU&pp=ugUEEgJlbg%3D%3D"
"1768103364-344","https://www.youtube.com/channel/UCwWhs_6x42TyRM4Wstoq8HA/videos","Sen. Mark Kelly Fires Back at Pete Hegseth's Move to Punish Him | The Daily Show","https://www.youtube.com/watch?v=VYmVxp8meNg","Venezuela: Last Week Tonight with John Oliver (HBO)","https://www.youtube.com/watch?v=IYfgvS0FA7U"
"1768103364-345","https://www.youtube.com/channel/UCwWhs_6x42TyRM4Wstoq8HA/videos","Sen. Mark Kelly Fires Back at Pete Hegseth's Move to Punish Him | The Daily Show","https://www.youtube.com/watch?v=VYmVxp8meNg","'I'm sick of stupid!' | Republican Thom Tillis' SCATHING message to Stephen Miller","https://www.youtube.com/watch?v=Qyzzj_a7Tnw"
"1768103364-346","https://www.youtube.com/channel/UCwWhs_6x42TyRM4Wstoq8HA/videos","Sen. Mark Kelly Fires Back at Pete Hegseth's Move to Punish Him | The Daily Show","https://www.youtube.com/watch?v=VYmVxp8meNg","Hegseth Gets Visibly Uncomfortable As Mark Kelly Recounts His ‘Strip Club Scandal’ | Rewind 2025","https://www.youtube.com/watch?v=RYnu0xOhrkY&pp=ugUHEgVlbi1JTg%3D%3D"
"1768103364-347","https://www.youtube.com/channel/UCwWhs_6x42TyRM4Wstoq8HA/videos","Sen. Mark Kelly Fires Back at Pete Hegseth's Move to Punish Him | The Daily Show","https://www.youtube.com/watch?v=VYmVxp8meNg","The Daily Show","https://www.youtube.com/watch?v=vzScfW2Jq5Y&pp=sAQB"
"1768103364-348","https://www.youtube.com/channel/UCwWhs_6x42TyRM4Wstoq8HA/videos","Sen. Mark Kelly Fires Back at Pete Hegseth's Move to Punish Him | The Daily Show","https://www.youtube.com/watch?v=VYmVxp8meNg","Lucy Liu - “Rosemead” | The Daily Show","https://www.youtube.com/watch?v=gD_6EMf1YRQ"
"1768103364-349","https://www.youtube.com/channel/UCwWhs_6x42TyRM4Wstoq8HA/videos","Sen. Mark Kelly Fires Back at Pete Hegseth's Move to Punish Him | The Daily Show","https://www.youtube.com/watch?v=VYmVxp8meNg","New Barista Training - SNL","https://www.youtube.com/watch?v=Tn7g2cn7iBo"
"1768103364-350","https://www.youtube.com/channel/UCwWhs_6x42TyRM4Wstoq8HA/videos","Sen. Mark Kelly Fires Back at Pete Hegseth's Move to Punish Him | The Daily Show","https://www.youtube.com/watch?v=VYmVxp8meNg","The Lie So Dangerous Tesla Engineers Are Quitting","https://www.youtube.com/watch?v=6ltU9q1pKKM"
"1768103364-351","https://www.youtube.com/channel/UCwWhs_6x42TyRM4Wstoq8HA/videos","Sen. Mark Kelly Fires Back at Pete Hegseth's Move to Punish Him | The Daily Show","https://www.youtube.com/watch?v=VYmVxp8meNg","Maddow calls out the real reason Trump invaded Venezuela","https://www.youtube.com/watch?v=RiitxrHxruo"
"1768103364-352","https://www.youtube.com/channel/UCwWhs_6x42TyRM4Wstoq8HA/videos","Sen. Mark Kelly Fires Back at Pete Hegseth's Move to Punish Him | The Daily Show","https://www.youtube.com/watch?v=VYmVxp8meNg","Mark Kelly drops BOMB on Pete Hegseth for trying to downgrade his rank","https://www.youtube.com/watch?v=26fV3ovDlF8&pp=ugUEEgJlbtIHCQlNCgGHKiGM7w%3D%3D"
"1768103364-353","https://www.youtube.com/channel/UCwWhs_6x42TyRM4Wstoq8HA/videos","Sen. Mark Kelly Fires Back at Pete Hegseth's Move to Punish Him | The Daily Show","https://www.youtube.com/watch?v=VYmVxp8meNg","Hear Sen. Mark Kelly’s response to Pete Hegseth moving to cut his retirement pay","https://www.youtube.com/watch?v=VBqNKVbmpF8"
"1768103364-354","https://www.youtube.com/channel/UCwWhs_6x42TyRM4Wstoq8HA/videos","Sen. Mark Kelly Fires Back at Pete Hegseth's Move to Punish Him | The Daily Show","https://www.youtube.com/watch?v=VYmVxp8meNg","Jimmy Kimmel Recaps the Crazy Stuff Trump Did Over the Holidays & Takes Cognitive Test Donny “ACED”","https://www.youtube.com/watch?v=X6hFZsRGm1Q&pp=ugUHEgVlbi1VUw%3D%3D"
"1768103364-355","https://www.youtube.com/channel/UCwWhs_6x42TyRM4Wstoq8HA/videos","Sen. Mark Kelly Fires Back at Pete Hegseth's Move to Punish Him | The Daily Show","https://www.youtube.com/watch?v=VYmVxp8meNg","Jury Duty - SNL","https://www.youtube.com/watch?v=TrdJQJ_RXrQ"
"1768103364-356","https://www.youtube.com/channel/UCwWhs_6x42TyRM4Wstoq8HA/videos","Sen. Mark Kelly Fires Back at Pete Hegseth's Move to Punish Him | The Daily Show","https://www.youtube.com/watch?v=VYmVxp8meNg","Mentalist Oz Pearlman blows minds, from Joe Rogan to tech titans | 60 Minutes","https://www.youtube.com/watch?v=GOR3QWX6fwk"
"1768103364-357","https://www.youtube.com/channel/UCwWhs_6x42TyRM4Wstoq8HA/videos","Sen. Mark Kelly Fires Back at Pete Hegseth's Move to Punish Him | The Daily Show","https://www.youtube.com/watch?v=VYmVxp8meNg","Kriss Drummer Hears ""Baba O'Riley"" For The First Time","https://www.youtube.com/watch?v=sHU4re5lOpE"
"1768103364-358","https://www.youtube.com/channel/UCwWhs_6x42TyRM4Wstoq8HA/videos","Sen. Mark Kelly Fires Back at Pete Hegseth's Move to Punish Him | The Daily Show","https://www.youtube.com/watch?v=VYmVxp8meNg","Bob Newhart’s German Impression Is Incredible | Carson Tonight Show","https://www.youtube.com/watch?v=AhPnpcbDcaM&pp=ugUHEgVlbi1VUw%3D%3D"
"1768103364-359","https://www.youtube.com/channel/UCwWhs_6x42TyRM4Wstoq8HA/videos","Sen. Mark Kelly Fires Back at Pete Hegseth's Move to Punish Him | The Daily Show","https://www.youtube.com/watch?v=VYmVxp8meNg","Trump Proposes $1.5 Trillion Military Budget in 2027","https://www.youtube.com/watch?v=AHIYRXuVYDg"
"1768103374-360","https://www.youtube.com/channel/UCwWhs_6x42TyRM4Wstoq8HA/videos","Trump Kidnaps President Maduro, Targets Venezuelan Oil & Ditches ""America First"" | The Daily Show","https://www.youtube.com/watch?v=HDSzUfMZRHE","Sen. Mark Kelly - “I’m Not Backing Down” | The Daily Show","https://www.youtube.com/watch?v=fsI9ml9oF_s"
"1768103374-361","https://www.youtube.com/channel/UCwWhs_6x42TyRM4Wstoq8HA/videos","Trump Kidnaps President Maduro, Targets Venezuelan Oil & Ditches ""America First"" | The Daily Show","https://www.youtube.com/watch?v=HDSzUfMZRHE","ICE Killing in Minnesota Ignites Protests as Trump and Kristi Noem Double Down | The Daily Show","https://www.youtube.com/watch?v=a1Yo5Bcpx5c"
"1768103374-362","https://www.youtube.com/channel/UCwWhs_6x42TyRM4Wstoq8HA/videos","Trump Kidnaps President Maduro, Targets Venezuelan Oil & Ditches ""America First"" | The Daily Show","https://www.youtube.com/watch?v=HDSzUfMZRHE","Jon & Ronny on Maduro's Abduction, Trump's Oil Extortion & Minnesota ICE Shooting | The Daily Show","https://www.youtube.com/watch?v=iyj8hpOukfE"
"1768103374-363","https://www.youtube.com/channel/UCwWhs_6x42TyRM4Wstoq8HA/videos","Trump Kidnaps President Maduro, Targets Venezuelan Oil & Ditches ""America First"" | The Daily Show","https://www.youtube.com/watch?v=HDSzUfMZRHE","The World's Most Important Machine","https://www.youtube.com/watch?v=MiUHjLxm3V0&pp=0gcJCU0KAYcqIYzv"
"1768103374-364","https://www.youtube.com/channel/UCwWhs_6x42TyRM4Wstoq8HA/videos","Trump Kidnaps President Maduro, Targets Venezuelan Oil & Ditches ""America First"" | The Daily Show","https://www.youtube.com/watch?v=HDSzUfMZRHE","Jimmy Kimmel on the Awful ICE Shooting in Minneapolis & a Baseline of Decency Being Gone in America","https://www.youtube.com/watch?v=rG_EPeGz9IQ&pp=ugUHEgVlbi1VUw%3D%3D"
"1768103374-365","https://www.youtube.com/channel/UCwWhs_6x42TyRM4Wstoq8HA/videos","Trump Kidnaps President Maduro, Targets Venezuelan Oil & Ditches ""America First"" | The Daily Show","https://www.youtube.com/watch?v=HDSzUfMZRHE","Australian Fruit Is Flexing on America","https://www.youtube.com/watch?v=mMod2Di2oVo"
"1768103374-366","https://www.youtube.com/channel/UCwWhs_6x42TyRM4Wstoq8HA/videos","Trump Kidnaps President Maduro, Targets Venezuelan Oil & Ditches ""America First"" | The Daily Show","https://www.youtube.com/watch?v=HDSzUfMZRHE","Venezuela: Last Week Tonight with John Oliver (HBO)","https://www.youtube.com/watch?v=IYfgvS0FA7U"
"1768103374-367","https://www.youtube.com/channel/UCwWhs_6x42TyRM4Wstoq8HA/videos","Trump Kidnaps President Maduro, Targets Venezuelan Oil & Ditches ""America First"" | The Daily Show","https://www.youtube.com/watch?v=HDSzUfMZRHE","The Daily Show","https://www.youtube.com/watch?v=vzScfW2Jq5Y&pp=sAQB"
"1768103374-368","https://www.youtube.com/channel/UCwWhs_6x42TyRM4Wstoq8HA/videos","Trump Kidnaps President Maduro, Targets Venezuelan Oil & Ditches ""America First"" | The Daily Show","https://www.youtube.com/watch?v=HDSzUfMZRHE","Venezuela, Renee Good and Trump’s ‘Assault on Hope’ | The Ezra Klein Show","https://www.youtube.com/watch?v=U6DbiSMi6ik&pp=0gcJCU0KAYcqIYzv"
"1768103374-369","https://www.youtube.com/channel/UCwWhs_6x42TyRM4Wstoq8HA/videos","Trump Kidnaps President Maduro, Targets Venezuelan Oil & Ditches ""America First"" | The Daily Show","https://www.youtube.com/watch?v=HDSzUfMZRHE","How a Student's Question Saved This NYC Skyscraper","https://www.youtube.com/watch?v=Q56PMJbCFXQ&pp=ugUEEgJlbg%3D%3D"
"1768103374-370","https://www.youtube.com/channel/UCwWhs_6x42TyRM4Wstoq8HA/videos","Trump Kidnaps President Maduro, Targets Venezuelan Oil & Ditches ""America First"" | The Daily Show","https://www.youtube.com/watch?v=HDSzUfMZRHE","Why Trump’s Venezuela oil gamble won’t pay off","https://www.youtube.com/watch?v=HWezR4NNUr8&pp=ugUEEgJlbg%3D%3D"
"1768103374-371","https://www.youtube.com/channel/UCwWhs_6x42TyRM4Wstoq8HA/videos","Trump Kidnaps President Maduro, Targets Venezuelan Oil & Ditches ""America First"" | The Daily Show","https://www.youtube.com/watch?v=HDSzUfMZRHE","Director Park Chan-wook - Satirizing Capitalism in “No Other Choice” | The Daily Show","https://www.youtube.com/watch?v=Jj0N63qglbI"
"1768103374-372","https://www.youtube.com/channel/UCwWhs_6x42TyRM4Wstoq8HA/videos","Trump Kidnaps President Maduro, Targets Venezuelan Oil & Ditches ""America First"" | The Daily Show","https://www.youtube.com/watch?v=HDSzUfMZRHE","Is The Line Really Dead?","https://www.youtube.com/watch?v=zFVYgZMEOFg"
"1768103374-373","https://www.youtube.com/channel/UCwWhs_6x42TyRM4Wstoq8HA/videos","Trump Kidnaps President Maduro, Targets Venezuelan Oil & Ditches ""America First"" | The Daily Show","https://www.youtube.com/watch?v=HDSzUfMZRHE","Maddow calls out the real reason Trump invaded Venezuela","https://www.youtube.com/watch?v=RiitxrHxruo"
"1768103374-374","https://www.youtube.com/channel/UCwWhs_6x42TyRM4Wstoq8HA/videos","Trump Kidnaps President Maduro, Targets Venezuelan Oil & Ditches ""America First"" | The Daily Show","https://www.youtube.com/watch?v=HDSzUfMZRHE","The Vanity (Completely) Fair Photoshoot","https://www.youtube.com/watch?v=8Ep-gTKaa0o"
"1768103374-375","https://www.youtube.com/channel/UCwWhs_6x42TyRM4Wstoq8HA/videos","Trump Kidnaps President Maduro, Targets Venezuelan Oil & Ditches ""America First"" | The Daily Show","https://www.youtube.com/watch?v=HDSzUfMZRHE","Trump’s Venezuela Money Grab, Problem Falling Asleep in Meetings & Unarmed Woman Killed by ICE","https://www.youtube.com/watch?v=x03ZxnzfgNA&pp=ugUHEgVlbi1VUw%3D%3D"
"1768103374-376","https://www.youtube.com/channel/UCwWhs_6x42TyRM4Wstoq8HA/videos","Trump Kidnaps President Maduro, Targets Venezuelan Oil & Ditches ""America First"" | The Daily Show","https://www.youtube.com/watch?v=HDSzUfMZRHE","Why One Oil Company Has a Head Start in Venezuela","https://www.youtube.com/watch?v=tuHUZjwt_8o&pp=0gcJCU0KAYcqIYzv"
"1768103374-377","https://www.youtube.com/channel/UCwWhs_6x42TyRM4Wstoq8HA/videos","Trump Kidnaps President Maduro, Targets Venezuelan Oil & Ditches ""America First"" | The Daily Show","https://www.youtube.com/watch?v=HDSzUfMZRHE","Trump Proposes $1.5 Trillion Military Budget in 2027","https://www.youtube.com/watch?v=AHIYRXuVYDg"
"1768103374-378","https://www.youtube.com/channel/UCwWhs_6x42TyRM4Wstoq8HA/videos","Trump Kidnaps President Maduro, Targets Venezuelan Oil & Ditches ""America First"" | The Daily Show","https://www.youtube.com/watch?v=HDSzUfMZRHE","Lucy Liu - “Rosemead” | The Daily Show","https://www.youtube.com/watch?v=gD_6EMf1YRQ"
"1768103374-379","https://www.youtube.com/channel/UCwWhs_6x42TyRM4Wstoq8HA/videos","Trump Kidnaps President Maduro, Targets Venezuelan Oil & Ditches ""America First"" | The Daily Show","https://www.youtube.com/watch?v=HDSzUfMZRHE","Trump Delivers Scatterbrained Speech to GOP, He Guns for Greenland & 5th Anniversary of Insurrection","https://www.youtube.com/watch?v=w4-Vnatjopc"
"1768103385-380","https://www.youtube.com/channel/UCwWhs_6x42TyRM4Wstoq8HA/videos","Sen. Mark Kelly - “I’m Not Backing Down” | The Daily Show","https://www.youtube.com/watch?v=fsI9ml9oF_s","Trump Kidnaps President Maduro, Targets Venezuelan Oil & Ditches ""America First"" | The Daily Show","https://www.youtube.com/watch?v=HDSzUfMZRHE"
"1768103385-381","https://www.youtube.com/channel/UCwWhs_6x42TyRM4Wstoq8HA/videos","Sen. Mark Kelly - “I’m Not Backing Down” | The Daily Show","https://www.youtube.com/watch?v=fsI9ml9oF_s","Jon & Ronny on Maduro's Abduction, Trump's Oil Extortion & Minnesota ICE Shooting | The Daily Show","https://www.youtube.com/watch?v=iyj8hpOukfE"
"1768103385-382","https://www.youtube.com/channel/UCwWhs_6x42TyRM4Wstoq8HA/videos","Sen. Mark Kelly - “I’m Not Backing Down” | The Daily Show","https://www.youtube.com/watch?v=fsI9ml9oF_s","The Strange Math That Predicts (Almost) Anything","https://www.youtube.com/watch?v=KZeIEiBrT_w"
"1768103385-383","https://www.youtube.com/channel/UCwWhs_6x42TyRM4Wstoq8HA/videos","Sen. Mark Kelly - “I’m Not Backing Down” | The Daily Show","https://www.youtube.com/watch?v=fsI9ml9oF_s","I Skied Down Mount Everest (world first, no oxygen)","https://www.youtube.com/watch?v=cjZvFY6__qw"
"1768103385-384","https://www.youtube.com/channel/UCwWhs_6x42TyRM4Wstoq8HA/videos","Sen. Mark Kelly - “I’m Not Backing Down” | The Daily Show","https://www.youtube.com/watch?v=fsI9ml9oF_s","Lucy Liu - “Rosemead” | The Daily Show","https://www.youtube.com/watch?v=gD_6EMf1YRQ"
"1768103385-385","https://www.youtube.com/channel/UCwWhs_6x42TyRM4Wstoq8HA/videos","Sen. Mark Kelly - “I’m Not Backing Down” | The Daily Show","https://www.youtube.com/watch?v=fsI9ml9oF_s","Hegseth Gets Visibly Uncomfortable As Mark Kelly Recounts His ‘Strip Club Scandal’ | Rewind 2025","https://www.youtube.com/watch?v=RYnu0xOhrkY&pp=ugUHEgVlbi1JTg%3D%3D"
"1768103385-386","https://www.youtube.com/channel/UCwWhs_6x42TyRM4Wstoq8HA/videos","Sen. Mark Kelly - “I’m Not Backing Down” | The Daily Show","https://www.youtube.com/watch?v=fsI9ml9oF_s","Trump Delivers Scatterbrained Speech to GOP, He Guns for Greenland & 5th Anniversary of Insurrection","https://www.youtube.com/watch?v=w4-Vnatjopc&pp=0gcJCU0KAYcqIYzv"
"1768103385-387","https://www.youtube.com/channel/UCwWhs_6x42TyRM4Wstoq8HA/videos","Sen. Mark Kelly - “I’m Not Backing Down” | The Daily Show","https://www.youtube.com/watch?v=fsI9ml9oF_s","The Daily Show","https://www.youtube.com/watch?v=vzScfW2Jq5Y&pp=sAQB"
"1768103385-388","https://www.youtube.com/channel/UCwWhs_6x42TyRM4Wstoq8HA/videos","Sen. Mark Kelly - “I’m Not Backing Down” | The Daily Show","https://www.youtube.com/watch?v=fsI9ml9oF_s","Venezuela, Renee Good and Trump’s ‘Assault on Hope’ | The Ezra Klein Show","https://www.youtube.com/watch?v=U6DbiSMi6ik"
"1768103385-389","https://www.youtube.com/channel/UCwWhs_6x42TyRM4Wstoq8HA/videos","Sen. Mark Kelly - “I’m Not Backing Down” | The Daily Show","https://www.youtube.com/watch?v=fsI9ml9oF_s","Venezuela: Last Week Tonight with John Oliver (HBO)","https://www.youtube.com/watch?v=IYfgvS0FA7U"
"1768103385-390","https://www.youtube.com/channel/UCwWhs_6x42TyRM4Wstoq8HA/videos","Sen. Mark Kelly - “I’m Not Backing Down” | The Daily Show","https://www.youtube.com/watch?v=fsI9ml9oF_s","Who Actually Makes Trader Joe’s Food?","https://www.youtube.com/watch?v=zOd01sLlDj4"
"1768103385-391","https://www.youtube.com/channel/UCwWhs_6x42TyRM4Wstoq8HA/videos","Sen. Mark Kelly - “I’m Not Backing Down” | The Daily Show","https://www.youtube.com/watch?v=fsI9ml9oF_s","Oprah Explores the Rising Trend of Going No Contact with Your Family","https://www.youtube.com/watch?v=cK7EJgILMIk"
"1768103385-392","https://www.youtube.com/channel/UCwWhs_6x42TyRM4Wstoq8HA/videos","Sen. Mark Kelly - “I’m Not Backing Down” | The Daily Show","https://www.youtube.com/watch?v=fsI9ml9oF_s","The World's Most Important Machine","https://www.youtube.com/watch?v=MiUHjLxm3V0&pp=0gcJCU0KAYcqIYzv"
"1768103385-393","https://www.youtube.com/channel/UCwWhs_6x42TyRM4Wstoq8HA/videos","Sen. Mark Kelly - “I’m Not Backing Down” | The Daily Show","https://www.youtube.com/watch?v=fsI9ml9oF_s","Zohran Mamdani - Reimagining NYC Through Safety and Affordability | The Daily Show","https://www.youtube.com/watch?v=p2_cRrKScvE"
"1768103385-394","https://www.youtube.com/channel/UCwWhs_6x42TyRM4Wstoq8HA/videos","Sen. Mark Kelly - “I’m Not Backing Down” | The Daily Show","https://www.youtube.com/watch?v=fsI9ml9oF_s","Brooks and Capehart on the response to the Minnesota ICE shooting","https://www.youtube.com/watch?v=QQiiNa-X_eU"
"1768103385-395","https://www.youtube.com/channel/UCwWhs_6x42TyRM4Wstoq8HA/videos","Sen. Mark Kelly - “I’m Not Backing Down” | The Daily Show","https://www.youtube.com/watch?v=fsI9ml9oF_s","ICE Killing in Minnesota Ignites Protests as Trump and Kristi Noem Double Down | The Daily Show","https://www.youtube.com/watch?v=a1Yo5Bcpx5c"
"1768103385-396","https://www.youtube.com/channel/UCwWhs_6x42TyRM4Wstoq8HA/videos","Sen. Mark Kelly - “I’m Not Backing Down” | The Daily Show","https://www.youtube.com/watch?v=fsI9ml9oF_s","He Understood The Assignment | Vanity Fair's White House Feature by Christopher Anderson","https://www.youtube.com/watch?v=uz0oUJZ5t30"
"1768103385-397","https://www.youtube.com/channel/UCwWhs_6x42TyRM4Wstoq8HA/videos","Sen. Mark Kelly - “I’m Not Backing Down” | The Daily Show","https://www.youtube.com/watch?v=fsI9ml9oF_s","Director Park Chan-wook - Satirizing Capitalism in “No Other Choice” | The Daily Show","https://www.youtube.com/watch?v=Jj0N63qglbI"
"1768103385-398","https://www.youtube.com/channel/UCwWhs_6x42TyRM4Wstoq8HA/videos","Sen. Mark Kelly - “I’m Not Backing Down” | The Daily Show","https://www.youtube.com/watch?v=fsI9ml9oF_s","Undercover in North Korea (Full Episode) | Then and Now with Lisa Ling | National Geographic","https://www.youtube.com/watch?v=eLCdsXRiouE"
"1768103385-399","https://www.youtube.com/channel/UCwWhs_6x42TyRM4Wstoq8HA/videos","Sen. Mark Kelly - “I’m Not Backing Down” | The Daily Show","https://www.youtube.com/watch?v=fsI9ml9oF_s","Jimmy Kimmel Recaps the Crazy Stuff Trump Did Over the Holidays & Takes Cognitive Test Donny “ACED”","https://www.youtube.com/watch?v=X6hFZsRGm1Q&pp=ugUHEgVlbi1VUw%3D%3D"
"1768103395-400","https://www.youtube.com/channel/UCwWhs_6x42TyRM4Wstoq8HA/videos","Ronny Chieng Breaks Down the Venezuela Takeover & America's ""TikTok Attention Span"" | The Daily Show","https://www.youtube.com/watch?v=h6YxuG9idkI","Trump Kidnaps President Maduro, Targets Venezuelan Oil & Ditches ""America First"" | The Daily Show","https://www.youtube.com/watch?v=HDSzUfMZRHE"
"1768103395-401","https://www.youtube.com/channel/UCwWhs_6x42TyRM4Wstoq8HA/videos","Ronny Chieng Breaks Down the Venezuela Takeover & America's ""TikTok Attention Span"" | The Daily Show","https://www.youtube.com/watch?v=h6YxuG9idkI","Rubio: U.S. Wants To Buy Greenland | Stealing Venezuela's Oil | Dr. Oz: Booze Brings People Together","https://www.youtube.com/watch?v=VSGNAfPAsGY"
"1768103395-402","https://www.youtube.com/channel/UCwWhs_6x42TyRM4Wstoq8HA/videos","Ronny Chieng Breaks Down the Venezuela Takeover & America's ""TikTok Attention Span"" | The Daily Show","https://www.youtube.com/watch?v=h6YxuG9idkI","The World's Most Important Machine","https://www.youtube.com/watch?v=MiUHjLxm3V0"
"1768103395-403","https://www.youtube.com/channel/UCwWhs_6x42TyRM4Wstoq8HA/videos","Ronny Chieng Breaks Down the Venezuela Takeover & America's ""TikTok Attention Span"" | The Daily Show","https://www.youtube.com/watch?v=h6YxuG9idkI","Hasan Minhaj and Ronny Chieng Rant About Each Other and Discuss Their Hasan Hates Ronny Tour","https://www.youtube.com/watch?v=fJoGq-2kgfU"
"1768103395-404","https://www.youtube.com/channel/UCwWhs_6x42TyRM4Wstoq8HA/videos","Ronny Chieng Breaks Down the Venezuela Takeover & America's ""TikTok Attention Span"" | The Daily Show","https://www.youtube.com/watch?v=h6YxuG9idkI","Why One Oil Company Has a Head Start in Venezuela","https://www.youtube.com/watch?v=tuHUZjwt_8o"
"1768103395-405","https://www.youtube.com/channel/UCwWhs_6x42TyRM4Wstoq8HA/videos","Ronny Chieng Breaks Down the Venezuela Takeover & America's ""TikTok Attention Span"" | The Daily Show","https://www.youtube.com/watch?v=h6YxuG9idkI","What the actual science says about ""brain rot""","https://www.youtube.com/watch?v=tdIUMkXxtHg&pp=ugUHEgVlbi1VUw%3D%3D"
"1768103395-406","https://www.youtube.com/channel/UCwWhs_6x42TyRM4Wstoq8HA/videos","Ronny Chieng Breaks Down the Venezuela Takeover & America's ""TikTok Attention Span"" | The Daily Show","https://www.youtube.com/watch?v=h6YxuG9idkI","Director Park Chan-wook - Satirizing Capitalism in “No Other Choice” | The Daily Show","https://www.youtube.com/watch?v=Jj0N63qglbI"
"1768103395-407","https://www.youtube.com/channel/UCwWhs_6x42TyRM4Wstoq8HA/videos","Ronny Chieng Breaks Down the Venezuela Takeover & America's ""TikTok Attention Span"" | The Daily Show","https://www.youtube.com/watch?v=h6YxuG9idkI","The Daily Show","https://www.youtube.com/watch?v=vzScfW2Jq5Y&pp=sAQB"
"1768103395-408","https://www.youtube.com/channel/UCwWhs_6x42TyRM4Wstoq8HA/videos","Ronny Chieng Breaks Down the Venezuela Takeover & America's ""TikTok Attention Span"" | The Daily Show","https://www.youtube.com/watch?v=h6YxuG9idkI","Venezuela: Last Week Tonight with John Oliver (HBO)","https://www.youtube.com/watch?v=IYfgvS0FA7U"
"1768103395-409","https://www.youtube.com/channel/UCwWhs_6x42TyRM4Wstoq8HA/videos","Ronny Chieng Breaks Down the Venezuela Takeover & America's ""TikTok Attention Span"" | The Daily Show","https://www.youtube.com/watch?v=h6YxuG9idkI","He Understood The Assignment | Vanity Fair's White House Feature by Christopher Anderson","https://www.youtube.com/watch?v=uz0oUJZ5t30"
"1768103395-410","https://www.youtube.com/channel/UCwWhs_6x42TyRM4Wstoq8HA/videos","Ronny Chieng Breaks Down the Venezuela Takeover & America's ""TikTok Attention Span"" | The Daily Show","https://www.youtube.com/watch?v=h6YxuG9idkI","Trump Puts the Squeeze on Venezuela's Oil & Eyes Greenland as Next Target | The Daily Show","https://www.youtube.com/watch?v=CGI1s_MU0IE&pp=0gcJCU0KAYcqIYzv"
"1768103395-411","https://www.youtube.com/channel/UCwWhs_6x42TyRM4Wstoq8HA/videos","Ronny Chieng Breaks Down the Venezuela Takeover & America's ""TikTok Attention Span"" | The Daily Show","https://www.youtube.com/watch?v=h6YxuG9idkI","Trump Delivers Scatterbrained Speech to GOP, He Guns for Greenland & 5th Anniversary of Insurrection","https://www.youtube.com/watch?v=w4-Vnatjopc&pp=0gcJCU0KAYcqIYzv"
"1768103395-412","https://www.youtube.com/channel/UCwWhs_6x42TyRM4Wstoq8HA/videos","Ronny Chieng Breaks Down the Venezuela Takeover & America's ""TikTok Attention Span"" | The Daily Show","https://www.youtube.com/watch?v=h6YxuG9idkI","Saudi Comedy Festival, Charlie Kirk - Between the Scenes","https://www.youtube.com/watch?v=U9bfuM7YR2U"
"1768103395-413","https://www.youtube.com/channel/UCwWhs_6x42TyRM4Wstoq8HA/videos","Ronny Chieng Breaks Down the Venezuela Takeover & America's ""TikTok Attention Span"" | The Daily Show","https://www.youtube.com/watch?v=h6YxuG9idkI","Why Trump’s Venezuela oil gamble won’t pay off","https://www.youtube.com/watch?v=HWezR4NNUr8&pp=ugUEEgJlbg%3D%3D"
"1768103395-414","https://www.youtube.com/channel/UCwWhs_6x42TyRM4Wstoq8HA/videos","Ronny Chieng Breaks Down the Venezuela Takeover & America's ""TikTok Attention Span"" | The Daily Show","https://www.youtube.com/watch?v=h6YxuG9idkI","""A Cold-Blooded Murder"" - Chris Hayes Reacts To Video Of The Deadly ICE Shooting In Minneapolis","https://www.youtube.com/watch?v=hFjSldeSOqQ"
"1768103395-415","https://www.youtube.com/channel/UCwWhs_6x42TyRM4Wstoq8HA/videos","Ronny Chieng Breaks Down the Venezuela Takeover & America's ""TikTok Attention Span"" | The Daily Show","https://www.youtube.com/watch?v=h6YxuG9idkI","China Can't Afford To Invade Taiwan. Here's Why","https://www.youtube.com/watch?v=6c57q9bIBPQ"
"1768103395-416","https://www.youtube.com/channel/UCwWhs_6x42TyRM4Wstoq8HA/videos","Ronny Chieng Breaks Down the Venezuela Takeover & America's ""TikTok Attention Span"" | The Daily Show","https://www.youtube.com/watch?v=h6YxuG9idkI","The Biggest Global Risks for 2026 | TED Explains the World with Ian Bremmer","https://www.youtube.com/watch?v=dqVfnC_muaI&pp=0gcJCU0KAYcqIYzv"
"1768103395-417","https://www.youtube.com/channel/UCwWhs_6x42TyRM4Wstoq8HA/videos","Ronny Chieng Breaks Down the Venezuela Takeover & America's ""TikTok Attention Span"" | The Daily Show","https://www.youtube.com/watch?v=h6YxuG9idkI","Maddow calls out the real reason Trump invaded Venezuela","https://www.youtube.com/watch?v=RiitxrHxruo"
"1768103395-418","https://www.youtube.com/channel/UCwWhs_6x42TyRM4Wstoq8HA/videos","Ronny Chieng Breaks Down the Venezuela Takeover & America's ""TikTok Attention Span"" | The Daily Show","https://www.youtube.com/watch?v=h6YxuG9idkI","Ronny Chieng’s Response to Jesse Watters’s Anti-Asian Racism | The Daily Show","https://www.youtube.com/watch?v=rlht9VxMR2s"
"1768103395-419","https://www.youtube.com/channel/UCwWhs_6x42TyRM4Wstoq8HA/videos","Ronny Chieng Breaks Down the Venezuela Takeover & America's ""TikTok Attention Span"" | The Daily Show","https://www.youtube.com/watch?v=h6YxuG9idkI","Lucy Liu - “Rosemead” | The Daily Show","https://www.youtube.com/watch?v=gD_6EMf1YRQ"
"1768103405-420","https://www.youtube.com/channel/UCwWhs_6x42TyRM4Wstoq8HA/videos","Maduro Faces Judge & MAGA Scrambles to Justify Abduction | The Daily Show","https://www.youtube.com/watch?v=d2f92rNrCyI","Trump Kidnaps President Maduro, Targets Venezuelan Oil & Ditches ""America First"" | The Daily Show","https://www.youtube.com/watch?v=HDSzUfMZRHE"
"1768103405-421","https://www.youtube.com/channel/UCwWhs_6x42TyRM4Wstoq8HA/videos","Maduro Faces Judge & MAGA Scrambles to Justify Abduction | The Daily Show","https://www.youtube.com/watch?v=d2f92rNrCyI","The Strange Math That Predicts (Almost) Anything","https://www.youtube.com/watch?v=KZeIEiBrT_w"
"1768103405-422","https://www.youtube.com/channel/UCwWhs_6x42TyRM4Wstoq8HA/videos","Maduro Faces Judge & MAGA Scrambles to Justify Abduction | The Daily Show","https://www.youtube.com/watch?v=d2f92rNrCyI","Jury Duty - SNL","https://www.youtube.com/watch?v=TrdJQJ_RXrQ"
"1768103405-423","https://www.youtube.com/channel/UCwWhs_6x42TyRM4Wstoq8HA/videos","Maduro Faces Judge & MAGA Scrambles to Justify Abduction | The Daily Show","https://www.youtube.com/watch?v=d2f92rNrCyI","How did the US get Maduro? Inside Operation Absolute Resolve | BBC Security Brief","https://www.youtube.com/watch?v=_mmmdQG0NUA"
"1768103405-424","https://www.youtube.com/channel/UCwWhs_6x42TyRM4Wstoq8HA/videos","Maduro Faces Judge & MAGA Scrambles to Justify Abduction | The Daily Show","https://www.youtube.com/watch?v=d2f92rNrCyI","Venezuela: Last Week Tonight with John Oliver (HBO)","https://www.youtube.com/watch?v=IYfgvS0FA7U"
"1768103405-425","https://www.youtube.com/channel/UCwWhs_6x42TyRM4Wstoq8HA/videos","Maduro Faces Judge & MAGA Scrambles to Justify Abduction | The Daily Show","https://www.youtube.com/watch?v=d2f92rNrCyI","ICE Killing in Minnesota Ignites Protests as Trump and Kristi Noem Double Down | The Daily Show","https://www.youtube.com/watch?v=a1Yo5Bcpx5c"
"1768103405-426","https://www.youtube.com/channel/UCwWhs_6x42TyRM4Wstoq8HA/videos","Maduro Faces Judge & MAGA Scrambles to Justify Abduction | The Daily Show","https://www.youtube.com/watch?v=d2f92rNrCyI","Director Park Chan-wook - Satirizing Capitalism in “No Other Choice” | The Daily Show","https://www.youtube.com/watch?v=Jj0N63qglbI"
"1768103405-427","https://www.youtube.com/channel/UCwWhs_6x42TyRM4Wstoq8HA/videos","Maduro Faces Judge & MAGA Scrambles to Justify Abduction | The Daily Show","https://www.youtube.com/watch?v=d2f92rNrCyI","The Daily Show","https://www.youtube.com/watch?v=vzScfW2Jq5Y&pp=sAQB"
"1768103405-428","https://www.youtube.com/channel/UCwWhs_6x42TyRM4Wstoq8HA/videos","Maduro Faces Judge & MAGA Scrambles to Justify Abduction | The Daily Show","https://www.youtube.com/watch?v=d2f92rNrCyI","Trump Violated International Law","https://www.youtube.com/watch?v=Nsmb7n4l0rs"
"1768103405-429","https://www.youtube.com/channel/UCwWhs_6x42TyRM4Wstoq8HA/videos","Maduro Faces Judge & MAGA Scrambles to Justify Abduction | The Daily Show","https://www.youtube.com/watch?v=d2f92rNrCyI","Jon & Ronny on Maduro's Abduction, Trump's Oil Extortion & Minnesota ICE Shooting | The Daily Show","https://www.youtube.com/watch?v=iyj8hpOukfE"
"1768103405-430","https://www.youtube.com/channel/UCwWhs_6x42TyRM4Wstoq8HA/videos","Maduro Faces Judge & MAGA Scrambles to Justify Abduction | The Daily Show","https://www.youtube.com/watch?v=d2f92rNrCyI","The World's Most Important Machine","https://www.youtube.com/watch?v=MiUHjLxm3V0"
"1768103405-431","https://www.youtube.com/channel/UCwWhs_6x42TyRM4Wstoq8HA/videos","Maduro Faces Judge & MAGA Scrambles to Justify Abduction | The Daily Show","https://www.youtube.com/watch?v=d2f92rNrCyI","Trump Delivers Scatterbrained Speech to GOP, He Guns for Greenland & 5th Anniversary of Insurrection","https://www.youtube.com/watch?v=w4-Vnatjopc"
"1768103405-432","https://www.youtube.com/channel/UCwWhs_6x42TyRM4Wstoq8HA/videos","Maduro Faces Judge & MAGA Scrambles to Justify Abduction | The Daily Show","https://www.youtube.com/watch?v=d2f92rNrCyI","Trump Proposes $1.5 Trillion Military Budget in 2027","https://www.youtube.com/watch?v=AHIYRXuVYDg"
"1768103405-433","https://www.youtube.com/channel/UCwWhs_6x42TyRM4Wstoq8HA/videos","Maduro Faces Judge & MAGA Scrambles to Justify Abduction | The Daily Show","https://www.youtube.com/watch?v=d2f92rNrCyI","Why One Oil Company Has a Head Start in Venezuela","https://www.youtube.com/watch?v=tuHUZjwt_8o"
"1768103405-434","https://www.youtube.com/channel/UCwWhs_6x42TyRM4Wstoq8HA/videos","Maduro Faces Judge & MAGA Scrambles to Justify Abduction | The Daily Show","https://www.youtube.com/watch?v=d2f92rNrCyI","Hasan Minhaj and Ronny Chieng Rant About Each Other and Discuss Their Hasan Hates Ronny Tour","https://www.youtube.com/watch?v=fJoGq-2kgfU"
"1768103405-435","https://www.youtube.com/channel/UCwWhs_6x42TyRM4Wstoq8HA/videos","Maduro Faces Judge & MAGA Scrambles to Justify Abduction | The Daily Show","https://www.youtube.com/watch?v=d2f92rNrCyI","Sen. Mark Kelly - “I’m Not Backing Down” | The Daily Show","https://www.youtube.com/watch?v=fsI9ml9oF_s"
"1768103405-436","https://www.youtube.com/channel/UCwWhs_6x42TyRM4Wstoq8HA/videos","Maduro Faces Judge & MAGA Scrambles to Justify Abduction | The Daily Show","https://www.youtube.com/watch?v=d2f92rNrCyI","Australian Fruit Is Flexing on America","https://www.youtube.com/watch?v=mMod2Di2oVo"
"1768103405-437","https://www.youtube.com/channel/UCwWhs_6x42TyRM4Wstoq8HA/videos","Maduro Faces Judge & MAGA Scrambles to Justify Abduction | The Daily Show","https://www.youtube.com/watch?v=d2f92rNrCyI","The Worst Airline Experiences - Key & Peele","https://www.youtube.com/watch?v=v4lpI8t4ySY"
"1768103405-438","https://www.youtube.com/channel/UCwWhs_6x42TyRM4Wstoq8HA/videos","Maduro Faces Judge & MAGA Scrambles to Justify Abduction | The Daily Show","https://www.youtube.com/watch?v=d2f92rNrCyI","A Deeply Unserious India-Pakistan Summit with Kumail Nanjiani","https://www.youtube.com/watch?v=1tEiWe4NCYA"
"1768103405-439","https://www.youtube.com/channel/UCwWhs_6x42TyRM4Wstoq8HA/videos","Maduro Faces Judge & MAGA Scrambles to Justify Abduction | The Daily Show","https://www.youtube.com/watch?v=d2f92rNrCyI","Trump Puts the Squeeze on Venezuela's Oil & Eyes Greenland as Next Target | The Daily Show","https://www.youtube.com/watch?v=CGI1s_MU0IE"
"1768103415-440","https://www.youtube.com/channel/UCwWhs_6x42TyRM4Wstoq8HA/videos","Director Park Chan-wook - Satirizing Capitalism in “No Other Choice” | The Daily Show","https://www.youtube.com/watch?v=Jj0N63qglbI","Lucy Liu - “Rosemead” | The Daily Show","https://www.youtube.com/watch?v=gD_6EMf1YRQ"
"1768103415-441","https://www.youtube.com/channel/UCwWhs_6x42TyRM4Wstoq8HA/videos","Director Park Chan-wook - Satirizing Capitalism in “No Other Choice” | The Daily Show","https://www.youtube.com/watch?v=Jj0N63qglbI","Jon & Ronny on Maduro's Abduction, Trump's Oil Extortion & Minnesota ICE Shooting | The Daily Show","https://www.youtube.com/watch?v=iyj8hpOukfE"
"1768103415-442","https://www.youtube.com/channel/UCwWhs_6x42TyRM4Wstoq8HA/videos","Director Park Chan-wook - Satirizing Capitalism in “No Other Choice” | The Daily Show","https://www.youtube.com/watch?v=Jj0N63qglbI","No Other Choice Explained: Hidden Meanings, Symbolism, and the Ending","https://www.youtube.com/watch?v=4WhZbHJjygg&pp=ugUHEgVlbi1VUw%3D%3D"
"1768103415-443","https://www.youtube.com/channel/UCwWhs_6x42TyRM4Wstoq8HA/videos","Director Park Chan-wook - Satirizing Capitalism in “No Other Choice” | The Daily Show","https://www.youtube.com/watch?v=Jj0N63qglbI","A Deeply Unserious India-Pakistan Summit with Kumail Nanjiani","https://www.youtube.com/watch?v=1tEiWe4NCYA"
"1768103415-444","https://www.youtube.com/channel/UCwWhs_6x42TyRM4Wstoq8HA/videos","Director Park Chan-wook - Satirizing Capitalism in “No Other Choice” | The Daily Show","https://www.youtube.com/watch?v=Jj0N63qglbI","ICE Killing in Minnesota Ignites Protests as Trump and Kristi Noem Double Down | The Daily Show","https://www.youtube.com/watch?v=a1Yo5Bcpx5c"
"1768103415-445","https://www.youtube.com/channel/UCwWhs_6x42TyRM4Wstoq8HA/videos","Director Park Chan-wook - Satirizing Capitalism in “No Other Choice” | The Daily Show","https://www.youtube.com/watch?v=Jj0N63qglbI","20 minutes of my favorite bowen yang moments on snl","https://www.youtube.com/watch?v=0wlc2hZB1Fs"
"1768103415-446","https://www.youtube.com/channel/UCwWhs_6x42TyRM4Wstoq8HA/videos","Director Park Chan-wook - Satirizing Capitalism in “No Other Choice” | The Daily Show","https://www.youtube.com/watch?v=Jj0N63qglbI","Stephen J. Dubner - “Freakonomics” 20th Anniversary | The Daily Show","https://www.youtube.com/watch?v=lAB6XAJ9xFA"
"1768103415-447","https://www.youtube.com/channel/UCwWhs_6x42TyRM4Wstoq8HA/videos","Director Park Chan-wook - Satirizing Capitalism in “No Other Choice” | The Daily Show","https://www.youtube.com/watch?v=Jj0N63qglbI","The Daily Show","https://www.youtube.com/watch?v=vzScfW2Jq5Y&pp=sAQB"
"1768103415-448","https://www.youtube.com/channel/UCwWhs_6x42TyRM4Wstoq8HA/videos","Director Park Chan-wook - Satirizing Capitalism in “No Other Choice” | The Daily Show","https://www.youtube.com/watch?v=Jj0N63qglbI","How Park Chan-wook Mastered Modern Technology","https://www.youtube.com/watch?v=ILnR23gWOtY"
"1768103415-449","https://www.youtube.com/channel/UCwWhs_6x42TyRM4Wstoq8HA/videos","Director Park Chan-wook - Satirizing Capitalism in “No Other Choice” | The Daily Show","https://www.youtube.com/watch?v=Jj0N63qglbI","Leonardo DiCaprio & Jennifer Lawrence | Actors on Actors","https://www.youtube.com/watch?v=Q_cV9ciktoQ&pp=ugUEEgJlbg%3D%3D"
"1768103415-450","https://www.youtube.com/channel/UCwWhs_6x42TyRM4Wstoq8HA/videos","Director Park Chan-wook - Satirizing Capitalism in “No Other Choice” | The Daily Show","https://www.youtube.com/watch?v=Jj0N63qglbI","Hasan Minhaj and Ronny Chieng Rant About Each Other and Discuss Their Hasan Hates Ronny Tour","https://www.youtube.com/watch?v=fJoGq-2kgfU"
"1768103415-451","https://www.youtube.com/channel/UCwWhs_6x42TyRM4Wstoq8HA/videos","Director Park Chan-wook - Satirizing Capitalism in “No Other Choice” | The Daily Show","https://www.youtube.com/watch?v=Jj0N63qglbI","Sen. Mark Kelly - “I’m Not Backing Down” | The Daily Show","https://www.youtube.com/watch?v=fsI9ml9oF_s&pp=0gcJCU0KAYcqIYzv"
"1768103415-452","https://www.youtube.com/channel/UCwWhs_6x42TyRM4Wstoq8HA/videos","Director Park Chan-wook - Satirizing Capitalism in “No Other Choice” | The Daily Show","https://www.youtube.com/watch?v=Jj0N63qglbI","48 Minutes of Jimmy O. Yang | Guess How Much?","https://www.youtube.com/watch?v=_MX7jvKoLsM&pp=0gcJCU0KAYcqIYzv"
"1768103415-453","https://www.youtube.com/channel/UCwWhs_6x42TyRM4Wstoq8HA/videos","Director Park Chan-wook - Satirizing Capitalism in “No Other Choice” | The Daily Show","https://www.youtube.com/watch?v=Jj0N63qglbI","No Other Choice Movie Review | TIFF 2025","https://www.youtube.com/watch?v=Tuuy9LJgo4I&pp=0gcJCU0KAYcqIYzv"
"1768103415-454","https://www.youtube.com/channel/UCwWhs_6x42TyRM4Wstoq8HA/videos","Director Park Chan-wook - Satirizing Capitalism in “No Other Choice” | The Daily Show","https://www.youtube.com/watch?v=Jj0N63qglbI","Lee Byung-hun Breaks Down His Career, from 'Mr. Sunshine' to 'Squid Game' | Vanity Fair","https://www.youtube.com/watch?v=a1e7N3rDc6s"
"1768103415-455","https://www.youtube.com/channel/UCwWhs_6x42TyRM4Wstoq8HA/videos","Director Park Chan-wook - Satirizing Capitalism in “No Other Choice” | The Daily Show","https://www.youtube.com/watch?v=Jj0N63qglbI","Venezuela: Last Week Tonight with John Oliver (HBO)","https://www.youtube.com/watch?v=IYfgvS0FA7U"
"1768103415-456","https://www.youtube.com/channel/UCwWhs_6x42TyRM4Wstoq8HA/videos","Director Park Chan-wook - Satirizing Capitalism in “No Other Choice” | The Daily Show","https://www.youtube.com/watch?v=Jj0N63qglbI","Meet Benny Johnson: The YouTube Star Cosplaying as White House Press Commentator | The Daily Show","https://www.youtube.com/watch?v=lrCd-H2ICmk&pp=0gcJCU0KAYcqIYzv"
"1768103415-457","https://www.youtube.com/channel/UCwWhs_6x42TyRM4Wstoq8HA/videos","Director Park Chan-wook - Satirizing Capitalism in “No Other Choice” | The Daily Show","https://www.youtube.com/watch?v=Jj0N63qglbI","Simu Liu Spoiled His Parents with Marvel Premiere, Talks The Copenhagen Test & Asian Representation","https://www.youtube.com/watch?v=Q82M9HfD4co"
"1768103415-458","https://www.youtube.com/channel/UCwWhs_6x42TyRM4Wstoq8HA/videos","Director Park Chan-wook - Satirizing Capitalism in “No Other Choice” | The Daily Show","https://www.youtube.com/watch?v=Jj0N63qglbI","Parks & Rec hilarious BLOOPERS you must see! | Parks and Recreation","https://www.youtube.com/watch?v=951zrpVaVuU&pp=0gcJCU0KAYcqIYzv"
"1768103415-459","https://www.youtube.com/channel/UCwWhs_6x42TyRM4Wstoq8HA/videos","Director Park Chan-wook - Satirizing Capitalism in “No Other Choice” | The Daily Show","https://www.youtube.com/watch?v=Jj0N63qglbI","Zohran Mamdani: New York's New Mayor Pops In","https://www.youtube.com/watch?v=-QLyhIETnXs"
"1768103425-460","https://www.youtube.com/channel/UCwWhs_6x42TyRM4Wstoq8HA/videos","Vitamin Plastic Water: Don’t Just Consume Microplastics, Enjoy Them! | The Daily Show","https://www.youtube.com/watch?v=zVrDzYczOJ0","ICE Killing in Minnesota Ignites Protests as Trump and Kristi Noem Double Down | The Daily Show","https://www.youtube.com/watch?v=a1Yo5Bcpx5c"
"1768103425-461","https://www.youtube.com/channel/UCwWhs_6x42TyRM4Wstoq8HA/videos","Vitamin Plastic Water: Don’t Just Consume Microplastics, Enjoy Them! | The Daily Show","https://www.youtube.com/watch?v=zVrDzYczOJ0","Chocolate: Last Week Tonight with John Oliver (HBO)","https://www.youtube.com/watch?v=FwHMDjc7qJ8&pp=0gcJCU0KAYcqIYzv"
"1768103425-462","https://www.youtube.com/channel/UCwWhs_6x42TyRM4Wstoq8HA/videos","Vitamin Plastic Water: Don’t Just Consume Microplastics, Enjoy Them! | The Daily Show","https://www.youtube.com/watch?v=zVrDzYczOJ0","Meanwhile... Nicole & Keith Split | Beloved Walrus Penis Stolen | Rejected Vanity License Plates","https://www.youtube.com/watch?v=KGfzI91Q6YE&pp=0gcJCU0KAYcqIYzv"
"1768103425-463","https://www.youtube.com/channel/UCwWhs_6x42TyRM4Wstoq8HA/videos","Vitamin Plastic Water: Don’t Just Consume Microplastics, Enjoy Them! | The Daily Show","https://www.youtube.com/watch?v=zVrDzYczOJ0","Ronny Chieng Teaches You About K-Pop | The Daily Show","https://www.youtube.com/watch?v=tsdgTNkRqNg"
"1768103425-464","https://www.youtube.com/channel/UCwWhs_6x42TyRM4Wstoq8HA/videos","Vitamin Plastic Water: Don’t Just Consume Microplastics, Enjoy Them! | The Daily Show","https://www.youtube.com/watch?v=zVrDzYczOJ0","Mary Roach: 10 things you didn't know about orgasm | TED","https://www.youtube.com/watch?v=7jx0dTYUO5E&pp=0gcJCU0KAYcqIYzv"
"1768103425-465","https://www.youtube.com/channel/UCwWhs_6x42TyRM4Wstoq8HA/videos","Vitamin Plastic Water: Don’t Just Consume Microplastics, Enjoy Them! | The Daily Show","https://www.youtube.com/watch?v=zVrDzYczOJ0","What the actual science says about ""brain rot""","https://www.youtube.com/watch?v=tdIUMkXxtHg&pp=ugUHEgVlbi1VU9IHCQlNCgGHKiGM7w%3D%3D"
"1768103425-466","https://www.youtube.com/channel/UCwWhs_6x42TyRM4Wstoq8HA/videos","Vitamin Plastic Water: Don’t Just Consume Microplastics, Enjoy Them! | The Daily Show","https://www.youtube.com/watch?v=zVrDzYczOJ0","Chef Show - SNL","https://www.youtube.com/watch?v=PEOZ3I2zk1E"
"1768103425-467","https://www.youtube.com/channel/UCwWhs_6x42TyRM4Wstoq8HA/videos","Vitamin Plastic Water: Don’t Just Consume Microplastics, Enjoy Them! | The Daily Show","https://www.youtube.com/watch?v=zVrDzYczOJ0","The Daily Show","https://www.youtube.com/watch?v=vzScfW2Jq5Y&pp=sAQB"
"1768103425-468","https://www.youtube.com/channel/UCwWhs_6x42TyRM4Wstoq8HA/videos","Vitamin Plastic Water: Don’t Just Consume Microplastics, Enjoy Them! | The Daily Show","https://www.youtube.com/watch?v=zVrDzYczOJ0","Meet Benny Johnson: The YouTube Star Cosplaying as White House Press Commentator | The Daily Show","https://www.youtube.com/watch?v=lrCd-H2ICmk"
"1768103425-469","https://www.youtube.com/channel/UCwWhs_6x42TyRM4Wstoq8HA/videos","Vitamin Plastic Water: Don’t Just Consume Microplastics, Enjoy Them! | The Daily Show","https://www.youtube.com/watch?v=zVrDzYczOJ0","Is AI Making College Students Dumber? Ronny Chieng Investigates | The Daily Show","https://www.youtube.com/watch?v=46psLEZCwK8"
"1768103425-470","https://www.youtube.com/channel/UCwWhs_6x42TyRM4Wstoq8HA/videos","Vitamin Plastic Water: Don’t Just Consume Microplastics, Enjoy Them! | The Daily Show","https://www.youtube.com/watch?v=zVrDzYczOJ0","Trump Proposes $1.5 Trillion Military Budget in 2027","https://www.youtube.com/watch?v=AHIYRXuVYDg"
"1768103425-471","https://www.youtube.com/channel/UCwWhs_6x42TyRM4Wstoq8HA/videos","Vitamin Plastic Water: Don’t Just Consume Microplastics, Enjoy Them! | The Daily Show","https://www.youtube.com/watch?v=zVrDzYczOJ0","The Sound Of Science: Banana Water | Light Drinking | The Doomsday Glacier | Weight Loss Superdrug","https://www.youtube.com/watch?v=TbPz7lh1AVo"
"1768103425-472","https://www.youtube.com/channel/UCwWhs_6x42TyRM4Wstoq8HA/videos","Vitamin Plastic Water: Don’t Just Consume Microplastics, Enjoy Them! | The Daily Show","https://www.youtube.com/watch?v=zVrDzYczOJ0","Mentalist Oz Pearlman blows minds, from Joe Rogan to tech titans | 60 Minutes","https://www.youtube.com/watch?v=GOR3QWX6fwk&pp=0gcJCU0KAYcqIYzv"
"1768103425-473","https://www.youtube.com/channel/UCwWhs_6x42TyRM4Wstoq8HA/videos","Vitamin Plastic Water: Don’t Just Consume Microplastics, Enjoy Them! | The Daily Show","https://www.youtube.com/watch?v=zVrDzYczOJ0","The Office Deleted Scenes that shouldn't have been cut","https://www.youtube.com/watch?v=bScxXio_gH8"
"1768103425-474","https://www.youtube.com/channel/UCwWhs_6x42TyRM4Wstoq8HA/videos","Vitamin Plastic Water: Don’t Just Consume Microplastics, Enjoy Them! | The Daily Show","https://www.youtube.com/watch?v=zVrDzYczOJ0","Jury Duty - SNL","https://www.youtube.com/watch?v=TrdJQJ_RXrQ"
"1768103425-475","https://www.youtube.com/channel/UCwWhs_6x42TyRM4Wstoq8HA/videos","Vitamin Plastic Water: Don’t Just Consume Microplastics, Enjoy Them! | The Daily Show","https://www.youtube.com/watch?v=zVrDzYczOJ0","Trump Puts the Squeeze on Venezuela's Oil & Eyes Greenland as Next Target | The Daily Show","https://www.youtube.com/watch?v=CGI1s_MU0IE"
"1768103425-476","https://www.youtube.com/channel/UCwWhs_6x42TyRM4Wstoq8HA/videos","Vitamin Plastic Water: Don’t Just Consume Microplastics, Enjoy Them! | The Daily Show","https://www.youtube.com/watch?v=zVrDzYczOJ0","Jon Stewart Surprises Jimmy Kimmel’s Kids on the Drive to School","https://www.youtube.com/watch?v=BfpaqJeE2eM&pp=ugUHEgVlbi1VUw%3D%3D"
"1768103425-477","https://www.youtube.com/channel/UCwWhs_6x42TyRM4Wstoq8HA/videos","Vitamin Plastic Water: Don’t Just Consume Microplastics, Enjoy Them! | The Daily Show","https://www.youtube.com/watch?v=zVrDzYczOJ0","New Barista Training - SNL","https://www.youtube.com/watch?v=Tn7g2cn7iBo"
"1768103425-478","https://www.youtube.com/channel/UCwWhs_6x42TyRM4Wstoq8HA/videos","Vitamin Plastic Water: Don’t Just Consume Microplastics, Enjoy Them! | The Daily Show","https://www.youtube.com/watch?v=zVrDzYczOJ0","Jon & Ronny on Maduro's Abduction, Trump's Oil Extortion & Minnesota ICE Shooting | The Daily Show","https://www.youtube.com/watch?v=iyj8hpOukfE&pp=0gcJCU0KAYcqIYzv"
"1768103425-479","https://www.youtube.com/channel/UCwWhs_6x42TyRM4Wstoq8HA/videos","Vitamin Plastic Water: Don’t Just Consume Microplastics, Enjoy Them! | The Daily Show","https://www.youtube.com/watch?v=zVrDzYczOJ0","Australian Fruit Is Flexing on America","https://www.youtube.com/watch?v=mMod2Di2oVo"
"1768103435-480","https://www.youtube.com/channel/UCwWhs_6x42TyRM4Wstoq8HA/videos","Trump Puts the Squeeze on Venezuela's Oil & Eyes Greenland as Next Target | The Daily Show","https://www.youtube.com/watch?v=CGI1s_MU0IE","ICE Killing in Minnesota Ignites Protests as Trump and Kristi Noem Double Down | The Daily Show","https://www.youtube.com/watch?v=a1Yo5Bcpx5c"
"1768103435-481","https://www.youtube.com/channel/UCwWhs_6x42TyRM4Wstoq8HA/videos","Trump Puts the Squeeze on Venezuela's Oil & Eyes Greenland as Next Target | The Daily Show","https://www.youtube.com/watch?v=CGI1s_MU0IE","Rubio: U.S. Wants To Buy Greenland | Stealing Venezuela's Oil | Dr. Oz: Booze Brings People Together","https://www.youtube.com/watch?v=VSGNAfPAsGY"
"1768103435-482","https://www.youtube.com/channel/UCwWhs_6x42TyRM4Wstoq8HA/videos","Trump Puts the Squeeze on Venezuela's Oil & Eyes Greenland as Next Target | The Daily Show","https://www.youtube.com/watch?v=CGI1s_MU0IE","Why Everyone Suddenly Wants Greenland","https://www.youtube.com/watch?v=sxRdKRORYoA&pp=ugUEEgJlbg%3D%3D"
"1768103435-483","https://www.youtube.com/channel/UCwWhs_6x42TyRM4Wstoq8HA/videos","Trump Puts the Squeeze on Venezuela's Oil & Eyes Greenland as Next Target | The Daily Show","https://www.youtube.com/watch?v=CGI1s_MU0IE","Jon & Ronny on Maduro's Abduction, Trump's Oil Extortion & Minnesota ICE Shooting | The Daily Show","https://www.youtube.com/watch?v=iyj8hpOukfE"
"1768103435-484","https://www.youtube.com/channel/UCwWhs_6x42TyRM4Wstoq8HA/videos","Trump Puts the Squeeze on Venezuela's Oil & Eyes Greenland as Next Target | The Daily Show","https://www.youtube.com/watch?v=CGI1s_MU0IE","Why Trump’s Venezuela oil gamble won’t pay off","https://www.youtube.com/watch?v=HWezR4NNUr8&pp=ugUEEgJlbg%3D%3D"
"1768103435-485","https://www.youtube.com/channel/UCwWhs_6x42TyRM4Wstoq8HA/videos","Trump Puts the Squeeze on Venezuela's Oil & Eyes Greenland as Next Target | The Daily Show","https://www.youtube.com/watch?v=CGI1s_MU0IE","Who Actually Makes Trader Joe’s Food?","https://www.youtube.com/watch?v=zOd01sLlDj4"
"1768103435-486","https://www.youtube.com/channel/UCwWhs_6x42TyRM4Wstoq8HA/videos","Trump Puts the Squeeze on Venezuela's Oil & Eyes Greenland as Next Target | The Daily Show","https://www.youtube.com/watch?v=CGI1s_MU0IE","The World's Most Important Machine","https://www.youtube.com/watch?v=MiUHjLxm3V0"
"1768103435-487","https://www.youtube.com/channel/UCwWhs_6x42TyRM4Wstoq8HA/videos","Trump Puts the Squeeze on Venezuela's Oil & Eyes Greenland as Next Target | The Daily Show","https://www.youtube.com/watch?v=CGI1s_MU0IE","The Daily Show","https://www.youtube.com/watch?v=vzScfW2Jq5Y&pp=sAQB"
"1768103435-488","https://www.youtube.com/channel/UCwWhs_6x42TyRM4Wstoq8HA/videos","Trump Puts the Squeeze on Venezuela's Oil & Eyes Greenland as Next Target | The Daily Show","https://www.youtube.com/watch?v=CGI1s_MU0IE","How did the US get Maduro? Inside Operation Absolute Resolve | BBC Security Brief","https://www.youtube.com/watch?v=_mmmdQG0NUA"
"1768103435-489","https://www.youtube.com/channel/UCwWhs_6x42TyRM4Wstoq8HA/videos","Trump Puts the Squeeze on Venezuela's Oil & Eyes Greenland as Next Target | The Daily Show","https://www.youtube.com/watch?v=CGI1s_MU0IE","Pentagon Press Conference Cold Open - SNL","https://www.youtube.com/watch?v=WWG5YJPuGFo"
"1768103435-490","https://www.youtube.com/channel/UCwWhs_6x42TyRM4Wstoq8HA/videos","Trump Puts the Squeeze on Venezuela's Oil & Eyes Greenland as Next Target | The Daily Show","https://www.youtube.com/watch?v=CGI1s_MU0IE","Trump’s Venezuela Money Grab, Problem Falling Asleep in Meetings & Unarmed Woman Killed by ICE","https://www.youtube.com/watch?v=x03ZxnzfgNA&pp=ugUHEgVlbi1VUw%3D%3D"
"1768103435-491","https://www.youtube.com/channel/UCwWhs_6x42TyRM4Wstoq8HA/videos","Trump Puts the Squeeze on Venezuela's Oil & Eyes Greenland as Next Target | The Daily Show","https://www.youtube.com/watch?v=CGI1s_MU0IE","Why One Oil Company Has a Head Start in Venezuela","https://www.youtube.com/watch?v=tuHUZjwt_8o"
"1768103435-492","https://www.youtube.com/channel/UCwWhs_6x42TyRM4Wstoq8HA/videos","Trump Puts the Squeeze on Venezuela's Oil & Eyes Greenland as Next Target | The Daily Show","https://www.youtube.com/watch?v=CGI1s_MU0IE","Venezuela: Last Week Tonight with John Oliver (HBO)","https://www.youtube.com/watch?v=IYfgvS0FA7U"
"1768103435-493","https://www.youtube.com/channel/UCwWhs_6x42TyRM4Wstoq8HA/videos","Trump Puts the Squeeze on Venezuela's Oil & Eyes Greenland as Next Target | The Daily Show","https://www.youtube.com/watch?v=CGI1s_MU0IE","Trump Proposes $1.5 Trillion Military Budget in 2027","https://www.youtube.com/watch?v=AHIYRXuVYDg"
"1768103435-494","https://www.youtube.com/channel/UCwWhs_6x42TyRM4Wstoq8HA/videos","Trump Puts the Squeeze on Venezuela's Oil & Eyes Greenland as Next Target | The Daily Show","https://www.youtube.com/watch?v=CGI1s_MU0IE","Progress made on AI-powered humanoid robots | 60 Minutes","https://www.youtube.com/watch?v=CbHeh7qwils"
"1768103435-495","https://www.youtube.com/channel/UCwWhs_6x42TyRM4Wstoq8HA/videos","Trump Puts the Squeeze on Venezuela's Oil & Eyes Greenland as Next Target | The Daily Show","https://www.youtube.com/watch?v=CGI1s_MU0IE","""Any ICE Agents In!?"" - Jimmy Might Have Found a Sleeper Agent?! | Jimmy Carr Crowd Work","https://www.youtube.com/watch?v=FfWSPg9HINw"
"1768103435-496","https://www.youtube.com/channel/UCwWhs_6x42TyRM4Wstoq8HA/videos","Trump Puts the Squeeze on Venezuela's Oil & Eyes Greenland as Next Target | The Daily Show","https://www.youtube.com/watch?v=CGI1s_MU0IE","ABC World News Tonight with David Muir Full Broadcast - January 10th, 2026","https://www.youtube.com/watch?v=Wo1i5ayMCO8"
"1768103435-497","https://www.youtube.com/channel/UCwWhs_6x42TyRM4Wstoq8HA/videos","Trump Puts the Squeeze on Venezuela's Oil & Eyes Greenland as Next Target | The Daily Show","https://www.youtube.com/watch?v=CGI1s_MU0IE","Is The Line Really Dead?","https://www.youtube.com/watch?v=zFVYgZMEOFg"
"1768103435-498","https://www.youtube.com/channel/UCwWhs_6x42TyRM4Wstoq8HA/videos","Trump Puts the Squeeze on Venezuela's Oil & Eyes Greenland as Next Target | The Daily Show","https://www.youtube.com/watch?v=CGI1s_MU0IE","Trump Kidnaps President Maduro, Targets Venezuelan Oil & Ditches ""America First"" | The Daily Show","https://www.youtube.com/watch?v=HDSzUfMZRHE"
"1768103435-499","https://www.youtube.com/channel/UCwWhs_6x42TyRM4Wstoq8HA/videos","Trump Puts the Squeeze on Venezuela's Oil & Eyes Greenland as Next Target | The Daily Show","https://www.youtube.com/watch?v=CGI1s_MU0IE","Can Trump really get Venezuela’s oil flowing again? | About That","https://www.youtube.com/watch?v=RhlKugl53CY"
"1768103446-500","https://www.youtube.com/channel/UCwWhs_6x42TyRM4Wstoq8HA/videos","Stephen J. Dubner - “Freakonomics” 20th Anniversary | The Daily Show","https://www.youtube.com/watch?v=lAB6XAJ9xFA","Jon & Ronny on Maduro's Abduction, Trump's Oil Extortion & Minnesota ICE Shooting | The Daily Show","https://www.youtube.com/watch?v=iyj8hpOukfE"
"1768103446-501","https://www.youtube.com/channel/UCwWhs_6x42TyRM4Wstoq8HA/videos","Stephen J. Dubner - “Freakonomics” 20th Anniversary | The Daily Show","https://www.youtube.com/watch?v=lAB6XAJ9xFA","Jon Stewart – One of My Favorite People - What Now? with Trevor Noah Podcast","https://www.youtube.com/watch?v=44uC12g9ZVk"
"1768103446-502","https://www.youtube.com/channel/UCwWhs_6x42TyRM4Wstoq8HA/videos","Stephen J. Dubner - “Freakonomics” 20th Anniversary | The Daily Show","https://www.youtube.com/watch?v=lAB6XAJ9xFA","Director Park Chan-wook - Satirizing Capitalism in “No Other Choice” | The Daily Show","https://www.youtube.com/watch?v=Jj0N63qglbI"
"1768103446-503","https://www.youtube.com/channel/UCwWhs_6x42TyRM4Wstoq8HA/videos","Stephen J. Dubner - “Freakonomics” 20th Anniversary | The Daily Show","https://www.youtube.com/watch?v=lAB6XAJ9xFA","""A Cold-Blooded Murder"" - Chris Hayes Reacts To Video Of The Deadly ICE Shooting In Minneapolis","https://www.youtube.com/watch?v=hFjSldeSOqQ"
"1768103446-504","https://www.youtube.com/channel/UCwWhs_6x42TyRM4Wstoq8HA/videos","Stephen J. Dubner - “Freakonomics” 20th Anniversary | The Daily Show","https://www.youtube.com/watch?v=lAB6XAJ9xFA","What Billionaire Tech CEOs Get Wrong About The Future, with Adam Becker","https://www.youtube.com/watch?v=o6UdRXloqGc&pp=ugUEEgJlbg%3D%3D"
"1768103446-505","https://www.youtube.com/channel/UCwWhs_6x42TyRM4Wstoq8HA/videos","Stephen J. Dubner - “Freakonomics” 20th Anniversary | The Daily Show","https://www.youtube.com/watch?v=lAB6XAJ9xFA","Venezuela, Renee Good and Trump’s ‘Assault on Hope’ | The Ezra Klein Show","https://www.youtube.com/watch?v=U6DbiSMi6ik"
"1768103446-506","https://www.youtube.com/channel/UCwWhs_6x42TyRM4Wstoq8HA/videos","Stephen J. Dubner - “Freakonomics” 20th Anniversary | The Daily Show","https://www.youtube.com/watch?v=lAB6XAJ9xFA","Who Actually Makes Trader Joe’s Food?","https://www.youtube.com/watch?v=zOd01sLlDj4"
"1768103446-507","https://www.youtube.com/channel/UCwWhs_6x42TyRM4Wstoq8HA/videos","Stephen J. Dubner - “Freakonomics” 20th Anniversary | The Daily Show","https://www.youtube.com/watch?v=lAB6XAJ9xFA","The Daily Show","https://www.youtube.com/watch?v=vzScfW2Jq5Y&pp=sAQB0gcJCU0KAYcqIYzv"
"1768103446-508","https://www.youtube.com/channel/UCwWhs_6x42TyRM4Wstoq8HA/videos","Stephen J. Dubner - “Freakonomics” 20th Anniversary | The Daily Show","https://www.youtube.com/watch?v=lAB6XAJ9xFA","Trump’s Venezuela Money Grab, Problem Falling Asleep in Meetings & Unarmed Woman Killed by ICE","https://www.youtube.com/watch?v=x03ZxnzfgNA&pp=ugUHEgVlbi1VUw%3D%3D"
"1768103446-509","https://www.youtube.com/channel/UCwWhs_6x42TyRM4Wstoq8HA/videos","Stephen J. Dubner - “Freakonomics” 20th Anniversary | The Daily Show","https://www.youtube.com/watch?v=lAB6XAJ9xFA","Cory Doctorow - Rescuing the Internet From “Enshittification” | The Daily Show","https://www.youtube.com/watch?v=d2e-c9SF5nE"
"1768103446-510","https://www.youtube.com/channel/UCwWhs_6x42TyRM4Wstoq8HA/videos","Stephen J. Dubner - “Freakonomics” 20th Anniversary | The Daily Show","https://www.youtube.com/watch?v=lAB6XAJ9xFA","Rubio: U.S. Wants To Buy Greenland | Stealing Venezuela's Oil | Dr. Oz: Booze Brings People Together","https://www.youtube.com/watch?v=VSGNAfPAsGY"
"1768103446-511","https://www.youtube.com/channel/UCwWhs_6x42TyRM4Wstoq8HA/videos","Stephen J. Dubner - “Freakonomics” 20th Anniversary | The Daily Show","https://www.youtube.com/watch?v=lAB6XAJ9xFA","Trump Proposes $1.5 Trillion Military Budget in 2027","https://www.youtube.com/watch?v=AHIYRXuVYDg"
"1768103446-512","https://www.youtube.com/channel/UCwWhs_6x42TyRM4Wstoq8HA/videos","Stephen J. Dubner - “Freakonomics” 20th Anniversary | The Daily Show","https://www.youtube.com/watch?v=lAB6XAJ9xFA","Saudi Comedy Festival, Charlie Kirk - Between the Scenes","https://www.youtube.com/watch?v=U9bfuM7YR2U"
"1768103446-513","https://www.youtube.com/channel/UCwWhs_6x42TyRM4Wstoq8HA/videos","Stephen J. Dubner - “Freakonomics” 20th Anniversary | The Daily Show","https://www.youtube.com/watch?v=lAB6XAJ9xFA","Professor Answers China Questions | Tech Support | WIRED","https://www.youtube.com/watch?v=1oh8mk_PJS0"
"1768103446-514","https://www.youtube.com/channel/UCwWhs_6x42TyRM4Wstoq8HA/videos","Stephen J. Dubner - “Freakonomics” 20th Anniversary | The Daily Show","https://www.youtube.com/watch?v=lAB6XAJ9xFA","Venezuela: Last Week Tonight with John Oliver (HBO)","https://www.youtube.com/watch?v=IYfgvS0FA7U"
"1768103446-515","https://www.youtube.com/channel/UCwWhs_6x42TyRM4Wstoq8HA/videos","Stephen J. Dubner - “Freakonomics” 20th Anniversary | The Daily Show","https://www.youtube.com/watch?v=lAB6XAJ9xFA","Larry David Rants About Hating the Beach, Talks Wild Elmo Encounter and Curb Your Enthusiasm","https://www.youtube.com/watch?v=-5DmY8mZaVg"
"1768103446-516","https://www.youtube.com/channel/UCwWhs_6x42TyRM4Wstoq8HA/videos","Stephen J. Dubner - “Freakonomics” 20th Anniversary | The Daily Show","https://www.youtube.com/watch?v=lAB6XAJ9xFA","ICE Killing in Minnesota Ignites Protests as Trump and Kristi Noem Double Down | The Daily Show","https://www.youtube.com/watch?v=a1Yo5Bcpx5c"
"1768103446-517","https://www.youtube.com/channel/UCwWhs_6x42TyRM4Wstoq8HA/videos","Stephen J. Dubner - “Freakonomics” 20th Anniversary | The Daily Show","https://www.youtube.com/watch?v=lAB6XAJ9xFA","""Any ICE Agents In!?"" - Jimmy Might Have Found a Sleeper Agent?! | Jimmy Carr Crowd Work","https://www.youtube.com/watch?v=FfWSPg9HINw&pp=0gcJCU0KAYcqIYzv"
"1768103446-518","https://www.youtube.com/channel/UCwWhs_6x42TyRM4Wstoq8HA/videos","Stephen J. Dubner - “Freakonomics” 20th Anniversary | The Daily Show","https://www.youtube.com/watch?v=lAB6XAJ9xFA","Jim Gaffigan on Hospitals, Surgeons & Nurses! | Best Jokes!","https://www.youtube.com/watch?v=mOrHRGwXPRE"
"1768103446-519","https://www.youtube.com/channel/UCwWhs_6x42TyRM4Wstoq8HA/videos","Stephen J. Dubner - “Freakonomics” 20th Anniversary | The Daily Show","https://www.youtube.com/watch?v=lAB6XAJ9xFA","Lucy Liu - “Rosemead” | The Daily Show","https://www.youtube.com/watch?v=gD_6EMf1YRQ"
"1768103456-520","https://www.youtube.com/channel/UCwWhs_6x42TyRM4Wstoq8HA/videos","Meet Benny Johnson: The YouTube Star Cosplaying as White House Press Commentator | The Daily Show","https://www.youtube.com/watch?v=lrCd-H2ICmk","ICE Killing in Minnesota Ignites Protests as Trump and Kristi Noem Double Down | The Daily Show","https://www.youtube.com/watch?v=a1Yo5Bcpx5c"
"1768103456-521","https://www.youtube.com/channel/UCwWhs_6x42TyRM4Wstoq8HA/videos","Meet Benny Johnson: The YouTube Star Cosplaying as White House Press Commentator | The Daily Show","https://www.youtube.com/watch?v=lrCd-H2ICmk","Jon & Ronny on Maduro's Abduction, Trump's Oil Extortion & Minnesota ICE Shooting | The Daily Show","https://www.youtube.com/watch?v=iyj8hpOukfE&pp=0gcJCU0KAYcqIYzv"
"1768103456-522","https://www.youtube.com/channel/UCwWhs_6x42TyRM4Wstoq8HA/videos","Meet Benny Johnson: The YouTube Star Cosplaying as White House Press Commentator | The Daily Show","https://www.youtube.com/watch?v=lrCd-H2ICmk","""Any ICE Agents In!?"" - Jimmy Might Have Found a Sleeper Agent?! | Jimmy Carr Crowd Work","https://www.youtube.com/watch?v=FfWSPg9HINw"
"1768103456-523","https://www.youtube.com/channel/UCwWhs_6x42TyRM4Wstoq8HA/videos","Meet Benny Johnson: The YouTube Star Cosplaying as White House Press Commentator | The Daily Show","https://www.youtube.com/watch?v=lrCd-H2ICmk","1 Gen-Z Liberal vs 20 Gen-Z Conservatives (ft. Adam Mockler) | Surrounded","https://www.youtube.com/watch?v=gWHxRuD57ig"
"1768103456-524","https://www.youtube.com/channel/UCwWhs_6x42TyRM4Wstoq8HA/videos","Meet Benny Johnson: The YouTube Star Cosplaying as White House Press Commentator | The Daily Show","https://www.youtube.com/watch?v=lrCd-H2ICmk","Trump Sounds Incoherent In Rambling Press Conference","https://www.youtube.com/watch?v=l8FNl5gDP3c&pp=ugUEEgJlbg%3D%3D"
"1768103456-525","https://www.youtube.com/channel/UCwWhs_6x42TyRM4Wstoq8HA/videos","Meet Benny Johnson: The YouTube Star Cosplaying as White House Press Commentator | The Daily Show","https://www.youtube.com/watch?v=lrCd-H2ICmk","Jon Stewart – One of My Favorite People - What Now? with Trevor Noah Podcast","https://www.youtube.com/watch?v=44uC12g9ZVk&pp=0gcJCU0KAYcqIYzv"
"1768103456-526","https://www.youtube.com/channel/UCwWhs_6x42TyRM4Wstoq8HA/videos","Meet Benny Johnson: The YouTube Star Cosplaying as White House Press Commentator | The Daily Show","https://www.youtube.com/watch?v=lrCd-H2ICmk","Chef Show - SNL","https://www.youtube.com/watch?v=PEOZ3I2zk1E"
"1768103456-527","https://www.youtube.com/channel/UCwWhs_6x42TyRM4Wstoq8HA/videos","Meet Benny Johnson: The YouTube Star Cosplaying as White House Press Commentator | The Daily Show","https://www.youtube.com/watch?v=lrCd-H2ICmk","The Daily Show","https://www.youtube.com/watch?v=vzScfW2Jq5Y&pp=sAQB"
"1768103456-528","https://www.youtube.com/channel/UCwWhs_6x42TyRM4Wstoq8HA/videos","Meet Benny Johnson: The YouTube Star Cosplaying as White House Press Commentator | The Daily Show","https://www.youtube.com/watch?v=lrCd-H2ICmk","Venezuela: Last Week Tonight with John Oliver (HBO)","https://www.youtube.com/watch?v=IYfgvS0FA7U"
"1768103456-529","https://www.youtube.com/channel/UCwWhs_6x42TyRM4Wstoq8HA/videos","Meet Benny Johnson: The YouTube Star Cosplaying as White House Press Commentator | The Daily Show","https://www.youtube.com/watch?v=lrCd-H2ICmk","Trump’s Venezuela Money Grab, Problem Falling Asleep in Meetings & Unarmed Woman Killed by ICE","https://www.youtube.com/watch?v=x03ZxnzfgNA&pp=ugUHEgVlbi1VUw%3D%3D"
"1768103456-530","https://www.youtube.com/channel/UCwWhs_6x42TyRM4Wstoq8HA/videos","Meet Benny Johnson: The YouTube Star Cosplaying as White House Press Commentator | The Daily Show","https://www.youtube.com/watch?v=lrCd-H2ICmk","Why AI is Overrated - with Neil deGrasse Tyson","https://www.youtube.com/watch?v=BYizgB2FcAQ&pp=0gcJCU0KAYcqIYzv"
"1768103456-531","https://www.youtube.com/channel/UCwWhs_6x42TyRM4Wstoq8HA/videos","Meet Benny Johnson: The YouTube Star Cosplaying as White House Press Commentator | The Daily Show","https://www.youtube.com/watch?v=lrCd-H2ICmk","Stephen J. Dubner - “Freakonomics” 20th Anniversary | The Daily Show","https://www.youtube.com/watch?v=lAB6XAJ9xFA"
"1768103456-532","https://www.youtube.com/channel/UCwWhs_6x42TyRM4Wstoq8HA/videos","Meet Benny Johnson: The YouTube Star Cosplaying as White House Press Commentator | The Daily Show","https://www.youtube.com/watch?v=lrCd-H2ICmk","A Deeply Unserious India-Pakistan Summit with Kumail Nanjiani","https://www.youtube.com/watch?v=1tEiWe4NCYA"
"1768103456-533","https://www.youtube.com/channel/UCwWhs_6x42TyRM4Wstoq8HA/videos","Meet Benny Johnson: The YouTube Star Cosplaying as White House Press Commentator | The Daily Show","https://www.youtube.com/watch?v=lrCd-H2ICmk","Sen. Mark Kelly - “I’m Not Backing Down” | The Daily Show","https://www.youtube.com/watch?v=fsI9ml9oF_s&pp=0gcJCU0KAYcqIYzv"
"1768103456-534","https://www.youtube.com/channel/UCwWhs_6x42TyRM4Wstoq8HA/videos","Meet Benny Johnson: The YouTube Star Cosplaying as White House Press Commentator | The Daily Show","https://www.youtube.com/watch?v=lrCd-H2ICmk","Pentagon Press Conference Cold Open - SNL","https://www.youtube.com/watch?v=WWG5YJPuGFo"
"1768103456-535","https://www.youtube.com/channel/UCwWhs_6x42TyRM4Wstoq8HA/videos","Meet Benny Johnson: The YouTube Star Cosplaying as White House Press Commentator | The Daily Show","https://www.youtube.com/watch?v=lrCd-H2ICmk","Trump Proposes $1.5 Trillion Military Budget in 2027","https://www.youtube.com/watch?v=AHIYRXuVYDg"
"1768103456-536","https://www.youtube.com/channel/UCwWhs_6x42TyRM4Wstoq8HA/videos","Meet Benny Johnson: The YouTube Star Cosplaying as White House Press Commentator | The Daily Show","https://www.youtube.com/watch?v=lrCd-H2ICmk","Lip Sync Battle with Will Ferrell, Kevin Hart and Jimmy Fallon | Fallon Flashback","https://www.youtube.com/watch?v=_uRlE-PeWIA"
"1768103456-537","https://www.youtube.com/channel/UCwWhs_6x42TyRM4Wstoq8HA/videos","Meet Benny Johnson: The YouTube Star Cosplaying as White House Press Commentator | The Daily Show","https://www.youtube.com/watch?v=lrCd-H2ICmk","Director Park Chan-wook - Satirizing Capitalism in “No Other Choice” | The Daily Show","https://www.youtube.com/watch?v=Jj0N63qglbI"
"1768103456-538","https://www.youtube.com/channel/UCwWhs_6x42TyRM4Wstoq8HA/videos","Meet Benny Johnson: The YouTube Star Cosplaying as White House Press Commentator | The Daily Show","https://www.youtube.com/watch?v=lrCd-H2ICmk","Every Time Kate McKinnon Made People BREAK on SNL","https://www.youtube.com/watch?v=VNoVq41mEqQ"
"1768103456-539","https://www.youtube.com/channel/UCwWhs_6x42TyRM4Wstoq8HA/videos","Meet Benny Johnson: The YouTube Star Cosplaying as White House Press Commentator | The Daily Show","https://www.youtube.com/watch?v=lrCd-H2ICmk","Trump Puts the Squeeze on Venezuela's Oil & Eyes Greenland as Next Target | The Daily Show","https://www.youtube.com/watch?v=CGI1s_MU0IE"
"1768103467-540","https://www.youtube.com/channel/UCwWhs_6x42TyRM4Wstoq8HA/videos","ICE Killing in Minnesota Ignites Protests as Trump and Kristi Noem Double Down | The Daily Show","https://www.youtube.com/watch?v=a1Yo5Bcpx5c","Jimmy Kimmel on the Awful ICE Shooting in Minneapolis & a Baseline of Decency Being Gone in America","https://www.youtube.com/watch?v=rG_EPeGz9IQ&pp=ugUHEgVlbi1VUw%3D%3D"
"1768103467-541","https://www.youtube.com/channel/UCwWhs_6x42TyRM4Wstoq8HA/videos","ICE Killing in Minnesota Ignites Protests as Trump and Kristi Noem Double Down | The Daily Show","https://www.youtube.com/watch?v=a1Yo5Bcpx5c","Trump Admin Lies About Deadly ICE Shooting in Minneapolis Amid National Outcry: A Closer Look","https://www.youtube.com/watch?v=UrmdeSOPuj4"
"1768103467-542","https://www.youtube.com/channel/UCwWhs_6x42TyRM4Wstoq8HA/videos","ICE Killing in Minnesota Ignites Protests as Trump and Kristi Noem Double Down | The Daily Show","https://www.youtube.com/watch?v=a1Yo5Bcpx5c","Best of CES 2026","https://www.youtube.com/watch?v=74GPI45oUDk"
"1768103467-543","https://www.youtube.com/channel/UCwWhs_6x42TyRM4Wstoq8HA/videos","ICE Killing in Minnesota Ignites Protests as Trump and Kristi Noem Double Down | The Daily Show","https://www.youtube.com/watch?v=a1Yo5Bcpx5c","Jon & Ronny on Maduro's Abduction, Trump's Oil Extortion & Minnesota ICE Shooting | The Daily Show","https://www.youtube.com/watch?v=iyj8hpOukfE&pp=0gcJCU0KAYcqIYzv"
"1768103467-544","https://www.youtube.com/channel/UCwWhs_6x42TyRM4Wstoq8HA/videos","ICE Killing in Minnesota Ignites Protests as Trump and Kristi Noem Double Down | The Daily Show","https://www.youtube.com/watch?v=a1Yo5Bcpx5c","Australian Fruit Is Flexing on America","https://www.youtube.com/watch?v=mMod2Di2oVo"
"1768103467-545","https://www.youtube.com/channel/UCwWhs_6x42TyRM4Wstoq8HA/videos","ICE Killing in Minnesota Ignites Protests as Trump and Kristi Noem Double Down | The Daily Show","https://www.youtube.com/watch?v=a1Yo5Bcpx5c","Why One Oil Company Has a Head Start in Venezuela","https://www.youtube.com/watch?v=tuHUZjwt_8o"
"1768103467-546","https://www.youtube.com/channel/UCwWhs_6x42TyRM4Wstoq8HA/videos","ICE Killing in Minnesota Ignites Protests as Trump and Kristi Noem Double Down | The Daily Show","https://www.youtube.com/watch?v=a1Yo5Bcpx5c","Trump Puts the Squeeze on Venezuela's Oil & Eyes Greenland as Next Target | The Daily Show","https://www.youtube.com/watch?v=CGI1s_MU0IE&pp=0gcJCU0KAYcqIYzv"
"1768103467-547","https://www.youtube.com/channel/UCwWhs_6x42TyRM4Wstoq8HA/videos","ICE Killing in Minnesota Ignites Protests as Trump and Kristi Noem Double Down | The Daily Show","https://www.youtube.com/watch?v=a1Yo5Bcpx5c","The Daily Show","https://www.youtube.com/watch?v=vzScfW2Jq5Y&pp=sAQB"
"1768103467-548","https://www.youtube.com/channel/UCwWhs_6x42TyRM4Wstoq8HA/videos","ICE Killing in Minnesota Ignites Protests as Trump and Kristi Noem Double Down | The Daily Show","https://www.youtube.com/watch?v=a1Yo5Bcpx5c","What Sam Altman Doesn't Want You To Know","https://www.youtube.com/watch?v=l0K4XPu3Qhg"
"1768103467-549","https://www.youtube.com/channel/UCwWhs_6x42TyRM4Wstoq8HA/videos","ICE Killing in Minnesota Ignites Protests as Trump and Kristi Noem Double Down | The Daily Show","https://www.youtube.com/watch?v=a1Yo5Bcpx5c","""Any ICE Agents In!?"" - Jimmy Might Have Found a Sleeper Agent?! | Jimmy Carr Crowd Work","https://www.youtube.com/watch?v=FfWSPg9HINw"
"1768103467-550","https://www.youtube.com/channel/UCwWhs_6x42TyRM4Wstoq8HA/videos","ICE Killing in Minnesota Ignites Protests as Trump and Kristi Noem Double Down | The Daily Show","https://www.youtube.com/watch?v=a1Yo5Bcpx5c","I Worked At A Google Data Center: What I Saw Will Shock You.","https://www.youtube.com/watch?v=wLX_w0TtBpY"
"1768103467-551","https://www.youtube.com/channel/UCwWhs_6x42TyRM4Wstoq8HA/videos","ICE Killing in Minnesota Ignites Protests as Trump and Kristi Noem Double Down | The Daily Show","https://www.youtube.com/watch?v=a1Yo5Bcpx5c","Trump Proposes $1.5 Trillion Military Budget in 2027","https://www.youtube.com/watch?v=AHIYRXuVYDg"
"1768103467-552","https://www.youtube.com/channel/UCwWhs_6x42TyRM4Wstoq8HA/videos","ICE Killing in Minnesota Ignites Protests as Trump and Kristi Noem Double Down | The Daily Show","https://www.youtube.com/watch?v=a1Yo5Bcpx5c","Trump Delivers Scatterbrained Speech to GOP, He Guns for Greenland & 5th Anniversary of Insurrection","https://www.youtube.com/watch?v=w4-Vnatjopc"
"1768103467-553","https://www.youtube.com/channel/UCwWhs_6x42TyRM4Wstoq8HA/videos","ICE Killing in Minnesota Ignites Protests as Trump and Kristi Noem Double Down | The Daily Show","https://www.youtube.com/watch?v=a1Yo5Bcpx5c","Kriss Drummer Hears ""Baba O'Riley"" For The First Time","https://www.youtube.com/watch?v=sHU4re5lOpE"
"1768103467-554","https://www.youtube.com/channel/UCwWhs_6x42TyRM4Wstoq8HA/videos","ICE Killing in Minnesota Ignites Protests as Trump and Kristi Noem Double Down | The Daily Show","https://www.youtube.com/watch?v=a1Yo5Bcpx5c","Director Park Chan-wook - Satirizing Capitalism in “No Other Choice” | The Daily Show","https://www.youtube.com/watch?v=Jj0N63qglbI"
"1768103467-555","https://www.youtube.com/channel/UCwWhs_6x42TyRM4Wstoq8HA/videos","ICE Killing in Minnesota Ignites Protests as Trump and Kristi Noem Double Down | The Daily Show","https://www.youtube.com/watch?v=a1Yo5Bcpx5c","The unexpected faces on the frontlines of ICE raids","https://www.youtube.com/watch?v=-yKSgM0G1xQ&pp=0gcJCU0KAYcqIYzv"
"1768103467-556","https://www.youtube.com/channel/UCwWhs_6x42TyRM4Wstoq8HA/videos","ICE Killing in Minnesota Ignites Protests as Trump and Kristi Noem Double Down | The Daily Show","https://www.youtube.com/watch?v=a1Yo5Bcpx5c","Inside an Immigration Raid That Swept Up U.S. Citizens | Visual Investigations","https://www.youtube.com/watch?v=9ws1r6CaSXs"
"1768103467-557","https://www.youtube.com/channel/UCwWhs_6x42TyRM4Wstoq8HA/videos","ICE Killing in Minnesota Ignites Protests as Trump and Kristi Noem Double Down | The Daily Show","https://www.youtube.com/watch?v=a1Yo5Bcpx5c","Trump Kidnaps President Maduro, Targets Venezuelan Oil & Ditches ""America First"" | The Daily Show","https://www.youtube.com/watch?v=HDSzUfMZRHE"
"1768103467-558","https://www.youtube.com/channel/UCwWhs_6x42TyRM4Wstoq8HA/videos","ICE Killing in Minnesota Ignites Protests as Trump and Kristi Noem Double Down | The Daily Show","https://www.youtube.com/watch?v=a1Yo5Bcpx5c","Brooks and Capehart on the response to the Minnesota ICE shooting","https://www.youtube.com/watch?v=QQiiNa-X_eU"
"1768103467-559","https://www.youtube.com/channel/UCwWhs_6x42TyRM4Wstoq8HA/videos","ICE Killing in Minnesota Ignites Protests as Trump and Kristi Noem Double Down | The Daily Show","https://www.youtube.com/watch?v=a1Yo5Bcpx5c","Pentagon Press Conference Cold Open - SNL","https://www.youtube.com/watch?v=WWG5YJPuGFo"
"1768103477-560","https://www.youtube.com/channel/UCwWhs_6x42TyRM4Wstoq8HA/videos","Lucy Liu - “Rosemead” | The Daily Show","https://www.youtube.com/watch?v=gD_6EMf1YRQ&pp=0gcJCU0KAYcqIYzv","Director Park Chan-wook - Satirizing Capitalism in “No Other Choice” | The Daily Show","https://www.youtube.com/watch?v=Jj0N63qglbI"
"1768103477-561","https://www.youtube.com/channel/UCwWhs_6x42TyRM4Wstoq8HA/videos","Lucy Liu - “Rosemead” | The Daily Show","https://www.youtube.com/watch?v=gD_6EMf1YRQ&pp=0gcJCU0KAYcqIYzv","Jon & Ronny on Maduro's Abduction, Trump's Oil Extortion & Minnesota ICE Shooting | The Daily Show","https://www.youtube.com/watch?v=iyj8hpOukfE"
"1768103477-562","https://www.youtube.com/channel/UCwWhs_6x42TyRM4Wstoq8HA/videos","Lucy Liu - “Rosemead” | The Daily Show","https://www.youtube.com/watch?v=gD_6EMf1YRQ&pp=0gcJCU0KAYcqIYzv","LILITH FAIR: How Sarah McLachlan Changed Music History (Hulu/CBC Documentary)","https://www.youtube.com/watch?v=rHYDz_0N9tQ"
"1768103477-563","https://www.youtube.com/channel/UCwWhs_6x42TyRM4Wstoq8HA/videos","Lucy Liu - “Rosemead” | The Daily Show","https://www.youtube.com/watch?v=gD_6EMf1YRQ&pp=0gcJCU0KAYcqIYzv","Alysa Liu: The 60 Minutes Interview","https://www.youtube.com/watch?v=6O3HLPWatuU"
"1768103477-564","https://www.youtube.com/channel/UCwWhs_6x42TyRM4Wstoq8HA/videos","Lucy Liu - “Rosemead” | The Daily Show","https://www.youtube.com/watch?v=gD_6EMf1YRQ&pp=0gcJCU0KAYcqIYzv","Simu Liu Spoiled His Parents with Marvel Premiere, Talks The Copenhagen Test & Asian Representation","https://www.youtube.com/watch?v=Q82M9HfD4co"
"1768103477-565","https://www.youtube.com/channel/UCwWhs_6x42TyRM4Wstoq8HA/videos","Lucy Liu - “Rosemead” | The Daily Show","https://www.youtube.com/watch?v=gD_6EMf1YRQ&pp=0gcJCU0KAYcqIYzv","Drew Barrymore Surprises Lucy Liu with Glowing Critic Reviews of 'Rosemead' Film","https://www.youtube.com/watch?v=N6qOMJ_qd_Y"
"1768103477-566","https://www.youtube.com/channel/UCwWhs_6x42TyRM4Wstoq8HA/videos","Lucy Liu - “Rosemead” | The Daily Show","https://www.youtube.com/watch?v=gD_6EMf1YRQ&pp=0gcJCU0KAYcqIYzv","Awkwafina & Ronny Chieng Interview Each Other About “Kung Fu Panda 4” | The Daily Show","https://www.youtube.com/watch?v=O3fh87w6vDQ"
"1768103477-567","https://www.youtube.com/channel/UCwWhs_6x42TyRM4Wstoq8HA/videos","Lucy Liu - “Rosemead” | The Daily Show","https://www.youtube.com/watch?v=gD_6EMf1YRQ&pp=0gcJCU0KAYcqIYzv","The Daily Show","https://www.youtube.com/watch?v=vzScfW2Jq5Y&pp=sAQB0gcJCU0KAYcqIYzv"
"1768103477-568","https://www.youtube.com/channel/UCwWhs_6x42TyRM4Wstoq8HA/videos","Lucy Liu - “Rosemead” | The Daily Show","https://www.youtube.com/watch?v=gD_6EMf1YRQ&pp=0gcJCU0KAYcqIYzv","Michelle Yeoh Breaks Down Her Career, from 'Crazy Rich Asians' to 'Wicked' | Vanity Fair","https://www.youtube.com/watch?v=8W4ItqMTxDs"
"1768103477-569","https://www.youtube.com/channel/UCwWhs_6x42TyRM4Wstoq8HA/videos","Lucy Liu - “Rosemead” | The Daily Show","https://www.youtube.com/watch?v=gD_6EMf1YRQ&pp=0gcJCU0KAYcqIYzv","Lucy Liu Tells 'The View' Why Her Role In 'Rosemead' Is So Personal | The View","https://www.youtube.com/watch?v=FtUOUWpU9xs"
"1768103477-570","https://www.youtube.com/channel/UCwWhs_6x42TyRM4Wstoq8HA/videos","Lucy Liu - “Rosemead” | The Daily Show","https://www.youtube.com/watch?v=gD_6EMf1YRQ&pp=0gcJCU0KAYcqIYzv","Hasan Minhaj and Ronny Chieng Rant About Each Other and Discuss Their Hasan Hates Ronny Tour","https://www.youtube.com/watch?v=fJoGq-2kgfU"
"1768103477-571","https://www.youtube.com/channel/UCwWhs_6x42TyRM4Wstoq8HA/videos","Lucy Liu - “Rosemead” | The Daily Show","https://www.youtube.com/watch?v=gD_6EMf1YRQ&pp=0gcJCU0KAYcqIYzv","Stephen J. Dubner - “Freakonomics” 20th Anniversary | The Daily Show","https://www.youtube.com/watch?v=lAB6XAJ9xFA"
"1768103477-572","https://www.youtube.com/channel/UCwWhs_6x42TyRM4Wstoq8HA/videos","Lucy Liu - “Rosemead” | The Daily Show","https://www.youtube.com/watch?v=gD_6EMf1YRQ&pp=0gcJCU0KAYcqIYzv","Jimmy Kimmel on the Awful ICE Shooting in Minneapolis & a Baseline of Decency Being Gone in America","https://www.youtube.com/watch?v=rG_EPeGz9IQ&pp=ugUHEgVlbi1VUw%3D%3D"
"1768103477-573","https://www.youtube.com/channel/UCwWhs_6x42TyRM4Wstoq8HA/videos","Lucy Liu - “Rosemead” | The Daily Show","https://www.youtube.com/watch?v=gD_6EMf1YRQ&pp=0gcJCU0KAYcqIYzv","ICE Killing in Minnesota Ignites Protests as Trump and Kristi Noem Double Down | The Daily Show","https://www.youtube.com/watch?v=a1Yo5Bcpx5c"
"1768103477-574","https://www.youtube.com/channel/UCwWhs_6x42TyRM4Wstoq8HA/videos","Lucy Liu - “Rosemead” | The Daily Show","https://www.youtube.com/watch?v=gD_6EMf1YRQ&pp=0gcJCU0KAYcqIYzv","Lucy Liu Has Emotional Reaction During Conversation with Drew Barrymore About Parenting","https://www.youtube.com/watch?v=rY8UF5MwOfM"
"1768103477-575","https://www.youtube.com/channel/UCwWhs_6x42TyRM4Wstoq8HA/videos","Lucy Liu - “Rosemead” | The Daily Show","https://www.youtube.com/watch?v=gD_6EMf1YRQ&pp=0gcJCU0KAYcqIYzv","48 Minutes of Jimmy O. Yang | Guess How Much?","https://www.youtube.com/watch?v=_MX7jvKoLsM"
"1768103477-576","https://www.youtube.com/channel/UCwWhs_6x42TyRM4Wstoq8HA/videos","Lucy Liu - “Rosemead” | The Daily Show","https://www.youtube.com/watch?v=gD_6EMf1YRQ&pp=0gcJCU0KAYcqIYzv","A Deeply Unserious India-Pakistan Summit with Kumail Nanjiani","https://www.youtube.com/watch?v=1tEiWe4NCYA"
"1768103477-577","https://www.youtube.com/channel/UCwWhs_6x42TyRM4Wstoq8HA/videos","Lucy Liu - “Rosemead” | The Daily Show","https://www.youtube.com/watch?v=gD_6EMf1YRQ&pp=0gcJCU0KAYcqIYzv","Simu & Bowen - SNL","https://www.youtube.com/watch?v=3e0tszep890"
"1768103477-578","https://www.youtube.com/channel/UCwWhs_6x42TyRM4Wstoq8HA/videos","Lucy Liu - “Rosemead” | The Daily Show","https://www.youtube.com/watch?v=gD_6EMf1YRQ&pp=0gcJCU0KAYcqIYzv","Leonardo DiCaprio & Jennifer Lawrence | Actors on Actors","https://www.youtube.com/watch?v=Q_cV9ciktoQ&pp=ugUEEgJlbg%3D%3D"
"1768103477-579","https://www.youtube.com/channel/UCwWhs_6x42TyRM4Wstoq8HA/videos","Lucy Liu - “Rosemead” | The Daily Show","https://www.youtube.com/watch?v=gD_6EMf1YRQ&pp=0gcJCU0KAYcqIYzv","Sen. Mark Kelly - “I’m Not Backing Down” | The Daily Show","https://www.youtube.com/watch?v=fsI9ml9oF_s"
"1768103487-580","https://www.youtube.com/channel/UCwWhs_6x42TyRM4Wstoq8HA/videos","Jon & Ronny on Maduro's Abduction, Trump's Oil Extortion & Minnesota ICE Shooting | The Daily Show","https://www.youtube.com/watch?v=iyj8hpOukfE","Jimmy Kimmel on the Awful ICE Shooting in Minneapolis & a Baseline of Decency Being Gone in America","https://www.youtube.com/watch?v=rG_EPeGz9IQ&pp=ugUHEgVlbi1VU9IHCQlNCgGHKiGM7w%3D%3D"
"1768103487-581","https://www.youtube.com/channel/UCwWhs_6x42TyRM4Wstoq8HA/videos","Jon & Ronny on Maduro's Abduction, Trump's Oil Extortion & Minnesota ICE Shooting | The Daily Show","https://www.youtube.com/watch?v=iyj8hpOukfE","Sen. Mark Kelly - “I’m Not Backing Down” | The Daily Show","https://www.youtube.com/watch?v=fsI9ml9oF_s"
"1768103487-582","https://www.youtube.com/channel/UCwWhs_6x42TyRM4Wstoq8HA/videos","Jon & Ronny on Maduro's Abduction, Trump's Oil Extortion & Minnesota ICE Shooting | The Daily Show","https://www.youtube.com/watch?v=iyj8hpOukfE","How did the US get Maduro? Inside Operation Absolute Resolve | BBC Security Brief","https://www.youtube.com/watch?v=_mmmdQG0NUA"
"1768103487-583","https://www.youtube.com/channel/UCwWhs_6x42TyRM4Wstoq8HA/videos","Jon & Ronny on Maduro's Abduction, Trump's Oil Extortion & Minnesota ICE Shooting | The Daily Show","https://www.youtube.com/watch?v=iyj8hpOukfE","The Vanity (Completely) Fair Photoshoot","https://www.youtube.com/watch?v=8Ep-gTKaa0o"
"1768103487-584","https://www.youtube.com/channel/UCwWhs_6x42TyRM4Wstoq8HA/videos","Jon & Ronny on Maduro's Abduction, Trump's Oil Extortion & Minnesota ICE Shooting | The Daily Show","https://www.youtube.com/watch?v=iyj8hpOukfE","Why One Oil Company Has a Head Start in Venezuela","https://www.youtube.com/watch?v=tuHUZjwt_8o"
"1768103487-585","https://www.youtube.com/channel/UCwWhs_6x42TyRM4Wstoq8HA/videos","Jon & Ronny on Maduro's Abduction, Trump's Oil Extortion & Minnesota ICE Shooting | The Daily Show","https://www.youtube.com/watch?v=iyj8hpOukfE","Director Park Chan-wook - Satirizing Capitalism in “No Other Choice” | The Daily Show","https://www.youtube.com/watch?v=Jj0N63qglbI"
"1768103487-586","https://www.youtube.com/channel/UCwWhs_6x42TyRM4Wstoq8HA/videos","Jon & Ronny on Maduro's Abduction, Trump's Oil Extortion & Minnesota ICE Shooting | The Daily Show","https://www.youtube.com/watch?v=iyj8hpOukfE","What the Heck Just Happened?","https://www.youtube.com/watch?v=Lz30IMcKDrM"
"1768103487-587","https://www.youtube.com/channel/UCwWhs_6x42TyRM4Wstoq8HA/videos","Jon & Ronny on Maduro's Abduction, Trump's Oil Extortion & Minnesota ICE Shooting | The Daily Show","https://www.youtube.com/watch?v=iyj8hpOukfE","The Daily Show","https://www.youtube.com/watch?v=vzScfW2Jq5Y&pp=sAQB"
"1768103487-588","https://www.youtube.com/channel/UCwWhs_6x42TyRM4Wstoq8HA/videos","Jon & Ronny on Maduro's Abduction, Trump's Oil Extortion & Minnesota ICE Shooting | The Daily Show","https://www.youtube.com/watch?v=iyj8hpOukfE","Trump Kidnaps President Maduro, Targets Venezuelan Oil & Ditches ""America First"" | The Daily Show","https://www.youtube.com/watch?v=HDSzUfMZRHE"
"1768103487-589","https://www.youtube.com/channel/UCwWhs_6x42TyRM4Wstoq8HA/videos","Jon & Ronny on Maduro's Abduction, Trump's Oil Extortion & Minnesota ICE Shooting | The Daily Show","https://www.youtube.com/watch?v=iyj8hpOukfE","Australian Fruit Is Flexing on America","https://www.youtube.com/watch?v=mMod2Di2oVo&pp=0gcJCU0KAYcqIYzv"
"1768103487-590","https://www.youtube.com/channel/UCwWhs_6x42TyRM4Wstoq8HA/videos","Jon & Ronny on Maduro's Abduction, Trump's Oil Extortion & Minnesota ICE Shooting | The Daily Show","https://www.youtube.com/watch?v=iyj8hpOukfE","I Worked At A Google Data Center: What I Saw Will Shock You.","https://www.youtube.com/watch?v=wLX_w0TtBpY&pp=0gcJCU0KAYcqIYzv"
"1768103487-591","https://www.youtube.com/channel/UCwWhs_6x42TyRM4Wstoq8HA/videos","Jon & Ronny on Maduro's Abduction, Trump's Oil Extortion & Minnesota ICE Shooting | The Daily Show","https://www.youtube.com/watch?v=iyj8hpOukfE","Michelle Obama on Gifts from Barack, Being Able to Drive Again & She Remembers Rob & Michele Reiner","https://www.youtube.com/watch?v=IqGNKbXBfPg&pp=ugUHEgVlbi1VUw%3D%3D"
"1768103487-592","https://www.youtube.com/channel/UCwWhs_6x42TyRM4Wstoq8HA/videos","Jon & Ronny on Maduro's Abduction, Trump's Oil Extortion & Minnesota ICE Shooting | The Daily Show","https://www.youtube.com/watch?v=iyj8hpOukfE","Parks & Rec hilarious BLOOPERS you must see! | Parks and Recreation","https://www.youtube.com/watch?v=951zrpVaVuU"
"1768103487-593","https://www.youtube.com/channel/UCwWhs_6x42TyRM4Wstoq8HA/videos","Jon & Ronny on Maduro's Abduction, Trump's Oil Extortion & Minnesota ICE Shooting | The Daily Show","https://www.youtube.com/watch?v=iyj8hpOukfE","Trump Proposes $1.5 Trillion Military Budget in 2027","https://www.youtube.com/watch?v=AHIYRXuVYDg"
"1768103487-594","https://www.youtube.com/channel/UCwWhs_6x42TyRM4Wstoq8HA/videos","Jon & Ronny on Maduro's Abduction, Trump's Oil Extortion & Minnesota ICE Shooting | The Daily Show","https://www.youtube.com/watch?v=iyj8hpOukfE","Maddow calls out the real reason Trump invaded Venezuela","https://www.youtube.com/watch?v=RiitxrHxruo"
"1768103487-595","https://www.youtube.com/channel/UCwWhs_6x42TyRM4Wstoq8HA/videos","Jon & Ronny on Maduro's Abduction, Trump's Oil Extortion & Minnesota ICE Shooting | The Daily Show","https://www.youtube.com/watch?v=iyj8hpOukfE","ABC World News Tonight with David Muir Full Broadcast - January 10th, 2026","https://www.youtube.com/watch?v=Wo1i5ayMCO8"
"1768103487-596","https://www.youtube.com/channel/UCwWhs_6x42TyRM4Wstoq8HA/videos","Jon & Ronny on Maduro's Abduction, Trump's Oil Extortion & Minnesota ICE Shooting | The Daily Show","https://www.youtube.com/watch?v=iyj8hpOukfE","Trump’s Venezuela Money Grab, Problem Falling Asleep in Meetings & Unarmed Woman Killed by ICE","https://www.youtube.com/watch?v=x03ZxnzfgNA&pp=ugUHEgVlbi1VUw%3D%3D"
"1768103487-597","https://www.youtube.com/channel/UCwWhs_6x42TyRM4Wstoq8HA/videos","Jon & Ronny on Maduro's Abduction, Trump's Oil Extortion & Minnesota ICE Shooting | The Daily Show","https://www.youtube.com/watch?v=iyj8hpOukfE","""Any ICE Agents In!?"" - Jimmy Might Have Found a Sleeper Agent?! | Jimmy Carr Crowd Work","https://www.youtube.com/watch?v=FfWSPg9HINw"
"1768103487-598","https://www.youtube.com/channel/UCwWhs_6x42TyRM4Wstoq8HA/videos","Jon & Ronny on Maduro's Abduction, Trump's Oil Extortion & Minnesota ICE Shooting | The Daily Show","https://www.youtube.com/watch?v=iyj8hpOukfE","ICE Killing in Minnesota Ignites Protests as Trump and Kristi Noem Double Down | The Daily Show","https://www.youtube.com/watch?v=a1Yo5Bcpx5c"
"1768103487-599","https://www.youtube.com/channel/UCwWhs_6x42TyRM4Wstoq8HA/videos","Jon & Ronny on Maduro's Abduction, Trump's Oil Extortion & Minnesota ICE Shooting | The Daily Show","https://www.youtube.com/watch?v=iyj8hpOukfE","Jon Stewart – One of My Favorite People - What Now? with Trevor Noah Podcast","https://www.youtube.com/watch?v=44uC12g9ZVk"
