web-scraper-order,web-scraper-start-url,latest_video,latest_video-href,recommended_video,recommended_video-href
"1768103802-1","https://www.youtube.com/user/FoxNewsChannel/videos","Sen. John Kennedy: This is a 'TINDERBOX'","https://www.youtube.com/watch?v=24Dh_kLTM7k","California Governor Loses Control as Hundreds of Gas Stations Shut Down | Elizabeth Davis","https://www.youtube.com/watch?v=e-MgyB_Mmp0"
"1768103802-2","https://www.youtube.com/user/FoxNewsChannel/videos","Sen. John Kennedy: This is a 'TINDERBOX'","https://www.youtube.com/watch?v=24Dh_kLTM7k","'STUNNER': NYC exodus grows as Mamdani's polices take hold","https://www.youtube.com/watch?v=kD93vokCCos"
"1768103802-3","https://www.youtube.com/user/FoxNewsChannel/videos","Sen. John Kennedy: This is a 'TINDERBOX'","https://www.youtube.com/watch?v=24Dh_kLTM7k","Watch his reaction when he’s told he’s a GOOD BOY for the first time 🥹","https://www.youtube.com/watch?v=xjV3CEBxOiQ"
"1768103802-4","https://www.youtube.com/user/FoxNewsChannel/videos","Sen. John Kennedy: This is a 'TINDERBOX'","https://www.youtube.com/watch?v=24Dh_kLTM7k","WATCH: JD Vance has a message for Jasmine Crockett...","https://www.youtube.com/watch?v=-k7em-PkgJk&pp=0gcJCU0KAYcqIYzv"
"1768103802-5","https://www.youtube.com/user/FoxNewsChannel/videos","Sen. John Kennedy: This is a 'TINDERBOX'","https://www.youtube.com/watch?v=24Dh_kLTM7k","Gavin Newsom sends capital SPRINTING out of California","https://www.youtube.com/watch?v=H29q5bjvs9A"
"1768103802-6","https://www.youtube.com/user/FoxNewsChannel/videos","Sen. John Kennedy: This is a 'TINDERBOX'","https://www.youtube.com/watch?v=24Dh_kLTM7k","California Governor Responds After Thousands of Truckers Leave the State | Elizabeth Davis","https://www.youtube.com/watch?v=ey-Tpd3HdiY"
"1768103802-7","https://www.youtube.com/user/FoxNewsChannel/videos","Sen. John Kennedy: This is a 'TINDERBOX'","https://www.youtube.com/watch?v=24Dh_kLTM7k","Tim Walz Exposed For Faking Financial Records In State Audit","https://www.youtube.com/watch?v=Louj7N3dKSw&pp=ugUEEgJlbg%3D%3D"
"1768103802-8","https://www.youtube.com/user/FoxNewsChannel/videos","Sen. John Kennedy: This is a 'TINDERBOX'","https://www.youtube.com/watch?v=24Dh_kLTM7k","What Does the Law Say About the ICE Shooting in Minnesota?","https://www.youtube.com/watch?v=Y04ndAPynMk&pp=ugUEEgJlbg%3D%3D"
"1768103802-9","https://www.youtube.com/user/FoxNewsChannel/videos","Sen. John Kennedy: This is a 'TINDERBOX'","https://www.youtube.com/watch?v=24Dh_kLTM7k","IRAN: Trump pledges support for protesters as demonstrations hit 2-week mark","https://www.youtube.com/watch?v=vs2s79qOrfE"
"1768103802-10","https://www.youtube.com/user/FoxNewsChannel/videos","Sen. John Kennedy: This is a 'TINDERBOX'","https://www.youtube.com/watch?v=24Dh_kLTM7k","Jimmy Kimmel on the Awful ICE Shooting in Minneapolis & a Baseline of Decency Being Gone in America","https://www.youtube.com/watch?v=rG_EPeGz9IQ&pp=ugUHEgVlbi1VUw%3D%3D"
"1768103802-11","https://www.youtube.com/user/FoxNewsChannel/videos","Sen. John Kennedy: This is a 'TINDERBOX'","https://www.youtube.com/watch?v=24Dh_kLTM7k","Criminal referrals DETONATE as Minnesota fraud case spirals","https://www.youtube.com/watch?v=waHN9qz1i1o"
"1768103802-12","https://www.youtube.com/user/FoxNewsChannel/videos","Sen. John Kennedy: This is a 'TINDERBOX'","https://www.youtube.com/watch?v=24Dh_kLTM7k","Vance reacts to NEW footage of Minneapolis shooting: 'His life was endangered'","https://www.youtube.com/watch?v=uUmoeK81H7g"
"1768103802-13","https://www.youtube.com/user/FoxNewsChannel/videos","Sen. John Kennedy: This is a 'TINDERBOX'","https://www.youtube.com/watch?v=24Dh_kLTM7k","NEW ICE Agent POV Released | Full Legal Breakdown.","https://www.youtube.com/watch?v=bDda-L_ZOE8&pp=ugUEEgJlbg%3D%3D"
"1768103802-14","https://www.youtube.com/user/FoxNewsChannel/videos","Sen. John Kennedy: This is a 'TINDERBOX'","https://www.youtube.com/watch?v=24Dh_kLTM7k","Vance: 'WHO TOLD PROTESTERS TO SHOW UP?'","https://www.youtube.com/watch?v=af5z7EU2AHk"
"1768103802-15","https://www.youtube.com/user/FoxNewsChannel/videos","Sen. John Kennedy: This is a 'TINDERBOX'","https://www.youtube.com/watch?v=24Dh_kLTM7k","How did Vikings Manage Waste on Longships Without getting SICK?","https://www.youtube.com/watch?v=iedM4McT0zA"
"1768103802-16","https://www.youtube.com/user/FoxNewsChannel/videos","Sen. John Kennedy: This is a 'TINDERBOX'","https://www.youtube.com/watch?v=24Dh_kLTM7k","JUST IN: Woman who was shot worked with 'ICE Watch' group","https://www.youtube.com/watch?v=g3OcjqBPx78"
"1768103802-17","https://www.youtube.com/user/FoxNewsChannel/videos","Sen. John Kennedy: This is a 'TINDERBOX'","https://www.youtube.com/watch?v=24Dh_kLTM7k","Psaki, Maddow EVISCERATED over hypocritical’ pivot after Maduro capture","https://www.youtube.com/watch?v=DIwkl3XYb2I"
"1768103802-18","https://www.youtube.com/user/FoxNewsChannel/videos","Sen. John Kennedy: This is a 'TINDERBOX'","https://www.youtube.com/watch?v=24Dh_kLTM7k","Venezuela F-16 DIVES TOWARD US Aircraft Carrier — Then THIS Happened…","https://www.youtube.com/watch?v=ZP9UbVdj5R8&pp=ugUEEgJlbg%3D%3D"
"1768103802-19","https://www.youtube.com/user/FoxNewsChannel/videos","Sen. John Kennedy: This is a 'TINDERBOX'","https://www.youtube.com/watch?v=24Dh_kLTM7k","ANOTHER federal agency suspends Minnesota aid amid fraud scandal","https://www.youtube.com/watch?v=s4qXDuVOk64"
"1768103802-20","https://www.youtube.com/user/FoxNewsChannel/videos","Sen. John Kennedy: This is a 'TINDERBOX'","https://www.youtube.com/watch?v=24Dh_kLTM7k","California Governor in Panic as Walmart Shuts Down Hundreds of Stores | Elizabeth Davis","https://www.youtube.com/watch?v=OkShwczT9Rc"
"1768103812-21","https://www.youtube.com/user/FoxNewsChannel/videos","We'll REWARD fraud whistleblowers with CASH: Bessent","https://www.youtube.com/watch?v=l9fqodR_urA","Treasury Secretary Bessent holds press conference on Somali fraud allegations in Minnesota","https://www.youtube.com/watch?v=E_dK-ivEW2k"
"1768103812-22","https://www.youtube.com/user/FoxNewsChannel/videos","We'll REWARD fraud whistleblowers with CASH: Bessent","https://www.youtube.com/watch?v=l9fqodR_urA","Newsom faces heat as billions in homeless relief funds can’t be accounted for","https://www.youtube.com/watch?v=0vtNz42CyMk"
"1768103812-23","https://www.youtube.com/user/FoxNewsChannel/videos","We'll REWARD fraud whistleblowers with CASH: Bessent","https://www.youtube.com/watch?v=l9fqodR_urA","'STUNNER': NYC exodus grows as Mamdani's polices take hold","https://www.youtube.com/watch?v=kD93vokCCos"
"1768103812-24","https://www.youtube.com/user/FoxNewsChannel/videos","We'll REWARD fraud whistleblowers with CASH: Bessent","https://www.youtube.com/watch?v=l9fqodR_urA","SEC. BESSENT’S BOMBSHELL: $600B Fraud & Your 2026 Tax Windfall!","https://www.youtube.com/watch?v=N-cmd2hIgUE"
"1768103812-25","https://www.youtube.com/user/FoxNewsChannel/videos","We'll REWARD fraud whistleblowers with CASH: Bessent","https://www.youtube.com/watch?v=l9fqodR_urA","California Governor Responds After Thousands of Truckers Leave the State | Elizabeth Davis","https://www.youtube.com/watch?v=ey-Tpd3HdiY"
"1768103812-26","https://www.youtube.com/user/FoxNewsChannel/videos","We'll REWARD fraud whistleblowers with CASH: Bessent","https://www.youtube.com/watch?v=l9fqodR_urA","Gavin Newsom sends capital SPRINTING out of California","https://www.youtube.com/watch?v=H29q5bjvs9A"
"1768103812-27","https://www.youtube.com/user/FoxNewsChannel/videos","We'll REWARD fraud whistleblowers with CASH: Bessent","https://www.youtube.com/watch?v=l9fqodR_urA","Tim Walz Exposed For Faking Financial Records In State Audit","https://www.youtube.com/watch?v=Louj7N3dKSw&pp=ugUEEgJlbg%3D%3D"
"1768103812-28","https://www.youtube.com/user/FoxNewsChannel/videos","We'll REWARD fraud whistleblowers with CASH: Bessent","https://www.youtube.com/watch?v=l9fqodR_urA","Scott Bessent connects Minnesota fraud case, involving Tim Walz, to Somali militant group Al-Shabaab","https://www.youtube.com/watch?v=PCfRZWiTPY4"
"1768103812-29","https://www.youtube.com/user/FoxNewsChannel/videos","We'll REWARD fraud whistleblowers with CASH: Bessent","https://www.youtube.com/watch?v=l9fqodR_urA","Iran warns protesters that they could face the death penalty, but demonstrations appear to grow","https://www.youtube.com/watch?v=GP80vysFCgs"
"1768103812-30","https://www.youtube.com/user/FoxNewsChannel/videos","We'll REWARD fraud whistleblowers with CASH: Bessent","https://www.youtube.com/watch?v=l9fqodR_urA","California Governor Loses Control as Hundreds of Gas Stations Shut Down | Elizabeth Davis","https://www.youtube.com/watch?v=e-MgyB_Mmp0"
"1768103812-31","https://www.youtube.com/user/FoxNewsChannel/videos","We'll REWARD fraud whistleblowers with CASH: Bessent","https://www.youtube.com/watch?v=l9fqodR_urA","ANOTHER federal agency suspends Minnesota aid amid fraud scandal","https://www.youtube.com/watch?v=s4qXDuVOk64"
"1768103812-32","https://www.youtube.com/user/FoxNewsChannel/videos","We'll REWARD fraud whistleblowers with CASH: Bessent","https://www.youtube.com/watch?v=l9fqodR_urA","Carney is getting his 'HEAD SQUEEZED' on this, Kevin O'Leary says","https://www.youtube.com/watch?v=8aoBTD8KVSk"
"1768103812-33","https://www.youtube.com/user/FoxNewsChannel/videos","We'll REWARD fraud whistleblowers with CASH: Bessent","https://www.youtube.com/watch?v=l9fqodR_urA","WATCH: JD Vance has a message for Jasmine Crockett...","https://www.youtube.com/watch?v=-k7em-PkgJk"
"1768103812-34","https://www.youtube.com/user/FoxNewsChannel/videos","We'll REWARD fraud whistleblowers with CASH: Bessent","https://www.youtube.com/watch?v=l9fqodR_urA","WATCH: Shouting match at Minnesota fraud hearing","https://www.youtube.com/watch?v=2-fDfWNwU4w"
"1768103812-35","https://www.youtube.com/user/FoxNewsChannel/videos","We'll REWARD fraud whistleblowers with CASH: Bessent","https://www.youtube.com/watch?v=l9fqodR_urA","Germans Captured Him — He Laughed, Then Killed 21 of Them in 45 Seconds","https://www.youtube.com/watch?v=PLMjds9a5dI&pp=0gcJCU0KAYcqIYzv"
"1768103812-36","https://www.youtube.com/user/FoxNewsChannel/videos","We'll REWARD fraud whistleblowers with CASH: Bessent","https://www.youtube.com/watch?v=l9fqodR_urA","'He Just Defines Evil, Doesn't He?': Witness Claim About Tim Walz Stunned Glenn Grothman","https://www.youtube.com/watch?v=mT8tURSKIhI"
"1768103812-37","https://www.youtube.com/user/FoxNewsChannel/videos","We'll REWARD fraud whistleblowers with CASH: Bessent","https://www.youtube.com/watch?v=l9fqodR_urA","BREAKING NEWS: John Kennedy Details Example After Example Of Minnesota Fraud In Blistering Speech","https://www.youtube.com/watch?v=JL1fNIqqGV0"
"1768103812-38","https://www.youtube.com/user/FoxNewsChannel/videos","We'll REWARD fraud whistleblowers with CASH: Bessent","https://www.youtube.com/watch?v=l9fqodR_urA","Chinese Fighter Jet Flies TOO CLOSE to Australian Plane – BIG MISTAKE","https://www.youtube.com/watch?v=04uAiXkhLUg&pp=0gcJCU0KAYcqIYzv"
"1768103812-39","https://www.youtube.com/user/FoxNewsChannel/videos","We'll REWARD fraud whistleblowers with CASH: Bessent","https://www.youtube.com/watch?v=l9fqodR_urA","How did Vikings Manage Waste on Longships Without getting SICK?","https://www.youtube.com/watch?v=iedM4McT0zA"
"1768103812-40","https://www.youtube.com/user/FoxNewsChannel/videos","We'll REWARD fraud whistleblowers with CASH: Bessent","https://www.youtube.com/watch?v=l9fqodR_urA","California Governor in Panic as Walmart Shuts Down Hundreds of Stores | Elizabeth Davis","https://www.youtube.com/watch?v=OkShwczT9Rc"
"1768103823-41","https://www.youtube.com/user/FoxNewsChannel/videos","Gutfeld: No wonder we stopped reproducing","https://www.youtube.com/watch?v=0-BjIiVLl5k","Greg Gutfeld: THIS has BROKEN Dems...","https://www.youtube.com/watch?v=K7YarNm7xtg"
"1768103823-42","https://www.youtube.com/user/FoxNewsChannel/videos","Gutfeld: No wonder we stopped reproducing","https://www.youtube.com/watch?v=0-BjIiVLl5k","Bob Newhart’s German Impression Is Incredible | Carson Tonight Show","https://www.youtube.com/watch?v=AhPnpcbDcaM&pp=ugUHEgVlbi1VUw%3D%3D"
"1768103823-43","https://www.youtube.com/user/FoxNewsChannel/videos","Gutfeld: No wonder we stopped reproducing","https://www.youtube.com/watch?v=0-BjIiVLl5k","""Any ICE Agents In!?"" - Jimmy Might Have Found a Sleeper Agent?! | Jimmy Carr Crowd Work","https://www.youtube.com/watch?v=FfWSPg9HINw"
"1768103823-44","https://www.youtube.com/user/FoxNewsChannel/videos","Gutfeld: No wonder we stopped reproducing","https://www.youtube.com/watch?v=0-BjIiVLl5k","Tim Walz Exposed For Faking Financial Records In State Audit","https://www.youtube.com/watch?v=Louj7N3dKSw&pp=ugUEEgJlbg%3D%3D"
"1768103823-45","https://www.youtube.com/user/FoxNewsChannel/videos","Gutfeld: No wonder we stopped reproducing","https://www.youtube.com/watch?v=0-BjIiVLl5k","'STUNNER': NYC exodus grows as Mamdani's polices take hold","https://www.youtube.com/watch?v=kD93vokCCos"
"1768103823-46","https://www.youtube.com/user/FoxNewsChannel/videos","Gutfeld: No wonder we stopped reproducing","https://www.youtube.com/watch?v=0-BjIiVLl5k","Greg Gutfeld: Dems just keep giving him so much good material","https://www.youtube.com/watch?v=YBk7tusLnGI"
"1768103823-47","https://www.youtube.com/user/FoxNewsChannel/videos","Gutfeld: No wonder we stopped reproducing","https://www.youtube.com/watch?v=0-BjIiVLl5k","'Gutfeld!': Trump to make showers GREAT again","https://www.youtube.com/watch?v=ez9H8L3awq0"
"1768103823-48","https://www.youtube.com/user/FoxNewsChannel/videos","Gutfeld: No wonder we stopped reproducing","https://www.youtube.com/watch?v=0-BjIiVLl5k","Megyn Kelly Breaks Down What the Minnesota ICE Shooting Videos REALLY Show and Reveals NEW Info","https://www.youtube.com/watch?v=kH4W1TyUeQg"
"1768103823-49","https://www.youtube.com/user/FoxNewsChannel/videos","Gutfeld: No wonder we stopped reproducing","https://www.youtube.com/watch?v=0-BjIiVLl5k","Gutfeld: This is a hell of a defense","https://www.youtube.com/watch?v=CYzYKtmu53k&pp=0gcJCU0KAYcqIYzv"
"1768103823-50","https://www.youtube.com/user/FoxNewsChannel/videos","Gutfeld: No wonder we stopped reproducing","https://www.youtube.com/watch?v=0-BjIiVLl5k","If You're an Engineer, This is for YOU | Don McMillan Full Stand-Up Special","https://www.youtube.com/watch?v=QatYbWusODk&pp=ugUEEgJlbg%3D%3D"
"1768103823-51","https://www.youtube.com/user/FoxNewsChannel/videos","Gutfeld: No wonder we stopped reproducing","https://www.youtube.com/watch?v=0-BjIiVLl5k","California Governor Loses Control as Hundreds of Gas Stations Shut Down | Elizabeth Davis","https://www.youtube.com/watch?v=e-MgyB_Mmp0&pp=0gcJCU0KAYcqIYzv"
"1768103823-52","https://www.youtube.com/user/FoxNewsChannel/videos","Gutfeld: No wonder we stopped reproducing","https://www.youtube.com/watch?v=0-BjIiVLl5k","Tim Conway's Hilarious First Appearance","https://www.youtube.com/watch?v=SCMU176TYNc&pp=ugUHEgVlbi1VUw%3D%3D"
"1768103823-53","https://www.youtube.com/user/FoxNewsChannel/videos","Gutfeld: No wonder we stopped reproducing","https://www.youtube.com/watch?v=0-BjIiVLl5k","Typical Soviet Apartment Tour (How Russian People REALLY Live)","https://www.youtube.com/watch?v=B5Ncxd2GljE&pp=ugUHEgVlbi1HQg%3D%3D"
"1768103823-54","https://www.youtube.com/user/FoxNewsChannel/videos","Gutfeld: No wonder we stopped reproducing","https://www.youtube.com/watch?v=0-BjIiVLl5k","Psaki, Maddow EVISCERATED over hypocritical’ pivot after Maduro capture","https://www.youtube.com/watch?v=DIwkl3XYb2I"
"1768103823-55","https://www.youtube.com/user/FoxNewsChannel/videos","Gutfeld: No wonder we stopped reproducing","https://www.youtube.com/watch?v=0-BjIiVLl5k","Criminal referrals DETONATE as Minnesota fraud case spirals","https://www.youtube.com/watch?v=waHN9qz1i1o"
"1768103823-56","https://www.youtube.com/user/FoxNewsChannel/videos","Gutfeld: No wonder we stopped reproducing","https://www.youtube.com/watch?v=0-BjIiVLl5k","Greg Gutfeld: Walz always seems to be in a panic","https://www.youtube.com/watch?v=rWS-KLnNbG8"
"1768103823-57","https://www.youtube.com/user/FoxNewsChannel/videos","Gutfeld: No wonder we stopped reproducing","https://www.youtube.com/watch?v=0-BjIiVLl5k","WATCH: Shouting match at Minnesota fraud hearing","https://www.youtube.com/watch?v=2-fDfWNwU4w"
"1768103823-58","https://www.youtube.com/user/FoxNewsChannel/videos","Gutfeld: No wonder we stopped reproducing","https://www.youtube.com/watch?v=0-BjIiVLl5k","50 Funniest SNL Moments of The Last 50 Years","https://www.youtube.com/watch?v=6ht3zgz1k_k"
"1768103823-59","https://www.youtube.com/user/FoxNewsChannel/videos","Gutfeld: No wonder we stopped reproducing","https://www.youtube.com/watch?v=0-BjIiVLl5k","Jimmy Carr Is Horrified by What Teenagers Are Doing In 2026","https://www.youtube.com/watch?v=tdjnA2gXDKs"
"1768103823-60","https://www.youtube.com/user/FoxNewsChannel/videos","Gutfeld: No wonder we stopped reproducing","https://www.youtube.com/watch?v=0-BjIiVLl5k","Venezuelan immigrant speaks out following Maduro's capture; says hope has been restored","https://www.youtube.com/watch?v=cylfhA8pNgY"
"1768103833-61","https://www.youtube.com/user/FoxNewsChannel/videos","'Gutfeld!': Trump to make showers GREAT again","https://www.youtube.com/watch?v=ez9H8L3awq0","Gutfeld: No wonder we stopped reproducing","https://www.youtube.com/watch?v=0-BjIiVLl5k&pp=0gcJCU0KAYcqIYzv"
"1768103833-62","https://www.youtube.com/user/FoxNewsChannel/videos","'Gutfeld!': Trump to make showers GREAT again","https://www.youtube.com/watch?v=ez9H8L3awq0","Gavin Newsom sends capital SPRINTING out of California","https://www.youtube.com/watch?v=H29q5bjvs9A"
"1768103833-63","https://www.youtube.com/user/FoxNewsChannel/videos","'Gutfeld!': Trump to make showers GREAT again","https://www.youtube.com/watch?v=ez9H8L3awq0","'STUNNER': NYC exodus grows as Mamdani's polices take hold","https://www.youtube.com/watch?v=kD93vokCCos"
"1768103833-64","https://www.youtube.com/user/FoxNewsChannel/videos","'Gutfeld!': Trump to make showers GREAT again","https://www.youtube.com/watch?v=ez9H8L3awq0","Every Time Kate McKinnon Made People BREAK on SNL","https://www.youtube.com/watch?v=VNoVq41mEqQ"
"1768103833-65","https://www.youtube.com/user/FoxNewsChannel/videos","'Gutfeld!': Trump to make showers GREAT again","https://www.youtube.com/watch?v=ez9H8L3awq0","IRAN: Trump pledges support for protesters as demonstrations hit 2-week mark","https://www.youtube.com/watch?v=vs2s79qOrfE"
"1768103833-66","https://www.youtube.com/user/FoxNewsChannel/videos","'Gutfeld!': Trump to make showers GREAT again","https://www.youtube.com/watch?v=ez9H8L3awq0","Greg Gutfeld: THIS has BROKEN Dems...","https://www.youtube.com/watch?v=K7YarNm7xtg"
"1768103833-67","https://www.youtube.com/user/FoxNewsChannel/videos","'Gutfeld!': Trump to make showers GREAT again","https://www.youtube.com/watch?v=ez9H8L3awq0","'Gutfeld!': The food pyramid gets flipped...","https://www.youtube.com/watch?v=UVrgA1cw23g"
"1768103833-68","https://www.youtube.com/user/FoxNewsChannel/videos","'Gutfeld!': Trump to make showers GREAT again","https://www.youtube.com/watch?v=ez9H8L3awq0","MALIBU 🔥 ONE YEAR LATER 🔥 The Adam Carolla Vlog","https://www.youtube.com/watch?v=S8Pddb_phkI&pp=ugUEEgJlbtIHCQlNCgGHKiGM7w%3D%3D"
"1768103833-69","https://www.youtube.com/user/FoxNewsChannel/videos","'Gutfeld!': Trump to make showers GREAT again","https://www.youtube.com/watch?v=ez9H8L3awq0","Gutfeld: We're doing 'EXACTLY what they want'","https://www.youtube.com/watch?v=DNTfm5W0I7A&pp=0gcJCU0KAYcqIYzv"
"1768103833-70","https://www.youtube.com/user/FoxNewsChannel/videos","'Gutfeld!': Trump to make showers GREAT again","https://www.youtube.com/watch?v=ez9H8L3awq0","FULL: RFK Jr. joins Karoline Leavitt to announce new federal food regulations","https://www.youtube.com/watch?v=exHgMEHibBs"
"1768103833-71","https://www.youtube.com/user/FoxNewsChannel/videos","'Gutfeld!': Trump to make showers GREAT again","https://www.youtube.com/watch?v=ez9H8L3awq0","Greg Gutfeld: Dems just keep giving him so much good material","https://www.youtube.com/watch?v=YBk7tusLnGI"
"1768103833-72","https://www.youtube.com/user/FoxNewsChannel/videos","'Gutfeld!': Trump to make showers GREAT again","https://www.youtube.com/watch?v=ez9H8L3awq0","Tim Conway is the World's Oldest Doctor | The Carol Burnett Show","https://www.youtube.com/watch?v=hxbC5A_YcHo"
"1768103833-73","https://www.youtube.com/user/FoxNewsChannel/videos","'Gutfeld!': Trump to make showers GREAT again","https://www.youtube.com/watch?v=ez9H8L3awq0","Greg Gutfeld: The revolution never starts at ‘mom and dad’s place’","https://www.youtube.com/watch?v=p0PQQXc9dVw"
"1768103833-74","https://www.youtube.com/user/FoxNewsChannel/videos","'Gutfeld!': Trump to make showers GREAT again","https://www.youtube.com/watch?v=ez9H8L3awq0","Criminal referrals DETONATE as Minnesota fraud case spirals","https://www.youtube.com/watch?v=waHN9qz1i1o&pp=0gcJCU0KAYcqIYzv"
"1768103833-75","https://www.youtube.com/user/FoxNewsChannel/videos","'Gutfeld!': Trump to make showers GREAT again","https://www.youtube.com/watch?v=ez9H8L3awq0","WATCH: JD Vance has a message for Jasmine Crockett...","https://www.youtube.com/watch?v=-k7em-PkgJk"
"1768103833-76","https://www.youtube.com/user/FoxNewsChannel/videos","'Gutfeld!': Trump to make showers GREAT again","https://www.youtube.com/watch?v=ez9H8L3awq0","HISTORIC OIL SUMMIT: Trump, JD & Rubio Face Tough Q&A on Russia, China, Venezuela, Iran & Cuba |AC1E","https://www.youtube.com/watch?v=aZknNmuSdAo&pp=ugUEEgJlbg%3D%3D"
"1768103833-77","https://www.youtube.com/user/FoxNewsChannel/videos","'Gutfeld!': Trump to make showers GREAT again","https://www.youtube.com/watch?v=ez9H8L3awq0","California Governor Loses Control as Hundreds of Gas Stations Shut Down | Elizabeth Davis","https://www.youtube.com/watch?v=e-MgyB_Mmp0"
"1768103833-78","https://www.youtube.com/user/FoxNewsChannel/videos","'Gutfeld!': Trump to make showers GREAT again","https://www.youtube.com/watch?v=ez9H8L3awq0","California Governor Responds After Thousands of Truckers Leave the State | Elizabeth Davis","https://www.youtube.com/watch?v=ey-Tpd3HdiY"
"1768103833-79","https://www.youtube.com/user/FoxNewsChannel/videos","'Gutfeld!': Trump to make showers GREAT again","https://www.youtube.com/watch?v=ez9H8L3awq0","Greg Gutfeld: Walz always seems to be in a panic","https://www.youtube.com/watch?v=rWS-KLnNbG8"
"1768103833-80","https://www.youtube.com/user/FoxNewsChannel/videos","'Gutfeld!': Trump to make showers GREAT again","https://www.youtube.com/watch?v=ez9H8L3awq0","China Can't Afford To Invade Taiwan. Here's Why","https://www.youtube.com/watch?v=6c57q9bIBPQ"
"1768103844-81","https://www.youtube.com/user/FoxNewsChannel/videos","'STOP LYING!': Hannity picks apart Dems' 'deception' about Minneapolis shooting","https://www.youtube.com/watch?v=HXw6xz6yP4E","Tim Walz Exposed For Faking Financial Records In State Audit","https://www.youtube.com/watch?v=Louj7N3dKSw&pp=ugUEEgJlbg%3D%3D"
"1768103844-82","https://www.youtube.com/user/FoxNewsChannel/videos","'STOP LYING!': Hannity picks apart Dems' 'deception' about Minneapolis shooting","https://www.youtube.com/watch?v=HXw6xz6yP4E","California Governor Responds After Thousands of Truckers Leave the State | Elizabeth Davis","https://www.youtube.com/watch?v=ey-Tpd3HdiY"
"1768103844-83","https://www.youtube.com/user/FoxNewsChannel/videos","'STOP LYING!': Hannity picks apart Dems' 'deception' about Minneapolis shooting","https://www.youtube.com/watch?v=HXw6xz6yP4E","WATCH: Shouting match at Minnesota fraud hearing","https://www.youtube.com/watch?v=2-fDfWNwU4w"
"1768103844-84","https://www.youtube.com/user/FoxNewsChannel/videos","'STOP LYING!': Hannity picks apart Dems' 'deception' about Minneapolis shooting","https://www.youtube.com/watch?v=HXw6xz6yP4E","Gavin Newsom sends capital SPRINTING out of California","https://www.youtube.com/watch?v=H29q5bjvs9A"
"1768103844-85","https://www.youtube.com/user/FoxNewsChannel/videos","'STOP LYING!': Hannity picks apart Dems' 'deception' about Minneapolis shooting","https://www.youtube.com/watch?v=HXw6xz6yP4E","WATCH: JD Vance has a message for Jasmine Crockett...","https://www.youtube.com/watch?v=-k7em-PkgJk"
"1768103844-86","https://www.youtube.com/user/FoxNewsChannel/videos","'STOP LYING!': Hannity picks apart Dems' 'deception' about Minneapolis shooting","https://www.youtube.com/watch?v=HXw6xz6yP4E","'STUNNER': NYC exodus grows as Mamdani's polices take hold","https://www.youtube.com/watch?v=kD93vokCCos"
"1768103844-87","https://www.youtube.com/user/FoxNewsChannel/videos","'STOP LYING!': Hannity picks apart Dems' 'deception' about Minneapolis shooting","https://www.youtube.com/watch?v=HXw6xz6yP4E","ABC World News Tonight with David Muir Full Broadcast - January 10th, 2026","https://www.youtube.com/watch?v=Wo1i5ayMCO8"
"1768103844-88","https://www.youtube.com/user/FoxNewsChannel/videos","'STOP LYING!': Hannity picks apart Dems' 'deception' about Minneapolis shooting","https://www.youtube.com/watch?v=HXw6xz6yP4E","Psaki, Maddow EVISCERATED over hypocritical’ pivot after Maduro capture","https://www.youtube.com/watch?v=DIwkl3XYb2I"
"1768103844-89","https://www.youtube.com/user/FoxNewsChannel/videos","'STOP LYING!': Hannity picks apart Dems' 'deception' about Minneapolis shooting","https://www.youtube.com/watch?v=HXw6xz6yP4E","NEW ICE Agent POV Released | Full Legal Breakdown.","https://www.youtube.com/watch?v=bDda-L_ZOE8&pp=ugUEEgJlbg%3D%3D"
"1768103844-90","https://www.youtube.com/user/FoxNewsChannel/videos","'STOP LYING!': Hannity picks apart Dems' 'deception' about Minneapolis shooting","https://www.youtube.com/watch?v=HXw6xz6yP4E","Vance takes decisive step to investigate potential fraud in key states","https://www.youtube.com/watch?v=O0A1V8BLwpo"
"1768103844-91","https://www.youtube.com/user/FoxNewsChannel/videos","'STOP LYING!': Hannity picks apart Dems' 'deception' about Minneapolis shooting","https://www.youtube.com/watch?v=HXw6xz6yP4E","Harris Faulkner: We are behind on ALL of this...","https://www.youtube.com/watch?v=99xZtb81J_Y"
"1768103844-92","https://www.youtube.com/user/FoxNewsChannel/videos","'STOP LYING!': Hannity picks apart Dems' 'deception' about Minneapolis shooting","https://www.youtube.com/watch?v=HXw6xz6yP4E","JUST IN: Woman who was shot worked with 'ICE Watch' group","https://www.youtube.com/watch?v=g3OcjqBPx78"
"1768103844-93","https://www.youtube.com/user/FoxNewsChannel/videos","'STOP LYING!': Hannity picks apart Dems' 'deception' about Minneapolis shooting","https://www.youtube.com/watch?v=HXw6xz6yP4E","What Does the Law Say About the ICE Shooting in Minnesota?","https://www.youtube.com/watch?v=Y04ndAPynMk&pp=ugUEEgJlbg%3D%3D"
"1768103844-94","https://www.youtube.com/user/FoxNewsChannel/videos","'STOP LYING!': Hannity picks apart Dems' 'deception' about Minneapolis shooting","https://www.youtube.com/watch?v=HXw6xz6yP4E","Responding to New York Post & Keith Olbermann after twisting my words on Minneapolis ICE shooting","https://www.youtube.com/watch?v=ZzJH0BdNRKY&pp=ugUEEgJlbg%3D%3D"
"1768103844-95","https://www.youtube.com/user/FoxNewsChannel/videos","'STOP LYING!': Hannity picks apart Dems' 'deception' about Minneapolis shooting","https://www.youtube.com/watch?v=HXw6xz6yP4E","ANOTHER federal agency suspends Minnesota aid amid fraud scandal","https://www.youtube.com/watch?v=s4qXDuVOk64"
"1768103844-96","https://www.youtube.com/user/FoxNewsChannel/videos","'STOP LYING!': Hannity picks apart Dems' 'deception' about Minneapolis shooting","https://www.youtube.com/watch?v=HXw6xz6yP4E","Megyn Kelly Breaks Down What the Minnesota ICE Shooting Videos REALLY Show and Reveals NEW Info","https://www.youtube.com/watch?v=kH4W1TyUeQg"
"1768103844-97","https://www.youtube.com/user/FoxNewsChannel/videos","'STOP LYING!': Hannity picks apart Dems' 'deception' about Minneapolis shooting","https://www.youtube.com/watch?v=HXw6xz6yP4E","Jimmy Kimmel on the Awful ICE Shooting in Minneapolis & a Baseline of Decency Being Gone in America","https://www.youtube.com/watch?v=rG_EPeGz9IQ&pp=ugUHEgVlbi1VUw%3D%3D"
"1768103844-98","https://www.youtube.com/user/FoxNewsChannel/videos","'STOP LYING!': Hannity picks apart Dems' 'deception' about Minneapolis shooting","https://www.youtube.com/watch?v=HXw6xz6yP4E","'AMERICAN DREAM IS COMING BACK': Housing official reveals how prices will be affordable","https://www.youtube.com/watch?v=x-9u57HWuJ8"
"1768103844-99","https://www.youtube.com/user/FoxNewsChannel/videos","'STOP LYING!': Hannity picks apart Dems' 'deception' about Minneapolis shooting","https://www.youtube.com/watch?v=HXw6xz6yP4E","Thousands gathered in Powderhorn park to protest the killing of Renee Good","https://www.youtube.com/watch?v=sJWfbJUHlKk"
"1768103844-100","https://www.youtube.com/user/FoxNewsChannel/videos","'STOP LYING!': Hannity picks apart Dems' 'deception' about Minneapolis shooting","https://www.youtube.com/watch?v=HXw6xz6yP4E","Vance: 'WHO TOLD PROTESTERS TO SHOW UP?'","https://www.youtube.com/watch?v=af5z7EU2AHk"
"1768103855-101","https://www.youtube.com/user/FoxNewsChannel/videos","HEAT TOWARDS ICE: New video gives insight into deadly Minneapolis shooting as unrest spreads","https://www.youtube.com/watch?v=mVyZGR6F-Ac","NEW ICE Agent POV Released | Full Legal Breakdown.","https://www.youtube.com/watch?v=bDda-L_ZOE8&pp=ugUEEgJlbg%3D%3D"
"1768103855-102","https://www.youtube.com/user/FoxNewsChannel/videos","HEAT TOWARDS ICE: New video gives insight into deadly Minneapolis shooting as unrest spreads","https://www.youtube.com/watch?v=mVyZGR6F-Ac","ABC World News Tonight with David Muir Full Broadcast - January 10th, 2026","https://www.youtube.com/watch?v=Wo1i5ayMCO8"
"1768103855-103","https://www.youtube.com/user/FoxNewsChannel/videos","HEAT TOWARDS ICE: New video gives insight into deadly Minneapolis shooting as unrest spreads","https://www.youtube.com/watch?v=mVyZGR6F-Ac","KINGDOM CALLINGS | Called & Discouraged  | Matthew 11:1-19 | Philip Anthony Mitchell","https://www.youtube.com/watch?v=1J8yt7gDeWY"
"1768103855-104","https://www.youtube.com/user/FoxNewsChannel/videos","HEAT TOWARDS ICE: New video gives insight into deadly Minneapolis shooting as unrest spreads","https://www.youtube.com/watch?v=mVyZGR6F-Ac","How did the US get Maduro? Inside Operation Absolute Resolve | BBC Security Brief","https://www.youtube.com/watch?v=_mmmdQG0NUA"
"1768103855-105","https://www.youtube.com/user/FoxNewsChannel/videos","HEAT TOWARDS ICE: New video gives insight into deadly Minneapolis shooting as unrest spreads","https://www.youtube.com/watch?v=mVyZGR6F-Ac","Does New Video Support Self-Defense Claim in Fatal ICE Shooting? | Renee Good and Jon Ross Analysis","https://www.youtube.com/watch?v=rwwgUiNVSmc&pp=ugUEEgJlbg%3D%3D"
"1768103855-106","https://www.youtube.com/user/FoxNewsChannel/videos","HEAT TOWARDS ICE: New video gives insight into deadly Minneapolis shooting as unrest spreads","https://www.youtube.com/watch?v=mVyZGR6F-Ac","What Does the Law Say About the ICE Shooting in Minnesota?","https://www.youtube.com/watch?v=Y04ndAPynMk&pp=ugUEEgJlbg%3D%3D"
"1768103855-107","https://www.youtube.com/user/FoxNewsChannel/videos","HEAT TOWARDS ICE: New video gives insight into deadly Minneapolis shooting as unrest spreads","https://www.youtube.com/watch?v=mVyZGR6F-Ac","Shocking Arrest: Surgeon Ex-Husband Charged in Brutal Ohio Dentist Murders | Dr. Michael McKee","https://www.youtube.com/watch?v=1wbroSpXkCk&pp=0gcJCU0KAYcqIYzv"
"1768103855-108","https://www.youtube.com/user/FoxNewsChannel/videos","HEAT TOWARDS ICE: New video gives insight into deadly Minneapolis shooting as unrest spreads","https://www.youtube.com/watch?v=mVyZGR6F-Ac","DUI, Wrong Way Driving, and an Argument With the Trooper - Ride with the Hive Episode 36","https://www.youtube.com/watch?v=2-oerZfDUf4"
"1768103855-109","https://www.youtube.com/user/FoxNewsChannel/videos","HEAT TOWARDS ICE: New video gives insight into deadly Minneapolis shooting as unrest spreads","https://www.youtube.com/watch?v=mVyZGR6F-Ac","Tim Walz Exposed For Faking Financial Records In State Audit","https://www.youtube.com/watch?v=Louj7N3dKSw&pp=ugUEEgJlbg%3D%3D"
"1768103855-110","https://www.youtube.com/user/FoxNewsChannel/videos","HEAT TOWARDS ICE: New video gives insight into deadly Minneapolis shooting as unrest spreads","https://www.youtube.com/watch?v=mVyZGR6F-Ac","WATCH: Shouting match at Minnesota fraud hearing","https://www.youtube.com/watch?v=2-fDfWNwU4w"
"1768103855-111","https://www.youtube.com/user/FoxNewsChannel/videos","HEAT TOWARDS ICE: New video gives insight into deadly Minneapolis shooting as unrest spreads","https://www.youtube.com/watch?v=mVyZGR6F-Ac","IRAN: Trump pledges support for protesters as demonstrations hit 2-week mark","https://www.youtube.com/watch?v=vs2s79qOrfE"
"1768103855-112","https://www.youtube.com/user/FoxNewsChannel/videos","HEAT TOWARDS ICE: New video gives insight into deadly Minneapolis shooting as unrest spreads","https://www.youtube.com/watch?v=mVyZGR6F-Ac","JUST IN: Woman who was shot worked with 'ICE Watch' group","https://www.youtube.com/watch?v=g3OcjqBPx78"
"1768103855-113","https://www.youtube.com/user/FoxNewsChannel/videos","HEAT TOWARDS ICE: New video gives insight into deadly Minneapolis shooting as unrest spreads","https://www.youtube.com/watch?v=mVyZGR6F-Ac","Jan. 10: ICE protests, Ohio dentist murder","https://www.youtube.com/watch?v=cYJuGDF4PjA"
"1768103855-114","https://www.youtube.com/user/FoxNewsChannel/videos","HEAT TOWARDS ICE: New video gives insight into deadly Minneapolis shooting as unrest spreads","https://www.youtube.com/watch?v=mVyZGR6F-Ac","'STUNNER': NYC exodus grows as Mamdani's polices take hold","https://www.youtube.com/watch?v=kD93vokCCos"
"1768103855-115","https://www.youtube.com/user/FoxNewsChannel/videos","HEAT TOWARDS ICE: New video gives insight into deadly Minneapolis shooting as unrest spreads","https://www.youtube.com/watch?v=mVyZGR6F-Ac","Megyn Kelly Breaks Down What the Minnesota ICE Shooting Videos REALLY Show and Reveals NEW Info","https://www.youtube.com/watch?v=kH4W1TyUeQg"
"1768103855-116","https://www.youtube.com/user/FoxNewsChannel/videos","HEAT TOWARDS ICE: New video gives insight into deadly Minneapolis shooting as unrest spreads","https://www.youtube.com/watch?v=mVyZGR6F-Ac","I Left 10 Cameras on a Wolf Kill. Here's What They Captured.","https://www.youtube.com/watch?v=3CO6uPhyVpE"
"1768103855-117","https://www.youtube.com/user/FoxNewsChannel/videos","HEAT TOWARDS ICE: New video gives insight into deadly Minneapolis shooting as unrest spreads","https://www.youtube.com/watch?v=mVyZGR6F-Ac","1,000+ protests nationwide after ICE shooting in MN","https://www.youtube.com/watch?v=gav95w0pdhs"
"1768103855-118","https://www.youtube.com/user/FoxNewsChannel/videos","HEAT TOWARDS ICE: New video gives insight into deadly Minneapolis shooting as unrest spreads","https://www.youtube.com/watch?v=mVyZGR6F-Ac","Trump Admin. Meets Biggest Oil Execs; New Minnesota Shooting Footage Released | NTD Newsroom (Jan.9)","https://www.youtube.com/watch?v=aKdNZzgHCZs"
"1768103855-119","https://www.youtube.com/user/FoxNewsChannel/videos","HEAT TOWARDS ICE: New video gives insight into deadly Minneapolis shooting as unrest spreads","https://www.youtube.com/watch?v=mVyZGR6F-Ac","Thousands gathered in Powderhorn park to protest the killing of Renee Good","https://www.youtube.com/watch?v=sJWfbJUHlKk"
"1768103855-120","https://www.youtube.com/user/FoxNewsChannel/videos","HEAT TOWARDS ICE: New video gives insight into deadly Minneapolis shooting as unrest spreads","https://www.youtube.com/watch?v=mVyZGR6F-Ac","Trump Vows to Act on Greenland; US Seizes 5th Sanctioned Oil Tanker | NTD Evening News (Jan. 9)","https://www.youtube.com/watch?v=FY_ofXupWMs"
"1768103865-121","https://www.youtube.com/user/FoxNewsChannel/videos","These decisions have to be INSTANTANEOUS: Paul Mauro","https://www.youtube.com/watch?v=sSkPO4GSu9Y&pp=0gcJCU0KAYcqIYzv","NEW ICE Agent POV Released | Full Legal Breakdown.","https://www.youtube.com/watch?v=bDda-L_ZOE8&pp=ugUEEgJlbg%3D%3D"
"1768103865-122","https://www.youtube.com/user/FoxNewsChannel/videos","These decisions have to be INSTANTANEOUS: Paul Mauro","https://www.youtube.com/watch?v=sSkPO4GSu9Y&pp=0gcJCU0KAYcqIYzv","Vance reacts to NEW footage of Minneapolis shooting: 'His life was endangered'","https://www.youtube.com/watch?v=uUmoeK81H7g"
"1768103865-123","https://www.youtube.com/user/FoxNewsChannel/videos","These decisions have to be INSTANTANEOUS: Paul Mauro","https://www.youtube.com/watch?v=sSkPO4GSu9Y&pp=0gcJCU0KAYcqIYzv","What Does the Law Say About the ICE Shooting in Minnesota?","https://www.youtube.com/watch?v=Y04ndAPynMk&pp=ugUEEgJlbg%3D%3D"
"1768103865-124","https://www.youtube.com/user/FoxNewsChannel/videos","These decisions have to be INSTANTANEOUS: Paul Mauro","https://www.youtube.com/watch?v=sSkPO4GSu9Y&pp=0gcJCU0KAYcqIYzv","California Governor Loses Control as Hundreds of Gas Stations Shut Down | Elizabeth Davis","https://www.youtube.com/watch?v=e-MgyB_Mmp0"
"1768103865-125","https://www.youtube.com/user/FoxNewsChannel/videos","These decisions have to be INSTANTANEOUS: Paul Mauro","https://www.youtube.com/watch?v=sSkPO4GSu9Y&pp=0gcJCU0KAYcqIYzv","Self-defence? A breakdown of the fatal ICE shooting in Minneapolis | About That","https://www.youtube.com/watch?v=ZEiw1rMjZsc"
"1768103865-126","https://www.youtube.com/user/FoxNewsChannel/videos","These decisions have to be INSTANTANEOUS: Paul Mauro","https://www.youtube.com/watch?v=sSkPO4GSu9Y&pp=0gcJCU0KAYcqIYzv","Gavin Newsom sends capital SPRINTING out of California","https://www.youtube.com/watch?v=H29q5bjvs9A"
"1768103865-127","https://www.youtube.com/user/FoxNewsChannel/videos","These decisions have to be INSTANTANEOUS: Paul Mauro","https://www.youtube.com/watch?v=sSkPO4GSu9Y&pp=0gcJCU0KAYcqIYzv","JUST IN: Woman who was shot worked with 'ICE Watch' group","https://www.youtube.com/watch?v=g3OcjqBPx78"
"1768103865-128","https://www.youtube.com/user/FoxNewsChannel/videos","These decisions have to be INSTANTANEOUS: Paul Mauro","https://www.youtube.com/watch?v=sSkPO4GSu9Y&pp=0gcJCU0KAYcqIYzv","Millions of dollars in suitcases fly out of Minneapolis-St. Paul International Airport, but why?","https://www.youtube.com/watch?v=dQMaxFs8r4c"
"1768103865-129","https://www.youtube.com/user/FoxNewsChannel/videos","These decisions have to be INSTANTANEOUS: Paul Mauro","https://www.youtube.com/watch?v=sSkPO4GSu9Y&pp=0gcJCU0KAYcqIYzv","Shocking Arrest: Surgeon Ex-Husband Charged in Brutal Ohio Dentist Murders | Dr. Michael McKee","https://www.youtube.com/watch?v=1wbroSpXkCk"
"1768103865-130","https://www.youtube.com/user/FoxNewsChannel/videos","These decisions have to be INSTANTANEOUS: Paul Mauro","https://www.youtube.com/watch?v=sSkPO4GSu9Y&pp=0gcJCU0KAYcqIYzv","Thousands gathered in Powderhorn park to protest the killing of Renee Good","https://www.youtube.com/watch?v=sJWfbJUHlKk"
"1768103865-131","https://www.youtube.com/user/FoxNewsChannel/videos","These decisions have to be INSTANTANEOUS: Paul Mauro","https://www.youtube.com/watch?v=sSkPO4GSu9Y&pp=0gcJCU0KAYcqIYzv","'STUNNER': NYC exodus grows as Mamdani's polices take hold","https://www.youtube.com/watch?v=kD93vokCCos"
"1768103865-132","https://www.youtube.com/user/FoxNewsChannel/videos","These decisions have to be INSTANTANEOUS: Paul Mauro","https://www.youtube.com/watch?v=sSkPO4GSu9Y&pp=0gcJCU0KAYcqIYzv","Megyn Kelly Breaks Down What the Minnesota ICE Shooting Videos REALLY Show and Reveals NEW Info","https://www.youtube.com/watch?v=kH4W1TyUeQg"
"1768103865-133","https://www.youtube.com/user/FoxNewsChannel/videos","These decisions have to be INSTANTANEOUS: Paul Mauro","https://www.youtube.com/watch?v=sSkPO4GSu9Y&pp=0gcJCU0KAYcqIYzv","Protesters STORM Minneapolis hotel where ICE agents believed to be staying","https://www.youtube.com/watch?v=WEPpo9bAfS0"
"1768103865-134","https://www.youtube.com/user/FoxNewsChannel/videos","These decisions have to be INSTANTANEOUS: Paul Mauro","https://www.youtube.com/watch?v=sSkPO4GSu9Y&pp=0gcJCU0KAYcqIYzv","Independent journalist: Minnesotans have been telling me about this fraud for a long time","https://www.youtube.com/watch?v=KSpDrwlvBvY"
"1768103865-135","https://www.youtube.com/user/FoxNewsChannel/videos","These decisions have to be INSTANTANEOUS: Paul Mauro","https://www.youtube.com/watch?v=sSkPO4GSu9Y&pp=0gcJCU0KAYcqIYzv","Minneapolis: more footage reveals new angle on fatal ICE shooting","https://www.youtube.com/watch?v=n3TB2-uh9Pk"
"1768103865-136","https://www.youtube.com/user/FoxNewsChannel/videos","These decisions have to be INSTANTANEOUS: Paul Mauro","https://www.youtube.com/watch?v=sSkPO4GSu9Y&pp=0gcJCU0KAYcqIYzv","WATCH: Shouting match at Minnesota fraud hearing","https://www.youtube.com/watch?v=2-fDfWNwU4w"
"1768103865-137","https://www.youtube.com/user/FoxNewsChannel/videos","These decisions have to be INSTANTANEOUS: Paul Mauro","https://www.youtube.com/watch?v=sSkPO4GSu9Y&pp=0gcJCU0KAYcqIYzv","NEW: Details revealed about woman shot, killed by ICE agent in Minneapolis","https://www.youtube.com/watch?v=EdX6HbJ8gPg"
"1768103865-138","https://www.youtube.com/user/FoxNewsChannel/videos","These decisions have to be INSTANTANEOUS: Paul Mauro","https://www.youtube.com/watch?v=sSkPO4GSu9Y&pp=0gcJCU0KAYcqIYzv","ANOTHER federal agency suspends Minnesota aid amid fraud scandal","https://www.youtube.com/watch?v=s4qXDuVOk64"
"1768103865-139","https://www.youtube.com/user/FoxNewsChannel/videos","These decisions have to be INSTANTANEOUS: Paul Mauro","https://www.youtube.com/watch?v=sSkPO4GSu9Y&pp=0gcJCU0KAYcqIYzv","'RED FLAGS': New Minnesota fraud uncovered tied to Ilhan Omar","https://www.youtube.com/watch?v=3EHnGpakCIw"
"1768103875-140","https://www.youtube.com/user/FoxNewsChannel/videos","'BRILLIANT OPERATION': Inside the plan to get Maduro","https://www.youtube.com/watch?v=EFqkdZFjMHQ","How did the US get Maduro? Inside Operation Absolute Resolve | BBC Security Brief","https://www.youtube.com/watch?v=_mmmdQG0NUA"
"1768103875-141","https://www.youtube.com/user/FoxNewsChannel/videos","'BRILLIANT OPERATION': Inside the plan to get Maduro","https://www.youtube.com/watch?v=EFqkdZFjMHQ","Gavin Newsom sends capital SPRINTING out of California","https://www.youtube.com/watch?v=H29q5bjvs9A"
"1768103875-142","https://www.youtube.com/user/FoxNewsChannel/videos","'BRILLIANT OPERATION': Inside the plan to get Maduro","https://www.youtube.com/watch?v=EFqkdZFjMHQ","The SHOCKING Strikes That Cleared the Way to End Maduro's Regime","https://www.youtube.com/watch?v=HrGc_LQ_CUU"
"1768103875-143","https://www.youtube.com/user/FoxNewsChannel/videos","'BRILLIANT OPERATION': Inside the plan to get Maduro","https://www.youtube.com/watch?v=EFqkdZFjMHQ","Stephen Miller Gives Fiery Defense Of Maduro Capture In Tense Interview With CNN's Jake Tapper","https://www.youtube.com/watch?v=kLFkQbPWWDI"
"1768103875-144","https://www.youtube.com/user/FoxNewsChannel/videos","'BRILLIANT OPERATION': Inside the plan to get Maduro","https://www.youtube.com/watch?v=EFqkdZFjMHQ","Keane: I am STUNNED by this","https://www.youtube.com/watch?v=-bkhUVR8s3M"
"1768103875-145","https://www.youtube.com/user/FoxNewsChannel/videos","'BRILLIANT OPERATION': Inside the plan to get Maduro","https://www.youtube.com/watch?v=EFqkdZFjMHQ","IRAN: Trump pledges support for protesters as demonstrations hit 2-week mark","https://www.youtube.com/watch?v=vs2s79qOrfE"
"1768103875-146","https://www.youtube.com/user/FoxNewsChannel/videos","'BRILLIANT OPERATION': Inside the plan to get Maduro","https://www.youtube.com/watch?v=EFqkdZFjMHQ","Iran warns protesters that they could face the death penalty, but demonstrations appear to grow","https://www.youtube.com/watch?v=GP80vysFCgs"
"1768103875-147","https://www.youtube.com/user/FoxNewsChannel/videos","'BRILLIANT OPERATION': Inside the plan to get Maduro","https://www.youtube.com/watch?v=EFqkdZFjMHQ","'STUNNER': NYC exodus grows as Mamdani's polices take hold","https://www.youtube.com/watch?v=kD93vokCCos"
"1768103875-148","https://www.youtube.com/user/FoxNewsChannel/videos","'BRILLIANT OPERATION': Inside the plan to get Maduro","https://www.youtube.com/watch?v=EFqkdZFjMHQ","The U.S. Delta Force Raid That Captured Maduro was Legitimately Insane","https://www.youtube.com/watch?v=xg5XHyoF7s8"
"1768103875-149","https://www.youtube.com/user/FoxNewsChannel/videos","'BRILLIANT OPERATION': Inside the plan to get Maduro","https://www.youtube.com/watch?v=EFqkdZFjMHQ","California Governor Loses Control as Hundreds of Gas Stations Shut Down | Elizabeth Davis","https://www.youtube.com/watch?v=e-MgyB_Mmp0"
"1768103875-150","https://www.youtube.com/user/FoxNewsChannel/videos","'BRILLIANT OPERATION': Inside the plan to get Maduro","https://www.youtube.com/watch?v=EFqkdZFjMHQ","Venezuela F-16 DIVES TOWARD US Aircraft Carrier — Then THIS Happened…","https://www.youtube.com/watch?v=ZP9UbVdj5R8&pp=ugUEEgJlbg%3D%3D"
"1768103875-151","https://www.youtube.com/user/FoxNewsChannel/videos","'BRILLIANT OPERATION': Inside the plan to get Maduro","https://www.youtube.com/watch?v=EFqkdZFjMHQ","Exiled Iranian prince issues DESPERATE plea to Trump","https://www.youtube.com/watch?v=PSOtqgD9fgY"
"1768103875-152","https://www.youtube.com/user/FoxNewsChannel/videos","'BRILLIANT OPERATION': Inside the plan to get Maduro","https://www.youtube.com/watch?v=EFqkdZFjMHQ","Why This Island Could Trigger World War 3","https://www.youtube.com/watch?v=x-XdOaZPhBw"
"1768103875-153","https://www.youtube.com/user/FoxNewsChannel/videos","'BRILLIANT OPERATION': Inside the plan to get Maduro","https://www.youtube.com/watch?v=EFqkdZFjMHQ","Gen. Caine, chairman of the Joint Chiefs of Staff, details timeline of Venezuela operation","https://www.youtube.com/watch?v=qe2RuYI8KZY&pp=0gcJCU0KAYcqIYzv"
"1768103875-154","https://www.youtube.com/user/FoxNewsChannel/videos","'BRILLIANT OPERATION': Inside the plan to get Maduro","https://www.youtube.com/watch?v=EFqkdZFjMHQ","FULL Q&A: Trump Urgent Remarks on Russia, China, Venezuela, Minnesota, Iran & Cuba | AC15","https://www.youtube.com/watch?v=3pIi4ha38-Q"
"1768103875-155","https://www.youtube.com/user/FoxNewsChannel/videos","'BRILLIANT OPERATION': Inside the plan to get Maduro","https://www.youtube.com/watch?v=EFqkdZFjMHQ","How US Captured The Venezuelan President?","https://www.youtube.com/watch?v=NiSuZilaClQ"
"1768103875-156","https://www.youtube.com/user/FoxNewsChannel/videos","'BRILLIANT OPERATION': Inside the plan to get Maduro","https://www.youtube.com/watch?v=EFqkdZFjMHQ","How did Vikings Manage Waste on Longships Without getting SICK?","https://www.youtube.com/watch?v=iedM4McT0zA"
"1768103875-157","https://www.youtube.com/user/FoxNewsChannel/videos","'BRILLIANT OPERATION': Inside the plan to get Maduro","https://www.youtube.com/watch?v=EFqkdZFjMHQ","HISTORIC OIL SUMMIT: Trump, JD & Rubio Face Tough Q&A on Russia, China, Venezuela, Iran & Cuba |AC1E","https://www.youtube.com/watch?v=aZknNmuSdAo&pp=ugUEEgJlbg%3D%3D"
"1768103875-158","https://www.youtube.com/user/FoxNewsChannel/videos","'BRILLIANT OPERATION': Inside the plan to get Maduro","https://www.youtube.com/watch?v=EFqkdZFjMHQ","Venezuela Shock: '2027' Likely Pushed Back as China Fails To Protect Maduro From the US | EP746","https://www.youtube.com/watch?v=xbi_yCVcI-8"
"1768103875-159","https://www.youtube.com/user/FoxNewsChannel/videos","'BRILLIANT OPERATION': Inside the plan to get Maduro","https://www.youtube.com/watch?v=EFqkdZFjMHQ","‘ADVERSARIES SHOCKED’: Gen. Keane on why China is REELING after US action","https://www.youtube.com/watch?v=xmlbxhLEqTo"
"1768103885-160","https://www.youtube.com/user/FoxNewsChannel/videos","If I was the Iranian regime, I would take President Trump ‘dead serious’: Gen. Jack Keane","https://www.youtube.com/watch?v=ucnhmOlGmZ8","IRAN: Trump pledges support for protesters as demonstrations hit 2-week mark","https://www.youtube.com/watch?v=vs2s79qOrfE"
"1768103885-161","https://www.youtube.com/user/FoxNewsChannel/videos","If I was the Iranian regime, I would take President Trump ‘dead serious’: Gen. Jack Keane","https://www.youtube.com/watch?v=ucnhmOlGmZ8","Gavin Newsom sends capital SPRINTING out of California","https://www.youtube.com/watch?v=H29q5bjvs9A"
"1768103885-162","https://www.youtube.com/user/FoxNewsChannel/videos","If I was the Iranian regime, I would take President Trump ‘dead serious’: Gen. Jack Keane","https://www.youtube.com/watch?v=ucnhmOlGmZ8","'VERGE OF COLLAPSE': Exiled crown prince details status of Iranian government","https://www.youtube.com/watch?v=v_BvVnO_gHU"
"1768103885-163","https://www.youtube.com/user/FoxNewsChannel/videos","If I was the Iranian regime, I would take President Trump ‘dead serious’: Gen. Jack Keane","https://www.youtube.com/watch?v=ucnhmOlGmZ8","'STUNNER': NYC exodus grows as Mamdani's polices take hold","https://www.youtube.com/watch?v=kD93vokCCos"
"1768103885-164","https://www.youtube.com/user/FoxNewsChannel/videos","If I was the Iranian regime, I would take President Trump ‘dead serious’: Gen. Jack Keane","https://www.youtube.com/watch?v=ucnhmOlGmZ8","Iran warns protesters that they could face the death penalty, but demonstrations appear to grow","https://www.youtube.com/watch?v=GP80vysFCgs"
"1768103885-165","https://www.youtube.com/user/FoxNewsChannel/videos","If I was the Iranian regime, I would take President Trump ‘dead serious’: Gen. Jack Keane","https://www.youtube.com/watch?v=ucnhmOlGmZ8","Germans Captured Him — He Laughed, Then Killed 21 of Them in 45 Seconds","https://www.youtube.com/watch?v=PLMjds9a5dI"
"1768103885-166","https://www.youtube.com/user/FoxNewsChannel/videos","If I was the Iranian regime, I would take President Trump ‘dead serious’: Gen. Jack Keane","https://www.youtube.com/watch?v=ucnhmOlGmZ8","Venezuela F-16 DIVES TOWARD US Aircraft Carrier — Then THIS Happened…","https://www.youtube.com/watch?v=ZP9UbVdj5R8&pp=ugUEEgJlbg%3D%3D"
"1768103885-167","https://www.youtube.com/user/FoxNewsChannel/videos","If I was the Iranian regime, I would take President Trump ‘dead serious’: Gen. Jack Keane","https://www.youtube.com/watch?v=ucnhmOlGmZ8","ABC World News Tonight with David Muir Full Broadcast - January 10th, 2026","https://www.youtube.com/watch?v=Wo1i5ayMCO8"
"1768103885-168","https://www.youtube.com/user/FoxNewsChannel/videos","If I was the Iranian regime, I would take President Trump ‘dead serious’: Gen. Jack Keane","https://www.youtube.com/watch?v=ucnhmOlGmZ8","Exiled Iranian prince issues DESPERATE plea to Trump","https://www.youtube.com/watch?v=PSOtqgD9fgY"
"1768103885-169","https://www.youtube.com/user/FoxNewsChannel/videos","If I was the Iranian regime, I would take President Trump ‘dead serious’: Gen. Jack Keane","https://www.youtube.com/watch?v=ucnhmOlGmZ8","Why This Could Be a Defining Moment In The Middle East | 700 Club Israel","https://www.youtube.com/watch?v=_EbQKHmDTE8"
"1768103885-170","https://www.youtube.com/user/FoxNewsChannel/videos","If I was the Iranian regime, I would take President Trump ‘dead serious’: Gen. Jack Keane","https://www.youtube.com/watch?v=ucnhmOlGmZ8","Gen. Keane: 'INTELLIGENCE' allowed the US to capture Maduro alive","https://www.youtube.com/watch?v=Pig8TGk9mYg"
"1768103885-171","https://www.youtube.com/user/FoxNewsChannel/videos","If I was the Iranian regime, I would take President Trump ‘dead serious’: Gen. Jack Keane","https://www.youtube.com/watch?v=ucnhmOlGmZ8","Trump issues SCATHING new warning to Iran: 'We will get involved'","https://www.youtube.com/watch?v=Me3ECQGs8Xk"
"1768103885-172","https://www.youtube.com/user/FoxNewsChannel/videos","If I was the Iranian regime, I would take President Trump ‘dead serious’: Gen. Jack Keane","https://www.youtube.com/watch?v=ucnhmOlGmZ8","FULL Q&A: Trump Urgent Remarks on Russia, China, Venezuela, Minnesota, Iran & Cuba | AC15","https://www.youtube.com/watch?v=3pIi4ha38-Q&pp=0gcJCU0KAYcqIYzv"
"1768103885-173","https://www.youtube.com/user/FoxNewsChannel/videos","If I was the Iranian regime, I would take President Trump ‘dead serious’: Gen. Jack Keane","https://www.youtube.com/watch?v=ucnhmOlGmZ8","Why This Island Could Trigger World War 3","https://www.youtube.com/watch?v=x-XdOaZPhBw"
"1768103885-174","https://www.youtube.com/user/FoxNewsChannel/videos","If I was the Iranian regime, I would take President Trump ‘dead serious’: Gen. Jack Keane","https://www.youtube.com/watch?v=ucnhmOlGmZ8","Trump sends BOLD message to Iranian regime: 'Better not start shooting'","https://www.youtube.com/watch?v=MQwfZO1Gj_s"
"1768103885-175","https://www.youtube.com/user/FoxNewsChannel/videos","If I was the Iranian regime, I would take President Trump ‘dead serious’: Gen. Jack Keane","https://www.youtube.com/watch?v=ucnhmOlGmZ8","How did Vikings Manage Waste on Longships Without getting SICK?","https://www.youtube.com/watch?v=iedM4McT0zA"
"1768103885-176","https://www.youtube.com/user/FoxNewsChannel/videos","If I was the Iranian regime, I would take President Trump ‘dead serious’: Gen. Jack Keane","https://www.youtube.com/watch?v=ucnhmOlGmZ8","China Can't Afford To Invade Taiwan. Here's Why","https://www.youtube.com/watch?v=6c57q9bIBPQ"
"1768103885-177","https://www.youtube.com/user/FoxNewsChannel/videos","If I was the Iranian regime, I would take President Trump ‘dead serious’: Gen. Jack Keane","https://www.youtube.com/watch?v=ucnhmOlGmZ8","HISTORIC OIL SUMMIT: Trump, JD & Rubio Face Tough Q&A on Russia, China, Venezuela, Iran & Cuba |AC1E","https://www.youtube.com/watch?v=aZknNmuSdAo&pp=ugUEEgJlbg%3D%3D"
"1768103885-178","https://www.youtube.com/user/FoxNewsChannel/videos","If I was the Iranian regime, I would take President Trump ‘dead serious’: Gen. Jack Keane","https://www.youtube.com/watch?v=ucnhmOlGmZ8","‘ADVERSARIES SHOCKED’: Gen. Keane on why China is REELING after US action","https://www.youtube.com/watch?v=xmlbxhLEqTo"
"1768103885-179","https://www.youtube.com/user/FoxNewsChannel/videos","If I was the Iranian regime, I would take President Trump ‘dead serious’: Gen. Jack Keane","https://www.youtube.com/watch?v=ucnhmOlGmZ8","Is The Line Really Dead?","https://www.youtube.com/watch?v=zFVYgZMEOFg&pp=0gcJCU0KAYcqIYzv"
"1768103895-180","https://www.youtube.com/user/FoxNewsChannel/videos","This is an all-out attack on law enforcement, ex-acting DHS secretary says","https://www.youtube.com/watch?v=YLvOyCLHdjQ","Newsom faces heat as billions in homeless relief funds can’t be accounted for","https://www.youtube.com/watch?v=0vtNz42CyMk"
"1768103895-181","https://www.youtube.com/user/FoxNewsChannel/videos","This is an all-out attack on law enforcement, ex-acting DHS secretary says","https://www.youtube.com/watch?v=YLvOyCLHdjQ","Tim Walz Exposed For Faking Financial Records In State Audit","https://www.youtube.com/watch?v=Louj7N3dKSw&pp=ugUEEgJlbg%3D%3D"
"1768103895-182","https://www.youtube.com/user/FoxNewsChannel/videos","This is an all-out attack on law enforcement, ex-acting DHS secretary says","https://www.youtube.com/watch?v=YLvOyCLHdjQ","Gavin Newsom sends capital SPRINTING out of California","https://www.youtube.com/watch?v=H29q5bjvs9A"
"1768103895-183","https://www.youtube.com/user/FoxNewsChannel/videos","This is an all-out attack on law enforcement, ex-acting DHS secretary says","https://www.youtube.com/watch?v=YLvOyCLHdjQ","Jimmy Kimmel on the Awful ICE Shooting in Minneapolis & a Baseline of Decency Being Gone in America","https://www.youtube.com/watch?v=rG_EPeGz9IQ&pp=ugUHEgVlbi1VUw%3D%3D"
"1768103895-184","https://www.youtube.com/user/FoxNewsChannel/videos","This is an all-out attack on law enforcement, ex-acting DHS secretary says","https://www.youtube.com/watch?v=YLvOyCLHdjQ","California Governor Loses Control as Hundreds of Gas Stations Shut Down | Elizabeth Davis","https://www.youtube.com/watch?v=e-MgyB_Mmp0"
"1768103895-185","https://www.youtube.com/user/FoxNewsChannel/videos","This is an all-out attack on law enforcement, ex-acting DHS secretary says","https://www.youtube.com/watch?v=YLvOyCLHdjQ","Megyn Kelly Breaks Down What the Minnesota ICE Shooting Videos REALLY Show and Reveals NEW Info","https://www.youtube.com/watch?v=kH4W1TyUeQg"
"1768103895-186","https://www.youtube.com/user/FoxNewsChannel/videos","This is an all-out attack on law enforcement, ex-acting DHS secretary says","https://www.youtube.com/watch?v=YLvOyCLHdjQ","Independent journalist: Minnesotans have been telling me about this fraud for a long time","https://www.youtube.com/watch?v=KSpDrwlvBvY"
"1768103895-187","https://www.youtube.com/user/FoxNewsChannel/videos","This is an all-out attack on law enforcement, ex-acting DHS secretary says","https://www.youtube.com/watch?v=YLvOyCLHdjQ","ANOTHER federal agency suspends Minnesota aid amid fraud scandal","https://www.youtube.com/watch?v=s4qXDuVOk64"
"1768103895-188","https://www.youtube.com/user/FoxNewsChannel/videos","This is an all-out attack on law enforcement, ex-acting DHS secretary says","https://www.youtube.com/watch?v=YLvOyCLHdjQ","WATCH: Shouting match at Minnesota fraud hearing","https://www.youtube.com/watch?v=2-fDfWNwU4w"
"1768103895-189","https://www.youtube.com/user/FoxNewsChannel/videos","This is an all-out attack on law enforcement, ex-acting DHS secretary says","https://www.youtube.com/watch?v=YLvOyCLHdjQ","California Governor Responds After Thousands of Truckers Leave the State | Elizabeth Davis","https://www.youtube.com/watch?v=ey-Tpd3HdiY"
"1768103895-190","https://www.youtube.com/user/FoxNewsChannel/videos","This is an all-out attack on law enforcement, ex-acting DHS secretary says","https://www.youtube.com/watch?v=YLvOyCLHdjQ","Criminal referrals DETONATE as Minnesota fraud case spirals","https://www.youtube.com/watch?v=waHN9qz1i1o"
"1768103895-191","https://www.youtube.com/user/FoxNewsChannel/videos","This is an all-out attack on law enforcement, ex-acting DHS secretary says","https://www.youtube.com/watch?v=YLvOyCLHdjQ","Minnesota AG in HOT WATER after audio reveals meeting with now-convicted fraudsters","https://www.youtube.com/watch?v=nZpdmBvgcik"
"1768103895-192","https://www.youtube.com/user/FoxNewsChannel/videos","This is an all-out attack on law enforcement, ex-acting DHS secretary says","https://www.youtube.com/watch?v=YLvOyCLHdjQ","'STUNNER': NYC exodus grows as Mamdani's polices take hold","https://www.youtube.com/watch?v=kD93vokCCos"
"1768103895-193","https://www.youtube.com/user/FoxNewsChannel/videos","This is an all-out attack on law enforcement, ex-acting DHS secretary says","https://www.youtube.com/watch?v=YLvOyCLHdjQ","IRAN: Trump pledges support for protesters as demonstrations hit 2-week mark","https://www.youtube.com/watch?v=vs2s79qOrfE"
"1768103895-194","https://www.youtube.com/user/FoxNewsChannel/videos","This is an all-out attack on law enforcement, ex-acting DHS secretary says","https://www.youtube.com/watch?v=YLvOyCLHdjQ","Thousands gather for Bay Area anti-ICE protests","https://www.youtube.com/watch?v=tJHL7sViRhc"
"1768103895-195","https://www.youtube.com/user/FoxNewsChannel/videos","This is an all-out attack on law enforcement, ex-acting DHS secretary says","https://www.youtube.com/watch?v=YLvOyCLHdjQ","Iran warns protesters that they could face the death penalty, but demonstrations appear to grow","https://www.youtube.com/watch?v=GP80vysFCgs&pp=0gcJCU0KAYcqIYzv"
"1768103895-196","https://www.youtube.com/user/FoxNewsChannel/videos","This is an all-out attack on law enforcement, ex-acting DHS secretary says","https://www.youtube.com/watch?v=YLvOyCLHdjQ","JUST IN: DHS takes ACTION in Minneapolis as anti-ICE protesters rage","https://www.youtube.com/watch?v=iYxhxTvbZ_A"
"1768103895-197","https://www.youtube.com/user/FoxNewsChannel/videos","This is an all-out attack on law enforcement, ex-acting DHS secretary says","https://www.youtube.com/watch?v=YLvOyCLHdjQ","Thune RESPONDS to Dem threats on DHS funding after ICE shooting","https://www.youtube.com/watch?v=8nCcG2GR550"
"1768103895-198","https://www.youtube.com/user/FoxNewsChannel/videos","This is an all-out attack on law enforcement, ex-acting DHS secretary says","https://www.youtube.com/watch?v=YLvOyCLHdjQ","Minneapolis Mayor on ICE Shooting, Dropping F-Bomb and ‘Political Performance’ | WSJ","https://www.youtube.com/watch?v=nBfbmA8hpxY"
"1768103895-199","https://www.youtube.com/user/FoxNewsChannel/videos","This is an all-out attack on law enforcement, ex-acting DHS secretary says","https://www.youtube.com/watch?v=YLvOyCLHdjQ","'RED FLAGS': New Minnesota fraud uncovered tied to Ilhan Omar","https://www.youtube.com/watch?v=3EHnGpakCIw&pp=0gcJCU0KAYcqIYzv"
"1768103905-200","https://www.youtube.com/user/FoxNewsChannel/videos","Fox News Highlights - January 9th, 2026","https://www.youtube.com/watch?v=nJuhd9bHnkA","Tim Allen | Club Random with Bill Maher","https://www.youtube.com/watch?v=axYP6TfSr1I"
"1768103905-201","https://www.youtube.com/user/FoxNewsChannel/videos","Fox News Highlights - January 9th, 2026","https://www.youtube.com/watch?v=nJuhd9bHnkA","Tim Walz Exposed For Faking Financial Records In State Audit","https://www.youtube.com/watch?v=Louj7N3dKSw&pp=ugUEEgJlbg%3D%3D"
"1768103905-202","https://www.youtube.com/user/FoxNewsChannel/videos","Fox News Highlights - January 9th, 2026","https://www.youtube.com/watch?v=nJuhd9bHnkA","IRAN: Trump pledges support for protesters as demonstrations hit 2-week mark","https://www.youtube.com/watch?v=vs2s79qOrfE"
"1768103905-203","https://www.youtube.com/user/FoxNewsChannel/videos","Fox News Highlights - January 9th, 2026","https://www.youtube.com/watch?v=nJuhd9bHnkA","WATCH: JD Vance has a message for Jasmine Crockett...","https://www.youtube.com/watch?v=-k7em-PkgJk"
"1768103905-204","https://www.youtube.com/user/FoxNewsChannel/videos","Fox News Highlights - January 9th, 2026","https://www.youtube.com/watch?v=nJuhd9bHnkA","ABC World News Tonight with David Muir Full Broadcast - January 10th, 2026","https://www.youtube.com/watch?v=Wo1i5ayMCO8"
"1768103905-205","https://www.youtube.com/user/FoxNewsChannel/videos","Fox News Highlights - January 9th, 2026","https://www.youtube.com/watch?v=nJuhd9bHnkA","Germans Captured Him — He Laughed, Then Killed 21 of Them in 45 Seconds","https://www.youtube.com/watch?v=PLMjds9a5dI"
"1768103905-206","https://www.youtube.com/user/FoxNewsChannel/videos","Fox News Highlights - January 9th, 2026","https://www.youtube.com/watch?v=nJuhd9bHnkA","MALIBU 🔥 ONE YEAR LATER 🔥 The Adam Carolla Vlog","https://www.youtube.com/watch?v=S8Pddb_phkI&pp=ugUEEgJlbg%3D%3D"
"1768103905-207","https://www.youtube.com/user/FoxNewsChannel/videos","Fox News Highlights - January 9th, 2026","https://www.youtube.com/watch?v=nJuhd9bHnkA","Psaki, Maddow EVISCERATED over hypocritical’ pivot after Maduro capture","https://www.youtube.com/watch?v=DIwkl3XYb2I"
"1768103905-208","https://www.youtube.com/user/FoxNewsChannel/videos","Fox News Highlights - January 9th, 2026","https://www.youtube.com/watch?v=nJuhd9bHnkA","'AMERICAN DREAM IS COMING BACK': Housing official reveals how prices will be affordable","https://www.youtube.com/watch?v=x-9u57HWuJ8"
"1768103905-209","https://www.youtube.com/user/FoxNewsChannel/videos","Fox News Highlights - January 9th, 2026","https://www.youtube.com/watch?v=nJuhd9bHnkA","NEW Video of ICE Shooting Destroys Left Narrative, Conan Slams Comics, w/ Jesse Kelly & Link Lauren","https://www.youtube.com/watch?v=vAdS3BtCHm4"
"1768103905-210","https://www.youtube.com/user/FoxNewsChannel/videos","Fox News Highlights - January 9th, 2026","https://www.youtube.com/watch?v=nJuhd9bHnkA","The Origins of Maya Civilization (Full Episode) | Rise and Fall of the Maya | National Geographic","https://www.youtube.com/watch?v=0lIuz5lelYQ"
"1768103905-211","https://www.youtube.com/user/FoxNewsChannel/videos","Fox News Highlights - January 9th, 2026","https://www.youtube.com/watch?v=nJuhd9bHnkA","Megyn Kelly Breaks Down What the Minnesota ICE Shooting Videos REALLY Show and Reveals NEW Info","https://www.youtube.com/watch?v=kH4W1TyUeQg&pp=0gcJCU0KAYcqIYzv"
"1768103905-212","https://www.youtube.com/user/FoxNewsChannel/videos","Fox News Highlights - January 9th, 2026","https://www.youtube.com/watch?v=nJuhd9bHnkA","All-In's 2026 Predictions","https://www.youtube.com/watch?v=yEb2DX0TzKM"
"1768103905-213","https://www.youtube.com/user/FoxNewsChannel/videos","Fox News Highlights - January 9th, 2026","https://www.youtube.com/watch?v=nJuhd9bHnkA","Jimmy Kimmel on the Awful ICE Shooting in Minneapolis & a Baseline of Decency Being Gone in America","https://www.youtube.com/watch?v=rG_EPeGz9IQ&pp=ugUHEgVlbi1VUw%3D%3D"
"1768103905-214","https://www.youtube.com/user/FoxNewsChannel/videos","Fox News Highlights - January 9th, 2026","https://www.youtube.com/watch?v=nJuhd9bHnkA","'The Five': Tensions are running HIGH...","https://www.youtube.com/watch?v=4q3x7lrhmlo"
"1768103905-215","https://www.youtube.com/user/FoxNewsChannel/videos","Fox News Highlights - January 9th, 2026","https://www.youtube.com/watch?v=nJuhd9bHnkA","Greg Gutfeld: Walz always seems to be in a panic","https://www.youtube.com/watch?v=rWS-KLnNbG8"
"1768103905-216","https://www.youtube.com/user/FoxNewsChannel/videos","Fox News Highlights - January 9th, 2026","https://www.youtube.com/watch?v=nJuhd9bHnkA","50 Funniest SNL Moments of The Last 50 Years","https://www.youtube.com/watch?v=6ht3zgz1k_k"
"1768103905-217","https://www.youtube.com/user/FoxNewsChannel/videos","Fox News Highlights - January 9th, 2026","https://www.youtube.com/watch?v=nJuhd9bHnkA","Jan. 10: ICE protests, Ohio dentist murder","https://www.youtube.com/watch?v=cYJuGDF4PjA"
"1768103905-218","https://www.youtube.com/user/FoxNewsChannel/videos","Fox News Highlights - January 9th, 2026","https://www.youtube.com/watch?v=nJuhd9bHnkA","California Governor Responds After Thousands of Truckers Leave the State | Elizabeth Davis","https://www.youtube.com/watch?v=ey-Tpd3HdiY"
"1768103905-219","https://www.youtube.com/user/FoxNewsChannel/videos","Fox News Highlights - January 9th, 2026","https://www.youtube.com/watch?v=nJuhd9bHnkA","Keane: I am STUNNED by this","https://www.youtube.com/watch?v=-bkhUVR8s3M"
"1768103915-220","https://www.youtube.com/user/FoxNewsChannel/videos","ICE officer body cam CORROBORATES what Feds said: Gregg Jarrett","https://www.youtube.com/watch?v=cL5Ds9qAEqA&pp=0gcJCU0KAYcqIYzv","NEW ICE Agent POV Released | Full Legal Breakdown.","https://www.youtube.com/watch?v=bDda-L_ZOE8&pp=ugUEEgJlbg%3D%3D"
"1768103915-221","https://www.youtube.com/user/FoxNewsChannel/videos","ICE officer body cam CORROBORATES what Feds said: Gregg Jarrett","https://www.youtube.com/watch?v=cL5Ds9qAEqA&pp=0gcJCU0KAYcqIYzv","Gavin Newsom sends capital SPRINTING out of California","https://www.youtube.com/watch?v=H29q5bjvs9A&pp=0gcJCU0KAYcqIYzv"
"1768103915-222","https://www.youtube.com/user/FoxNewsChannel/videos","ICE officer body cam CORROBORATES what Feds said: Gregg Jarrett","https://www.youtube.com/watch?v=cL5Ds9qAEqA&pp=0gcJCU0KAYcqIYzv","What Does the Law Say About the ICE Shooting in Minnesota?","https://www.youtube.com/watch?v=Y04ndAPynMk&pp=ugUEEgJlbg%3D%3D"
"1768103915-223","https://www.youtube.com/user/FoxNewsChannel/videos","ICE officer body cam CORROBORATES what Feds said: Gregg Jarrett","https://www.youtube.com/watch?v=cL5Ds9qAEqA&pp=0gcJCU0KAYcqIYzv","Ice Shooting In Minnesota, Strip the Politics Away: Was This Self-Defense?","https://www.youtube.com/watch?v=Wh3azU1-nao"
"1768103915-224","https://www.youtube.com/user/FoxNewsChannel/videos","ICE officer body cam CORROBORATES what Feds said: Gregg Jarrett","https://www.youtube.com/watch?v=cL5Ds9qAEqA&pp=0gcJCU0KAYcqIYzv","California Governor Loses Control as Hundreds of Gas Stations Shut Down | Elizabeth Davis","https://www.youtube.com/watch?v=e-MgyB_Mmp0"
"1768103915-225","https://www.youtube.com/user/FoxNewsChannel/videos","ICE officer body cam CORROBORATES what Feds said: Gregg Jarrett","https://www.youtube.com/watch?v=cL5Ds9qAEqA&pp=0gcJCU0KAYcqIYzv","Self-defence? A breakdown of the fatal ICE shooting in Minneapolis | About That","https://www.youtube.com/watch?v=ZEiw1rMjZsc"
"1768103915-226","https://www.youtube.com/user/FoxNewsChannel/videos","ICE officer body cam CORROBORATES what Feds said: Gregg Jarrett","https://www.youtube.com/watch?v=cL5Ds9qAEqA&pp=0gcJCU0KAYcqIYzv","JUST IN: Woman who was shot worked with 'ICE Watch' group","https://www.youtube.com/watch?v=g3OcjqBPx78"
"1768103915-227","https://www.youtube.com/user/FoxNewsChannel/videos","ICE officer body cam CORROBORATES what Feds said: Gregg Jarrett","https://www.youtube.com/watch?v=cL5Ds9qAEqA&pp=0gcJCU0KAYcqIYzv","Shocking Arrest: Surgeon Ex-Husband Charged in Brutal Ohio Dentist Murders | Dr. Michael McKee","https://www.youtube.com/watch?v=1wbroSpXkCk"
"1768103915-228","https://www.youtube.com/user/FoxNewsChannel/videos","ICE officer body cam CORROBORATES what Feds said: Gregg Jarrett","https://www.youtube.com/watch?v=cL5Ds9qAEqA&pp=0gcJCU0KAYcqIYzv","ANOTHER federal agency suspends Minnesota aid amid fraud scandal","https://www.youtube.com/watch?v=s4qXDuVOk64"
"1768103915-229","https://www.youtube.com/user/FoxNewsChannel/videos","ICE officer body cam CORROBORATES what Feds said: Gregg Jarrett","https://www.youtube.com/watch?v=cL5Ds9qAEqA&pp=0gcJCU0KAYcqIYzv","'STUNNER': NYC exodus grows as Mamdani's polices take hold","https://www.youtube.com/watch?v=kD93vokCCos"
"1768103915-230","https://www.youtube.com/user/FoxNewsChannel/videos","ICE officer body cam CORROBORATES what Feds said: Gregg Jarrett","https://www.youtube.com/watch?v=cL5Ds9qAEqA&pp=0gcJCU0KAYcqIYzv","Gen. Keane: 'INTELLIGENCE' allowed the US to capture Maduro alive","https://www.youtube.com/watch?v=Pig8TGk9mYg&pp=0gcJCU0KAYcqIYzv"
"1768103915-231","https://www.youtube.com/user/FoxNewsChannel/videos","ICE officer body cam CORROBORATES what Feds said: Gregg Jarrett","https://www.youtube.com/watch?v=cL5Ds9qAEqA&pp=0gcJCU0KAYcqIYzv","Vance reacts to NEW footage of Minneapolis shooting: 'His life was endangered'","https://www.youtube.com/watch?v=uUmoeK81H7g"
"1768103915-232","https://www.youtube.com/user/FoxNewsChannel/videos","ICE officer body cam CORROBORATES what Feds said: Gregg Jarrett","https://www.youtube.com/watch?v=cL5Ds9qAEqA&pp=0gcJCU0KAYcqIYzv","WATCH: Shouting match at Minnesota fraud hearing","https://www.youtube.com/watch?v=2-fDfWNwU4w"
"1768103915-233","https://www.youtube.com/user/FoxNewsChannel/videos","ICE officer body cam CORROBORATES what Feds said: Gregg Jarrett","https://www.youtube.com/watch?v=cL5Ds9qAEqA&pp=0gcJCU0KAYcqIYzv","Protesters STORM Minneapolis hotel where ICE agents believed to be staying","https://www.youtube.com/watch?v=WEPpo9bAfS0"
"1768103915-234","https://www.youtube.com/user/FoxNewsChannel/videos","ICE officer body cam CORROBORATES what Feds said: Gregg Jarrett","https://www.youtube.com/watch?v=cL5Ds9qAEqA&pp=0gcJCU0KAYcqIYzv","I Entered Cuba Alone.. Here’s What Happened in 24 Hours 🇨🇺","https://www.youtube.com/watch?v=BXc4JtUL8qQ&pp=ugUEEgJlbg%3D%3D"
"1768103915-235","https://www.youtube.com/user/FoxNewsChannel/videos","ICE officer body cam CORROBORATES what Feds said: Gregg Jarrett","https://www.youtube.com/watch?v=cL5Ds9qAEqA&pp=0gcJCU0KAYcqIYzv","NEW: Details revealed about woman shot, killed by ICE agent in Minneapolis","https://www.youtube.com/watch?v=EdX6HbJ8gPg"
"1768103915-236","https://www.youtube.com/user/FoxNewsChannel/videos","ICE officer body cam CORROBORATES what Feds said: Gregg Jarrett","https://www.youtube.com/watch?v=cL5Ds9qAEqA&pp=0gcJCU0KAYcqIYzv","Jimmy Kimmel on the Awful ICE Shooting in Minneapolis & a Baseline of Decency Being Gone in America","https://www.youtube.com/watch?v=rG_EPeGz9IQ&pp=ugUHEgVlbi1VUw%3D%3D"
"1768103915-237","https://www.youtube.com/user/FoxNewsChannel/videos","ICE officer body cam CORROBORATES what Feds said: Gregg Jarrett","https://www.youtube.com/watch?v=cL5Ds9qAEqA&pp=0gcJCU0KAYcqIYzv","Megyn Kelly Breaks Down What the Minnesota ICE Shooting Videos REALLY Show and Reveals NEW Info","https://www.youtube.com/watch?v=kH4W1TyUeQg"
"1768103915-238","https://www.youtube.com/user/FoxNewsChannel/videos","ICE officer body cam CORROBORATES what Feds said: Gregg Jarrett","https://www.youtube.com/watch?v=cL5Ds9qAEqA&pp=0gcJCU0KAYcqIYzv","Iran warns protesters that they could face the death penalty, but demonstrations appear to grow","https://www.youtube.com/watch?v=GP80vysFCgs"
"1768103915-239","https://www.youtube.com/user/FoxNewsChannel/videos","ICE officer body cam CORROBORATES what Feds said: Gregg Jarrett","https://www.youtube.com/watch?v=cL5Ds9qAEqA&pp=0gcJCU0KAYcqIYzv","Venezuelan immigrant speaks out following Maduro's capture; says hope has been restored","https://www.youtube.com/watch?v=cylfhA8pNgY"
"1768103925-240","https://www.youtube.com/user/FoxNewsChannel/videos","‘VERY PRECARIOUS’: EVERY situation is different in immigration enforcement, Border Patrol chief","https://www.youtube.com/watch?v=t4n9d5eEZr8","Gavin Newsom sends capital SPRINTING out of California","https://www.youtube.com/watch?v=H29q5bjvs9A"
"1768103925-241","https://www.youtube.com/user/FoxNewsChannel/videos","‘VERY PRECARIOUS’: EVERY situation is different in immigration enforcement, Border Patrol chief","https://www.youtube.com/watch?v=t4n9d5eEZr8","California Governor Loses Control as Hundreds of Gas Stations Shut Down | Elizabeth Davis","https://www.youtube.com/watch?v=e-MgyB_Mmp0"
"1768103925-242","https://www.youtube.com/user/FoxNewsChannel/videos","‘VERY PRECARIOUS’: EVERY situation is different in immigration enforcement, Border Patrol chief","https://www.youtube.com/watch?v=t4n9d5eEZr8","JUST IN: Woman who was shot worked with 'ICE Watch' group","https://www.youtube.com/watch?v=g3OcjqBPx78"
"1768103925-243","https://www.youtube.com/user/FoxNewsChannel/videos","‘VERY PRECARIOUS’: EVERY situation is different in immigration enforcement, Border Patrol chief","https://www.youtube.com/watch?v=t4n9d5eEZr8","What Does the Law Say About the ICE Shooting in Minnesota?","https://www.youtube.com/watch?v=Y04ndAPynMk&pp=ugUEEgJlbg%3D%3D"
"1768103925-244","https://www.youtube.com/user/FoxNewsChannel/videos","‘VERY PRECARIOUS’: EVERY situation is different in immigration enforcement, Border Patrol chief","https://www.youtube.com/watch?v=t4n9d5eEZr8","'STUNNER': NYC exodus grows as Mamdani's polices take hold","https://www.youtube.com/watch?v=kD93vokCCos"
"1768103925-245","https://www.youtube.com/user/FoxNewsChannel/videos","‘VERY PRECARIOUS’: EVERY situation is different in immigration enforcement, Border Patrol chief","https://www.youtube.com/watch?v=t4n9d5eEZr8","NEW ICE Agent POV Released | Full Legal Breakdown.","https://www.youtube.com/watch?v=bDda-L_ZOE8&pp=ugUEEgJlbg%3D%3D"
"1768103925-246","https://www.youtube.com/user/FoxNewsChannel/videos","‘VERY PRECARIOUS’: EVERY situation is different in immigration enforcement, Border Patrol chief","https://www.youtube.com/watch?v=t4n9d5eEZr8","Tim Walz Exposed For Faking Financial Records In State Audit","https://www.youtube.com/watch?v=Louj7N3dKSw&pp=ugUEEgJlbtIHCQlNCgGHKiGM7w%3D%3D"
"1768103925-247","https://www.youtube.com/user/FoxNewsChannel/videos","‘VERY PRECARIOUS’: EVERY situation is different in immigration enforcement, Border Patrol chief","https://www.youtube.com/watch?v=t4n9d5eEZr8","California Governor Responds After Thousands of Truckers Leave the State | Elizabeth Davis","https://www.youtube.com/watch?v=ey-Tpd3HdiY"
"1768103925-248","https://www.youtube.com/user/FoxNewsChannel/videos","‘VERY PRECARIOUS’: EVERY situation is different in immigration enforcement, Border Patrol chief","https://www.youtube.com/watch?v=t4n9d5eEZr8","Vance: 'WHO TOLD PROTESTERS TO SHOW UP?'","https://www.youtube.com/watch?v=af5z7EU2AHk"
"1768103925-249","https://www.youtube.com/user/FoxNewsChannel/videos","‘VERY PRECARIOUS’: EVERY situation is different in immigration enforcement, Border Patrol chief","https://www.youtube.com/watch?v=t4n9d5eEZr8","Minnesota AG in HOT WATER after audio reveals meeting with now-convicted fraudsters","https://www.youtube.com/watch?v=nZpdmBvgcik"
"1768103925-250","https://www.youtube.com/user/FoxNewsChannel/videos","‘VERY PRECARIOUS’: EVERY situation is different in immigration enforcement, Border Patrol chief","https://www.youtube.com/watch?v=t4n9d5eEZr8","Protesters STORM Minneapolis hotel where ICE agents believed to be staying","https://www.youtube.com/watch?v=WEPpo9bAfS0"
"1768103925-251","https://www.youtube.com/user/FoxNewsChannel/videos","‘VERY PRECARIOUS’: EVERY situation is different in immigration enforcement, Border Patrol chief","https://www.youtube.com/watch?v=t4n9d5eEZr8","Border Patrol Agent Hugs Protester Amid ICE Tensions","https://www.youtube.com/watch?v=ZruaLxWOJLE&pp=ugUEEgJlbg%3D%3D"
"1768103925-252","https://www.youtube.com/user/FoxNewsChannel/videos","‘VERY PRECARIOUS’: EVERY situation is different in immigration enforcement, Border Patrol chief","https://www.youtube.com/watch?v=t4n9d5eEZr8","Thousands gathered in Powderhorn park to protest the killing of Renee Good","https://www.youtube.com/watch?v=sJWfbJUHlKk"
"1768103925-253","https://www.youtube.com/user/FoxNewsChannel/videos","‘VERY PRECARIOUS’: EVERY situation is different in immigration enforcement, Border Patrol chief","https://www.youtube.com/watch?v=t4n9d5eEZr8","Criminal referrals DETONATE as Minnesota fraud case spirals","https://www.youtube.com/watch?v=waHN9qz1i1o"
"1768103925-254","https://www.youtube.com/user/FoxNewsChannel/videos","‘VERY PRECARIOUS’: EVERY situation is different in immigration enforcement, Border Patrol chief","https://www.youtube.com/watch?v=t4n9d5eEZr8","KATU obtains video that shows couple less than an hour before being shot by federal officers","https://www.youtube.com/watch?v=8t8mQF8xMRg"
"1768103925-255","https://www.youtube.com/user/FoxNewsChannel/videos","‘VERY PRECARIOUS’: EVERY situation is different in immigration enforcement, Border Patrol chief","https://www.youtube.com/watch?v=t4n9d5eEZr8","WATCH: Shouting match at Minnesota fraud hearing","https://www.youtube.com/watch?v=2-fDfWNwU4w"
"1768103925-256","https://www.youtube.com/user/FoxNewsChannel/videos","‘VERY PRECARIOUS’: EVERY situation is different in immigration enforcement, Border Patrol chief","https://www.youtube.com/watch?v=t4n9d5eEZr8","Why This Island Could Trigger World War 3","https://www.youtube.com/watch?v=x-XdOaZPhBw&pp=0gcJCU0KAYcqIYzv"
"1768103925-257","https://www.youtube.com/user/FoxNewsChannel/videos","‘VERY PRECARIOUS’: EVERY situation is different in immigration enforcement, Border Patrol chief","https://www.youtube.com/watch?v=t4n9d5eEZr8","ANOTHER federal agency suspends Minnesota aid amid fraud scandal","https://www.youtube.com/watch?v=s4qXDuVOk64"
"1768103925-258","https://www.youtube.com/user/FoxNewsChannel/videos","‘VERY PRECARIOUS’: EVERY situation is different in immigration enforcement, Border Patrol chief","https://www.youtube.com/watch?v=t4n9d5eEZr8","Iran warns protesters that they could face the death penalty, but demonstrations appear to grow","https://www.youtube.com/watch?v=GP80vysFCgs"
"1768103925-259","https://www.youtube.com/user/FoxNewsChannel/videos","‘VERY PRECARIOUS’: EVERY situation is different in immigration enforcement, Border Patrol chief","https://www.youtube.com/watch?v=t4n9d5eEZr8","Venezuela F-16 DIVES TOWARD US Aircraft Carrier — Then THIS Happened…","https://www.youtube.com/watch?v=ZP9UbVdj5R8&pp=ugUEEgJlbg%3D%3D"
"1768103936-260","https://www.youtube.com/user/FoxNewsChannel/videos","Trump issues SCATHING new warning to Iran: 'We will get involved'","https://www.youtube.com/watch?v=Me3ECQGs8Xk","IRAN: Trump pledges support for protesters as demonstrations hit 2-week mark","https://www.youtube.com/watch?v=vs2s79qOrfE"
"1768103936-261","https://www.youtube.com/user/FoxNewsChannel/videos","Trump issues SCATHING new warning to Iran: 'We will get involved'","https://www.youtube.com/watch?v=Me3ECQGs8Xk","Gavin Newsom sends capital SPRINTING out of California","https://www.youtube.com/watch?v=H29q5bjvs9A"
"1768103936-262","https://www.youtube.com/user/FoxNewsChannel/videos","Trump issues SCATHING new warning to Iran: 'We will get involved'","https://www.youtube.com/watch?v=Me3ECQGs8Xk","BREAKING: US strikes ISIS in Syria","https://www.youtube.com/watch?v=Cz9fsXToWTY&pp=0gcJCU0KAYcqIYzv"
"1768103936-263","https://www.youtube.com/user/FoxNewsChannel/videos","Trump issues SCATHING new warning to Iran: 'We will get involved'","https://www.youtube.com/watch?v=Me3ECQGs8Xk","Progress made on AI-powered humanoid robots | 60 Minutes","https://www.youtube.com/watch?v=CbHeh7qwils"
"1768103936-264","https://www.youtube.com/user/FoxNewsChannel/videos","Trump issues SCATHING new warning to Iran: 'We will get involved'","https://www.youtube.com/watch?v=Me3ECQGs8Xk","Iran warns protesters that they could face the death penalty, but demonstrations appear to grow","https://www.youtube.com/watch?v=GP80vysFCgs"
"1768103936-265","https://www.youtube.com/user/FoxNewsChannel/videos","Trump issues SCATHING new warning to Iran: 'We will get involved'","https://www.youtube.com/watch?v=Me3ECQGs8Xk","'STUNNER': NYC exodus grows as Mamdani's polices take hold","https://www.youtube.com/watch?v=kD93vokCCos"
"1768103936-266","https://www.youtube.com/user/FoxNewsChannel/videos","Trump issues SCATHING new warning to Iran: 'We will get involved'","https://www.youtube.com/watch?v=Me3ECQGs8Xk","California Governor Loses Control as Hundreds of Gas Stations Shut Down | Elizabeth Davis","https://www.youtube.com/watch?v=e-MgyB_Mmp0"
"1768103936-267","https://www.youtube.com/user/FoxNewsChannel/videos","Trump issues SCATHING new warning to Iran: 'We will get involved'","https://www.youtube.com/watch?v=Me3ECQGs8Xk","Why One Oil Company Has a Head Start in Venezuela","https://www.youtube.com/watch?v=tuHUZjwt_8o"
"1768103936-268","https://www.youtube.com/user/FoxNewsChannel/videos","Trump issues SCATHING new warning to Iran: 'We will get involved'","https://www.youtube.com/watch?v=Me3ECQGs8Xk","Iranian regime will suffer 'death by a thousand cuts' following widespread protests","https://www.youtube.com/watch?v=BXgdNHZmG-Q&pp=0gcJCU0KAYcqIYzv"
"1768103936-269","https://www.youtube.com/user/FoxNewsChannel/videos","Trump issues SCATHING new warning to Iran: 'We will get involved'","https://www.youtube.com/watch?v=Me3ECQGs8Xk","Internet blackout in Iran enters second day as anti-government protests intensify","https://www.youtube.com/watch?v=F0uC4wD7zm0"
"1768103936-270","https://www.youtube.com/user/FoxNewsChannel/videos","Trump issues SCATHING new warning to Iran: 'We will get involved'","https://www.youtube.com/watch?v=Me3ECQGs8Xk","When A Gang Leader Confronted Muhammad Ali","https://www.youtube.com/watch?v=1YpbDWpH7Pw"
"1768103936-271","https://www.youtube.com/user/FoxNewsChannel/videos","Trump issues SCATHING new warning to Iran: 'We will get involved'","https://www.youtube.com/watch?v=Me3ECQGs8Xk","Iran Protests Enter Day 13: People Take to the Streets | Vantage with Palki Sharma | N18G","https://www.youtube.com/watch?v=qXLcebdFlnY&pp=ugUHEgVlbi1JTg%3D%3D"
"1768103936-272","https://www.youtube.com/user/FoxNewsChannel/videos","Trump issues SCATHING new warning to Iran: 'We will get involved'","https://www.youtube.com/watch?v=Me3ECQGs8Xk","Iran Protests: Iran Warns of Death Penalty, Says ""Protesters are Enemy of God"" | World DNA","https://www.youtube.com/watch?v=1LyGa7-9fc8&pp=0gcJCU0KAYcqIYzv"
"1768103936-273","https://www.youtube.com/user/FoxNewsChannel/videos","Trump issues SCATHING new warning to Iran: 'We will get involved'","https://www.youtube.com/watch?v=Me3ECQGs8Xk","[WKF2024] The End of China's Rise and the Future of World Order","https://www.youtube.com/watch?v=IL6OHMr21f8"
"1768103936-274","https://www.youtube.com/user/FoxNewsChannel/videos","Trump issues SCATHING new warning to Iran: 'We will get involved'","https://www.youtube.com/watch?v=Me3ECQGs8Xk","Iran's Ayatollah is 'scared of Trump'","https://www.youtube.com/watch?v=hCstPKNYapk"
"1768103936-275","https://www.youtube.com/user/FoxNewsChannel/videos","Trump issues SCATHING new warning to Iran: 'We will get involved'","https://www.youtube.com/watch?v=Me3ECQGs8Xk","BREAKING: 'Iran Protesters Will Be Given Death-Penalty Charge' | WION","https://www.youtube.com/watch?v=fL4CbZi7LUk&pp=0gcJCU0KAYcqIYzv"
"1768103936-276","https://www.youtube.com/user/FoxNewsChannel/videos","Trump issues SCATHING new warning to Iran: 'We will get involved'","https://www.youtube.com/watch?v=Me3ECQGs8Xk","Germans Captured Him — He Laughed, Then Killed 21 of Them in 45 Seconds","https://www.youtube.com/watch?v=PLMjds9a5dI"
"1768103936-277","https://www.youtube.com/user/FoxNewsChannel/videos","Trump issues SCATHING new warning to Iran: 'We will get involved'","https://www.youtube.com/watch?v=Me3ECQGs8Xk","How to Become Jewish | Modi Stand Up Comedy","https://www.youtube.com/watch?v=4GlgHlcFLF4&pp=ugUHEgVlbi1VUw%3D%3D"
"1768103936-278","https://www.youtube.com/user/FoxNewsChannel/videos","Trump issues SCATHING new warning to Iran: 'We will get involved'","https://www.youtube.com/watch?v=Me3ECQGs8Xk","WATCH: Trump makes MAJOR vow to Iranians","https://www.youtube.com/watch?v=V0dDaAg3-FI&pp=0gcJCU0KAYcqIYzv"
"1768103946-279","https://www.youtube.com/user/FoxNewsChannel/videos","Trump nears MAJOR deal with oil execs for development in Venezuela","https://www.youtube.com/watch?v=i0QQ7dVgl74","Why One Oil Company Has a Head Start in Venezuela","https://www.youtube.com/watch?v=tuHUZjwt_8o"
"1768103946-280","https://www.youtube.com/user/FoxNewsChannel/videos","Trump nears MAJOR deal with oil execs for development in Venezuela","https://www.youtube.com/watch?v=i0QQ7dVgl74","Gavin Newsom sends capital SPRINTING out of California","https://www.youtube.com/watch?v=H29q5bjvs9A&pp=0gcJCU0KAYcqIYzv"
"1768103946-281","https://www.youtube.com/user/FoxNewsChannel/videos","Trump nears MAJOR deal with oil execs for development in Venezuela","https://www.youtube.com/watch?v=i0QQ7dVgl74","FULL URGENT REMARKS: Trump on Venezuela, Minnesota ICE Shooting, Iran & Cuba | AC15","https://www.youtube.com/watch?v=5szKKDF2A8E"
"1768103946-282","https://www.youtube.com/user/FoxNewsChannel/videos","Trump nears MAJOR deal with oil execs for development in Venezuela","https://www.youtube.com/watch?v=i0QQ7dVgl74","The real reason Venezuela matters","https://www.youtube.com/watch?v=Pgwny1BiCYk"
"1768103946-283","https://www.youtube.com/user/FoxNewsChannel/videos","Trump nears MAJOR deal with oil execs for development in Venezuela","https://www.youtube.com/watch?v=i0QQ7dVgl74","Why The USA Will Own Greenland by 2027","https://www.youtube.com/watch?v=-nRf98vPvM8&pp=ugUEEgJlbg%3D%3D"
"1768103946-284","https://www.youtube.com/user/FoxNewsChannel/videos","Trump nears MAJOR deal with oil execs for development in Venezuela","https://www.youtube.com/watch?v=i0QQ7dVgl74","Trump reshapes global energy in one SWEEPING move","https://www.youtube.com/watch?v=XcZkSvuSW3Y"
"1768103946-285","https://www.youtube.com/user/FoxNewsChannel/videos","Trump nears MAJOR deal with oil execs for development in Venezuela","https://www.youtube.com/watch?v=i0QQ7dVgl74","IRAN: Trump pledges support for protesters as demonstrations hit 2-week mark","https://www.youtube.com/watch?v=vs2s79qOrfE"
"1768103946-286","https://www.youtube.com/user/FoxNewsChannel/videos","Trump nears MAJOR deal with oil execs for development in Venezuela","https://www.youtube.com/watch?v=i0QQ7dVgl74","JUST IN: President Trump reveals plans for governorship of Venezuelan","https://www.youtube.com/watch?v=JLbxmDh_8ds&pp=0gcJCU0KAYcqIYzv"
"1768103946-287","https://www.youtube.com/user/FoxNewsChannel/videos","Trump nears MAJOR deal with oil execs for development in Venezuela","https://www.youtube.com/watch?v=i0QQ7dVgl74","Why Trump Wants ConocoPhillips, ExxonMobil And Chevron To Rebuild Venezuela’s Oil Fields","https://www.youtube.com/watch?v=w67-wxmkWeQ"
"1768103946-288","https://www.youtube.com/user/FoxNewsChannel/videos","Trump nears MAJOR deal with oil execs for development in Venezuela","https://www.youtube.com/watch?v=i0QQ7dVgl74","Extended interview: Colombian President Gustavo Petro (in Spanish)","https://www.youtube.com/watch?v=FEbNZF2_SvQ"
"1768103946-289","https://www.youtube.com/user/FoxNewsChannel/videos","Trump nears MAJOR deal with oil execs for development in Venezuela","https://www.youtube.com/watch?v=i0QQ7dVgl74","'AMERICAN DREAM IS COMING BACK': Housing official reveals how prices will be affordable","https://www.youtube.com/watch?v=x-9u57HWuJ8"
"1768103946-290","https://www.youtube.com/user/FoxNewsChannel/videos","Trump nears MAJOR deal with oil execs for development in Venezuela","https://www.youtube.com/watch?v=i0QQ7dVgl74","Can Trump really get Venezuela’s oil flowing again? | About That","https://www.youtube.com/watch?v=RhlKugl53CY"
"1768103946-291","https://www.youtube.com/user/FoxNewsChannel/videos","Trump nears MAJOR deal with oil execs for development in Venezuela","https://www.youtube.com/watch?v=i0QQ7dVgl74","FULL Q&A: Trump Urgent Remarks on Russia, China, Venezuela, Minnesota, Iran & Cuba | AC15","https://www.youtube.com/watch?v=3pIi4ha38-Q"
"1768103946-292","https://www.youtube.com/user/FoxNewsChannel/videos","Trump nears MAJOR deal with oil execs for development in Venezuela","https://www.youtube.com/watch?v=i0QQ7dVgl74","California Governor Loses Control as Hundreds of Gas Stations Shut Down | Elizabeth Davis","https://www.youtube.com/watch?v=e-MgyB_Mmp0&pp=0gcJCU0KAYcqIYzv"
"1768103946-293","https://www.youtube.com/user/FoxNewsChannel/videos","Trump nears MAJOR deal with oil execs for development in Venezuela","https://www.youtube.com/watch?v=i0QQ7dVgl74","FULL SUMMIT: Trump, JD Vance & Marco Rubio Meet Oil Execs on Venezuela Investment | AC15","https://www.youtube.com/watch?v=Psp--7gFYpk"
"1768103946-294","https://www.youtube.com/user/FoxNewsChannel/videos","Trump nears MAJOR deal with oil execs for development in Venezuela","https://www.youtube.com/watch?v=i0QQ7dVgl74","FULL HOUR: Trump meets with Oil execs on Venezuelan reserves","https://www.youtube.com/watch?v=0obu9JDFs2M"
"1768103946-295","https://www.youtube.com/user/FoxNewsChannel/videos","Trump nears MAJOR deal with oil execs for development in Venezuela","https://www.youtube.com/watch?v=i0QQ7dVgl74","Trump meets with oil executives on plan for Venezuela's reserves","https://www.youtube.com/watch?v=9mpUl_OazyQ"
"1768103946-296","https://www.youtube.com/user/FoxNewsChannel/videos","Trump nears MAJOR deal with oil execs for development in Venezuela","https://www.youtube.com/watch?v=i0QQ7dVgl74","FULL: Trump Holds Roundtable With Oil Execs To Discuss Venezuela, Takes Questions From Reporters","https://www.youtube.com/watch?v=B0RkDHGNGkQ"
"1768103946-297","https://www.youtube.com/user/FoxNewsChannel/videos","Trump nears MAJOR deal with oil execs for development in Venezuela","https://www.youtube.com/watch?v=i0QQ7dVgl74","Why Venezuela’s Oil Matters So Much The Hidden History","https://www.youtube.com/watch?v=2JoRkGplusc"
"1768103946-298","https://www.youtube.com/user/FoxNewsChannel/videos","Trump nears MAJOR deal with oil execs for development in Venezuela","https://www.youtube.com/watch?v=i0QQ7dVgl74","HISTORIC OIL SUMMIT: Trump, JD & Rubio Face Tough Q&A on Russia, China, Venezuela, Iran & Cuba |AC1E","https://www.youtube.com/watch?v=aZknNmuSdAo&pp=ugUEEgJlbg%3D%3D"
"1768103956-299","https://www.youtube.com/user/FoxNewsChannel/videos","Protesters STORM Minneapolis hotel where ICE agents believed to be staying","https://www.youtube.com/watch?v=WEPpo9bAfS0","What Does the Law Say About the ICE Shooting in Minnesota?","https://www.youtube.com/watch?v=Y04ndAPynMk&pp=ugUEEgJlbg%3D%3D"
"1768103956-300","https://www.youtube.com/user/FoxNewsChannel/videos","Protesters STORM Minneapolis hotel where ICE agents believed to be staying","https://www.youtube.com/watch?v=WEPpo9bAfS0","Who Actually Makes Trader Joe’s Food?","https://www.youtube.com/watch?v=zOd01sLlDj4"
"1768103956-301","https://www.youtube.com/user/FoxNewsChannel/videos","Protesters STORM Minneapolis hotel where ICE agents believed to be staying","https://www.youtube.com/watch?v=WEPpo9bAfS0","Gavin Newsom sends capital SPRINTING out of California","https://www.youtube.com/watch?v=H29q5bjvs9A"
"1768103956-302","https://www.youtube.com/user/FoxNewsChannel/videos","Protesters STORM Minneapolis hotel where ICE agents believed to be staying","https://www.youtube.com/watch?v=WEPpo9bAfS0","JUST IN: Woman who was shot worked with 'ICE Watch' group","https://www.youtube.com/watch?v=g3OcjqBPx78"
"1768103956-303","https://www.youtube.com/user/FoxNewsChannel/videos","Protesters STORM Minneapolis hotel where ICE agents believed to be staying","https://www.youtube.com/watch?v=WEPpo9bAfS0","NEW ICE Agent POV Released | Full Legal Breakdown.","https://www.youtube.com/watch?v=bDda-L_ZOE8&pp=ugUEEgJlbg%3D%3D"
"1768103956-304","https://www.youtube.com/user/FoxNewsChannel/videos","Protesters STORM Minneapolis hotel where ICE agents believed to be staying","https://www.youtube.com/watch?v=WEPpo9bAfS0","Self-defence? A breakdown of the fatal ICE shooting in Minneapolis | About That","https://www.youtube.com/watch?v=ZEiw1rMjZsc"
"1768103956-305","https://www.youtube.com/user/FoxNewsChannel/videos","Protesters STORM Minneapolis hotel where ICE agents believed to be staying","https://www.youtube.com/watch?v=WEPpo9bAfS0","California Governor Loses Control as Hundreds of Gas Stations Shut Down | Elizabeth Davis","https://www.youtube.com/watch?v=e-MgyB_Mmp0"
"1768103956-306","https://www.youtube.com/user/FoxNewsChannel/videos","Protesters STORM Minneapolis hotel where ICE agents believed to be staying","https://www.youtube.com/watch?v=WEPpo9bAfS0","ANOTHER federal agency suspends Minnesota aid amid fraud scandal","https://www.youtube.com/watch?v=s4qXDuVOk64"
"1768103956-307","https://www.youtube.com/user/FoxNewsChannel/videos","Protesters STORM Minneapolis hotel where ICE agents believed to be staying","https://www.youtube.com/watch?v=WEPpo9bAfS0","Does New Video Support Self-Defense Claim in Fatal ICE Shooting? | Renee Good and Jon Ross Analysis","https://www.youtube.com/watch?v=rwwgUiNVSmc&pp=ugUEEgJlbg%3D%3D"
"1768103956-308","https://www.youtube.com/user/FoxNewsChannel/videos","Protesters STORM Minneapolis hotel where ICE agents believed to be staying","https://www.youtube.com/watch?v=WEPpo9bAfS0","'STUNNER': NYC exodus grows as Mamdani's polices take hold","https://www.youtube.com/watch?v=kD93vokCCos&pp=0gcJCU0KAYcqIYzv"
"1768103956-309","https://www.youtube.com/user/FoxNewsChannel/videos","Protesters STORM Minneapolis hotel where ICE agents believed to be staying","https://www.youtube.com/watch?v=WEPpo9bAfS0","Gen. Keane: 'INTELLIGENCE' allowed the US to capture Maduro alive","https://www.youtube.com/watch?v=Pig8TGk9mYg"
"1768103956-310","https://www.youtube.com/user/FoxNewsChannel/videos","Protesters STORM Minneapolis hotel where ICE agents believed to be staying","https://www.youtube.com/watch?v=WEPpo9bAfS0","Independent journalist: Minnesotans have been telling me about this fraud for a long time","https://www.youtube.com/watch?v=KSpDrwlvBvY"
"1768103956-311","https://www.youtube.com/user/FoxNewsChannel/videos","Protesters STORM Minneapolis hotel where ICE agents believed to be staying","https://www.youtube.com/watch?v=WEPpo9bAfS0","Jimmy Kimmel on the Awful ICE Shooting in Minneapolis & a Baseline of Decency Being Gone in America","https://www.youtube.com/watch?v=rG_EPeGz9IQ&pp=ugUHEgVlbi1VUw%3D%3D"
"1768103956-312","https://www.youtube.com/user/FoxNewsChannel/videos","Protesters STORM Minneapolis hotel where ICE agents believed to be staying","https://www.youtube.com/watch?v=WEPpo9bAfS0","Tim Walz Exposed For Faking Financial Records In State Audit","https://www.youtube.com/watch?v=Louj7N3dKSw&pp=ugUEEgJlbg%3D%3D"
"1768103956-313","https://www.youtube.com/user/FoxNewsChannel/videos","Protesters STORM Minneapolis hotel where ICE agents believed to be staying","https://www.youtube.com/watch?v=WEPpo9bAfS0","ABC World News Tonight with David Muir Full Broadcast - January 10th, 2026","https://www.youtube.com/watch?v=Wo1i5ayMCO8"
"1768103956-314","https://www.youtube.com/user/FoxNewsChannel/videos","Protesters STORM Minneapolis hotel where ICE agents believed to be staying","https://www.youtube.com/watch?v=WEPpo9bAfS0","Germans Captured Him — He Laughed, Then Killed 21 of Them in 45 Seconds","https://www.youtube.com/watch?v=PLMjds9a5dI"
"1768103956-315","https://www.youtube.com/user/FoxNewsChannel/videos","Protesters STORM Minneapolis hotel where ICE agents believed to be staying","https://www.youtube.com/watch?v=WEPpo9bAfS0","IRAN: Trump pledges support for protesters as demonstrations hit 2-week mark","https://www.youtube.com/watch?v=vs2s79qOrfE"
"1768103956-316","https://www.youtube.com/user/FoxNewsChannel/videos","Protesters STORM Minneapolis hotel where ICE agents believed to be staying","https://www.youtube.com/watch?v=WEPpo9bAfS0","Vance reacts to NEW footage of Minneapolis shooting: 'His life was endangered'","https://www.youtube.com/watch?v=uUmoeK81H7g"
"1768103956-317","https://www.youtube.com/user/FoxNewsChannel/videos","Protesters STORM Minneapolis hotel where ICE agents believed to be staying","https://www.youtube.com/watch?v=WEPpo9bAfS0","Thousands gathered in Powderhorn park to protest the killing of Renee Good","https://www.youtube.com/watch?v=sJWfbJUHlKk"
"1768103956-318","https://www.youtube.com/user/FoxNewsChannel/videos","Protesters STORM Minneapolis hotel where ICE agents believed to be staying","https://www.youtube.com/watch?v=WEPpo9bAfS0","Jan. 10: ICE protests, Ohio dentist murder","https://www.youtube.com/watch?v=cYJuGDF4PjA"
"1768103966-319","https://www.youtube.com/user/FoxNewsChannel/videos","JUST IN: DHS takes ACTION in Minneapolis as anti-ICE protesters rage","https://www.youtube.com/watch?v=iYxhxTvbZ_A","What Does the Law Say About the ICE Shooting in Minnesota?","https://www.youtube.com/watch?v=Y04ndAPynMk&pp=ugUEEgJlbg%3D%3D"
"1768103966-320","https://www.youtube.com/user/FoxNewsChannel/videos","JUST IN: DHS takes ACTION in Minneapolis as anti-ICE protesters rage","https://www.youtube.com/watch?v=iYxhxTvbZ_A","ANOTHER federal agency suspends Minnesota aid amid fraud scandal","https://www.youtube.com/watch?v=s4qXDuVOk64"
"1768103966-321","https://www.youtube.com/user/FoxNewsChannel/videos","JUST IN: DHS takes ACTION in Minneapolis as anti-ICE protesters rage","https://www.youtube.com/watch?v=iYxhxTvbZ_A","JUST IN: Woman who was shot worked with 'ICE Watch' group","https://www.youtube.com/watch?v=g3OcjqBPx78"
"1768103966-322","https://www.youtube.com/user/FoxNewsChannel/videos","JUST IN: DHS takes ACTION in Minneapolis as anti-ICE protesters rage","https://www.youtube.com/watch?v=iYxhxTvbZ_A","Gavin Newsom sends capital SPRINTING out of California","https://www.youtube.com/watch?v=H29q5bjvs9A&pp=0gcJCU0KAYcqIYzv"
"1768103966-323","https://www.youtube.com/user/FoxNewsChannel/videos","JUST IN: DHS takes ACTION in Minneapolis as anti-ICE protesters rage","https://www.youtube.com/watch?v=iYxhxTvbZ_A","Sparks Fly As Mace Calls To Subpoena Immigration Records Of Ilhan Omar And Ex-Husband During Hearing","https://www.youtube.com/watch?v=TDijq5gnVFI"
"1768103966-324","https://www.youtube.com/user/FoxNewsChannel/videos","JUST IN: DHS takes ACTION in Minneapolis as anti-ICE protesters rage","https://www.youtube.com/watch?v=iYxhxTvbZ_A","'STUNNER': NYC exodus grows as Mamdani's polices take hold","https://www.youtube.com/watch?v=kD93vokCCos"
"1768103966-325","https://www.youtube.com/user/FoxNewsChannel/videos","JUST IN: DHS takes ACTION in Minneapolis as anti-ICE protesters rage","https://www.youtube.com/watch?v=iYxhxTvbZ_A","Tim Walz Exposed For Faking Financial Records In State Audit","https://www.youtube.com/watch?v=Louj7N3dKSw&pp=ugUEEgJlbtIHCQlNCgGHKiGM7w%3D%3D"
"1768103966-326","https://www.youtube.com/user/FoxNewsChannel/videos","JUST IN: DHS takes ACTION in Minneapolis as anti-ICE protesters rage","https://www.youtube.com/watch?v=iYxhxTvbZ_A","NEW ICE Agent POV Released | Full Legal Breakdown.","https://www.youtube.com/watch?v=bDda-L_ZOE8&pp=ugUEEgJlbg%3D%3D"
"1768103966-327","https://www.youtube.com/user/FoxNewsChannel/videos","JUST IN: DHS takes ACTION in Minneapolis as anti-ICE protesters rage","https://www.youtube.com/watch?v=iYxhxTvbZ_A","Vance: 'WHO TOLD PROTESTERS TO SHOW UP?'","https://www.youtube.com/watch?v=af5z7EU2AHk"
"1768103966-328","https://www.youtube.com/user/FoxNewsChannel/videos","JUST IN: DHS takes ACTION in Minneapolis as anti-ICE protesters rage","https://www.youtube.com/watch?v=iYxhxTvbZ_A","California Governor Loses Control as Hundreds of Gas Stations Shut Down | Elizabeth Davis","https://www.youtube.com/watch?v=e-MgyB_Mmp0"
"1768103966-329","https://www.youtube.com/user/FoxNewsChannel/videos","JUST IN: DHS takes ACTION in Minneapolis as anti-ICE protesters rage","https://www.youtube.com/watch?v=iYxhxTvbZ_A","Minnesota AG in HOT WATER after audio reveals meeting with now-convicted fraudsters","https://www.youtube.com/watch?v=nZpdmBvgcik"
"1768103966-330","https://www.youtube.com/user/FoxNewsChannel/videos","JUST IN: DHS takes ACTION in Minneapolis as anti-ICE protesters rage","https://www.youtube.com/watch?v=iYxhxTvbZ_A","IRAN: Trump pledges support for protesters as demonstrations hit 2-week mark","https://www.youtube.com/watch?v=vs2s79qOrfE"
"1768103966-331","https://www.youtube.com/user/FoxNewsChannel/videos","JUST IN: DHS takes ACTION in Minneapolis as anti-ICE protesters rage","https://www.youtube.com/watch?v=iYxhxTvbZ_A","Does New Video Support Self-Defense Claim in Fatal ICE Shooting? | Renee Good and Jon Ross Analysis","https://www.youtube.com/watch?v=rwwgUiNVSmc&pp=ugUEEgJlbg%3D%3D"
"1768103966-332","https://www.youtube.com/user/FoxNewsChannel/videos","JUST IN: DHS takes ACTION in Minneapolis as anti-ICE protesters rage","https://www.youtube.com/watch?v=iYxhxTvbZ_A","WATCH: Shouting match at Minnesota fraud hearing","https://www.youtube.com/watch?v=2-fDfWNwU4w"
"1768103966-333","https://www.youtube.com/user/FoxNewsChannel/videos","JUST IN: DHS takes ACTION in Minneapolis as anti-ICE protesters rage","https://www.youtube.com/watch?v=iYxhxTvbZ_A","California Governor Responds After Thousands of Truckers Leave the State | Elizabeth Davis","https://www.youtube.com/watch?v=ey-Tpd3HdiY"
"1768103966-334","https://www.youtube.com/user/FoxNewsChannel/videos","JUST IN: DHS takes ACTION in Minneapolis as anti-ICE protesters rage","https://www.youtube.com/watch?v=iYxhxTvbZ_A","Protesters STORM Minneapolis hotel where ICE agents believed to be staying","https://www.youtube.com/watch?v=WEPpo9bAfS0"
"1768103966-335","https://www.youtube.com/user/FoxNewsChannel/videos","JUST IN: DHS takes ACTION in Minneapolis as anti-ICE protesters rage","https://www.youtube.com/watch?v=iYxhxTvbZ_A","Jimmy Kimmel on the Awful ICE Shooting in Minneapolis & a Baseline of Decency Being Gone in America","https://www.youtube.com/watch?v=rG_EPeGz9IQ&pp=ugUHEgVlbi1VUw%3D%3D"
"1768103966-336","https://www.youtube.com/user/FoxNewsChannel/videos","JUST IN: DHS takes ACTION in Minneapolis as anti-ICE protesters rage","https://www.youtube.com/watch?v=iYxhxTvbZ_A","ICE GRABS 19 SOMALI Suspects Near MINNESOTA MALL During Federal Crackdown","https://www.youtube.com/watch?v=3C8CWK6co0Y"
"1768103966-337","https://www.youtube.com/user/FoxNewsChannel/videos","JUST IN: DHS takes ACTION in Minneapolis as anti-ICE protesters rage","https://www.youtube.com/watch?v=iYxhxTvbZ_A","NEW: Details revealed about woman shot, killed by ICE agent in Minneapolis","https://www.youtube.com/watch?v=EdX6HbJ8gPg"
"1768103966-338","https://www.youtube.com/user/FoxNewsChannel/videos","JUST IN: DHS takes ACTION in Minneapolis as anti-ICE protesters rage","https://www.youtube.com/watch?v=iYxhxTvbZ_A","Thousands gathered in Powderhorn park to protest the killing of Renee Good","https://www.youtube.com/watch?v=sJWfbJUHlKk"
"1768103976-339","https://www.youtube.com/user/FoxNewsChannel/videos","NEW: Protests INTENSIFY across Iran as Trump, supreme leader trade jabs","https://www.youtube.com/watch?v=ZKaRmFAsnD0","Deadly protests erupt in Iran","https://www.youtube.com/watch?v=NYSv-xsNBec"
"1768103976-340","https://www.youtube.com/user/FoxNewsChannel/videos","NEW: Protests INTENSIFY across Iran as Trump, supreme leader trade jabs","https://www.youtube.com/watch?v=ZKaRmFAsnD0","IRAN: Trump pledges support for protesters as demonstrations hit 2-week mark","https://www.youtube.com/watch?v=vs2s79qOrfE"
"1768103976-341","https://www.youtube.com/user/FoxNewsChannel/videos","NEW: Protests INTENSIFY across Iran as Trump, supreme leader trade jabs","https://www.youtube.com/watch?v=ZKaRmFAsnD0","'STUNNER': NYC exodus grows as Mamdani's polices take hold","https://www.youtube.com/watch?v=kD93vokCCos"
"1768103976-342","https://www.youtube.com/user/FoxNewsChannel/videos","NEW: Protests INTENSIFY across Iran as Trump, supreme leader trade jabs","https://www.youtube.com/watch?v=ZKaRmFAsnD0","Dozens killed as Iranian protests persist under internet shutdown","https://www.youtube.com/watch?v=ywlbq5sVmTY"
"1768103976-343","https://www.youtube.com/user/FoxNewsChannel/videos","NEW: Protests INTENSIFY across Iran as Trump, supreme leader trade jabs","https://www.youtube.com/watch?v=ZKaRmFAsnD0","Global National: Jan. 10, 2026 | Iran protesters face serious consequences trying to topple regime","https://www.youtube.com/watch?v=FG31AUw4UPA"
"1768103976-344","https://www.youtube.com/user/FoxNewsChannel/videos","NEW: Protests INTENSIFY across Iran as Trump, supreme leader trade jabs","https://www.youtube.com/watch?v=ZKaRmFAsnD0","California Governor Loses Control as Hundreds of Gas Stations Shut Down | Elizabeth Davis","https://www.youtube.com/watch?v=e-MgyB_Mmp0"
"1768103976-345","https://www.youtube.com/user/FoxNewsChannel/videos","NEW: Protests INTENSIFY across Iran as Trump, supreme leader trade jabs","https://www.youtube.com/watch?v=ZKaRmFAsnD0","دنیا امروز کنار انقلاب ملی شما ایستاده است","https://www.youtube.com/watch?v=pjoXmVIykdM"
"1768103976-346","https://www.youtube.com/user/FoxNewsChannel/videos","NEW: Protests INTENSIFY across Iran as Trump, supreme leader trade jabs","https://www.youtube.com/watch?v=ZKaRmFAsnD0","ABC World News Tonight with David Muir Full Broadcast - January 10th, 2026","https://www.youtube.com/watch?v=Wo1i5ayMCO8"
"1768103976-347","https://www.youtube.com/user/FoxNewsChannel/videos","NEW: Protests INTENSIFY across Iran as Trump, supreme leader trade jabs","https://www.youtube.com/watch?v=ZKaRmFAsnD0","Gavin Newsom sends capital SPRINTING out of California","https://www.youtube.com/watch?v=H29q5bjvs9A&pp=0gcJCU0KAYcqIYzv"
"1768103976-348","https://www.youtube.com/user/FoxNewsChannel/videos","NEW: Protests INTENSIFY across Iran as Trump, supreme leader trade jabs","https://www.youtube.com/watch?v=ZKaRmFAsnD0","Iran warns protesters that they could face the death penalty, but demonstrations appear to grow","https://www.youtube.com/watch?v=GP80vysFCgs"
"1768103976-349","https://www.youtube.com/user/FoxNewsChannel/videos","NEW: Protests INTENSIFY across Iran as Trump, supreme leader trade jabs","https://www.youtube.com/watch?v=ZKaRmFAsnD0","Iran protests: Death sentence for demonstrators, Supreme Leader says","https://www.youtube.com/watch?v=39z8ENwdbxs"
"1768103976-350","https://www.youtube.com/user/FoxNewsChannel/videos","NEW: Protests INTENSIFY across Iran as Trump, supreme leader trade jabs","https://www.youtube.com/watch?v=ZKaRmFAsnD0","Criminal referrals DETONATE as Minnesota fraud case spirals","https://www.youtube.com/watch?v=waHN9qz1i1o"
"1768103976-351","https://www.youtube.com/user/FoxNewsChannel/videos","NEW: Protests INTENSIFY across Iran as Trump, supreme leader trade jabs","https://www.youtube.com/watch?v=ZKaRmFAsnD0","Why This Could Be a Defining Moment In The Middle East | 700 Club Israel","https://www.youtube.com/watch?v=_EbQKHmDTE8"
"1768103976-352","https://www.youtube.com/user/FoxNewsChannel/videos","NEW: Protests INTENSIFY across Iran as Trump, supreme leader trade jabs","https://www.youtube.com/watch?v=ZKaRmFAsnD0","Internet blackout in Iran enters second day as anti-government protests intensify","https://www.youtube.com/watch?v=F0uC4wD7zm0"
"1768103976-353","https://www.youtube.com/user/FoxNewsChannel/videos","NEW: Protests INTENSIFY across Iran as Trump, supreme leader trade jabs","https://www.youtube.com/watch?v=ZKaRmFAsnD0","Iran's army threatens to join crackdown against protesters","https://www.youtube.com/watch?v=De_Vjxp7Byk"
"1768103976-354","https://www.youtube.com/user/FoxNewsChannel/videos","NEW: Protests INTENSIFY across Iran as Trump, supreme leader trade jabs","https://www.youtube.com/watch?v=ZKaRmFAsnD0","Iranian regime will suffer 'death by a thousand cuts' following widespread protests","https://www.youtube.com/watch?v=BXgdNHZmG-Q"
"1768103976-355","https://www.youtube.com/user/FoxNewsChannel/videos","NEW: Protests INTENSIFY across Iran as Trump, supreme leader trade jabs","https://www.youtube.com/watch?v=ZKaRmFAsnD0","Iran Protests: Iran Warns of Death Penalty, Says ""Protesters are Enemy of God"" | World DNA","https://www.youtube.com/watch?v=1LyGa7-9fc8"
"1768103976-356","https://www.youtube.com/user/FoxNewsChannel/videos","NEW: Protests INTENSIFY across Iran as Trump, supreme leader trade jabs","https://www.youtube.com/watch?v=ZKaRmFAsnD0","""They Can't Stop Us"" - Facing Death, Protests Spread","https://www.youtube.com/watch?v=IFPeM7jt2JI"
"1768103976-357","https://www.youtube.com/user/FoxNewsChannel/videos","NEW: Protests INTENSIFY across Iran as Trump, supreme leader trade jabs","https://www.youtube.com/watch?v=ZKaRmFAsnD0","Europe ‘stands fully behind’ Iran protesters, says EU chief","https://www.youtube.com/watch?v=a7xq_HhDuBI"
"1768103976-358","https://www.youtube.com/user/FoxNewsChannel/videos","NEW: Protests INTENSIFY across Iran as Trump, supreme leader trade jabs","https://www.youtube.com/watch?v=ZKaRmFAsnD0","Unrest across Iran escalates as anti-government protests continue","https://www.youtube.com/watch?v=71_8r17P-ds"
"1768103986-359","https://www.youtube.com/user/FoxNewsChannel/videos","Vance reacts to NEW footage of Minneapolis shooting: 'His life was endangered'","https://www.youtube.com/watch?v=uUmoeK81H7g","Gavin Newsom sends capital SPRINTING out of California","https://www.youtube.com/watch?v=H29q5bjvs9A"
"1768103986-360","https://www.youtube.com/user/FoxNewsChannel/videos","Vance reacts to NEW footage of Minneapolis shooting: 'His life was endangered'","https://www.youtube.com/watch?v=uUmoeK81H7g","Megyn Kelly Breaks Down What the Minnesota ICE Shooting Videos REALLY Show and Reveals NEW Info","https://www.youtube.com/watch?v=kH4W1TyUeQg"
"1768103986-361","https://www.youtube.com/user/FoxNewsChannel/videos","Vance reacts to NEW footage of Minneapolis shooting: 'His life was endangered'","https://www.youtube.com/watch?v=uUmoeK81H7g","JUST IN: Woman who was shot worked with 'ICE Watch' group","https://www.youtube.com/watch?v=g3OcjqBPx78"
"1768103986-362","https://www.youtube.com/user/FoxNewsChannel/videos","Vance reacts to NEW footage of Minneapolis shooting: 'His life was endangered'","https://www.youtube.com/watch?v=uUmoeK81H7g","'STUNNER': NYC exodus grows as Mamdani's polices take hold","https://www.youtube.com/watch?v=kD93vokCCos"
"1768103986-363","https://www.youtube.com/user/FoxNewsChannel/videos","Vance reacts to NEW footage of Minneapolis shooting: 'His life was endangered'","https://www.youtube.com/watch?v=uUmoeK81H7g","What Does the Law Say About the ICE Shooting in Minnesota?","https://www.youtube.com/watch?v=Y04ndAPynMk&pp=ugUEEgJlbg%3D%3D"
"1768103986-364","https://www.youtube.com/user/FoxNewsChannel/videos","Vance reacts to NEW footage of Minneapolis shooting: 'His life was endangered'","https://www.youtube.com/watch?v=uUmoeK81H7g","California Governor Loses Control as Hundreds of Gas Stations Shut Down | Elizabeth Davis","https://www.youtube.com/watch?v=e-MgyB_Mmp0"
"1768103986-365","https://www.youtube.com/user/FoxNewsChannel/videos","Vance reacts to NEW footage of Minneapolis shooting: 'His life was endangered'","https://www.youtube.com/watch?v=uUmoeK81H7g","ABC World News Tonight with David Muir Full Broadcast - January 10th, 2026","https://www.youtube.com/watch?v=Wo1i5ayMCO8"
"1768103986-366","https://www.youtube.com/user/FoxNewsChannel/videos","Vance reacts to NEW footage of Minneapolis shooting: 'His life was endangered'","https://www.youtube.com/watch?v=uUmoeK81H7g","Jimmy Kimmel on the Awful ICE Shooting in Minneapolis & a Baseline of Decency Being Gone in America","https://www.youtube.com/watch?v=rG_EPeGz9IQ&pp=ugUHEgVlbi1VUw%3D%3D"
"1768103986-367","https://www.youtube.com/user/FoxNewsChannel/videos","Vance reacts to NEW footage of Minneapolis shooting: 'His life was endangered'","https://www.youtube.com/watch?v=uUmoeK81H7g","Shocking Arrest: Surgeon Ex-Husband Charged in Brutal Ohio Dentist Murders | Dr. Michael McKee","https://www.youtube.com/watch?v=1wbroSpXkCk"
"1768103986-368","https://www.youtube.com/user/FoxNewsChannel/videos","Vance reacts to NEW footage of Minneapolis shooting: 'His life was endangered'","https://www.youtube.com/watch?v=uUmoeK81H7g","NEW ICE Agent POV Released | Full Legal Breakdown.","https://www.youtube.com/watch?v=bDda-L_ZOE8&pp=ugUEEgJlbg%3D%3D"
"1768103986-369","https://www.youtube.com/user/FoxNewsChannel/videos","Vance reacts to NEW footage of Minneapolis shooting: 'His life was endangered'","https://www.youtube.com/watch?v=uUmoeK81H7g","BREAKING NEWS: John Kennedy Details Example After Example Of Minnesota Fraud In Blistering Speech","https://www.youtube.com/watch?v=JL1fNIqqGV0"
"1768103986-370","https://www.youtube.com/user/FoxNewsChannel/videos","Vance reacts to NEW footage of Minneapolis shooting: 'His life was endangered'","https://www.youtube.com/watch?v=uUmoeK81H7g","Golden Retriever Meets Completely Shut Down Rescue for the First Time","https://www.youtube.com/watch?v=bOg5BVGOsEg"
"1768103986-371","https://www.youtube.com/user/FoxNewsChannel/videos","Vance reacts to NEW footage of Minneapolis shooting: 'His life was endangered'","https://www.youtube.com/watch?v=uUmoeK81H7g","WATCH: Shouting match at Minnesota fraud hearing","https://www.youtube.com/watch?v=2-fDfWNwU4w"
"1768103986-372","https://www.youtube.com/user/FoxNewsChannel/videos","Vance reacts to NEW footage of Minneapolis shooting: 'His life was endangered'","https://www.youtube.com/watch?v=uUmoeK81H7g","'AMERICAN DREAM IS COMING BACK': Housing official reveals how prices will be affordable","https://www.youtube.com/watch?v=x-9u57HWuJ8"
"1768103986-373","https://www.youtube.com/user/FoxNewsChannel/videos","Vance reacts to NEW footage of Minneapolis shooting: 'His life was endangered'","https://www.youtube.com/watch?v=uUmoeK81H7g","Protesters STORM Minneapolis hotel where ICE agents believed to be staying","https://www.youtube.com/watch?v=WEPpo9bAfS0"
"1768103986-374","https://www.youtube.com/user/FoxNewsChannel/videos","Vance reacts to NEW footage of Minneapolis shooting: 'His life was endangered'","https://www.youtube.com/watch?v=uUmoeK81H7g","Venezuelan immigrant speaks out following Maduro's capture; says hope has been restored","https://www.youtube.com/watch?v=cylfhA8pNgY"
"1768103986-375","https://www.youtube.com/user/FoxNewsChannel/videos","Vance reacts to NEW footage of Minneapolis shooting: 'His life was endangered'","https://www.youtube.com/watch?v=uUmoeK81H7g","Why This Island Could Trigger World War 3","https://www.youtube.com/watch?v=x-XdOaZPhBw"
"1768103986-376","https://www.youtube.com/user/FoxNewsChannel/videos","Vance reacts to NEW footage of Minneapolis shooting: 'His life was endangered'","https://www.youtube.com/watch?v=uUmoeK81H7g","Psaki, Maddow EVISCERATED over hypocritical’ pivot after Maduro capture","https://www.youtube.com/watch?v=DIwkl3XYb2I"
"1768103986-377","https://www.youtube.com/user/FoxNewsChannel/videos","Vance reacts to NEW footage of Minneapolis shooting: 'His life was endangered'","https://www.youtube.com/watch?v=uUmoeK81H7g","Germans Captured Him — He Laughed, Then Killed 21 of Them in 45 Seconds","https://www.youtube.com/watch?v=PLMjds9a5dI"
"1768103986-378","https://www.youtube.com/user/FoxNewsChannel/videos","Vance reacts to NEW footage of Minneapolis shooting: 'His life was endangered'","https://www.youtube.com/watch?v=uUmoeK81H7g","Illegal Somali linked to Minnesota Democrats arrested by ICE for alleged fraud","https://www.youtube.com/watch?v=Y5YgEDBaEhY&pp=ugUHEgVlbi1VUw%3D%3D"
"1768103996-379","https://www.youtube.com/user/FoxNewsChannel/videos","Exiled Iranian prince issues DESPERATE plea to Trump","https://www.youtube.com/watch?v=PSOtqgD9fgY","IRAN: Trump pledges support for protesters as demonstrations hit 2-week mark","https://www.youtube.com/watch?v=vs2s79qOrfE&pp=0gcJCU0KAYcqIYzv"
"1768103996-380","https://www.youtube.com/user/FoxNewsChannel/videos","Exiled Iranian prince issues DESPERATE plea to Trump","https://www.youtube.com/watch?v=PSOtqgD9fgY","'VERGE OF COLLAPSE': Exiled crown prince details status of Iranian government","https://www.youtube.com/watch?v=v_BvVnO_gHU"
"1768103996-381","https://www.youtube.com/user/FoxNewsChannel/videos","Exiled Iranian prince issues DESPERATE plea to Trump","https://www.youtube.com/watch?v=PSOtqgD9fgY","ABC World News Tonight with David Muir Full Broadcast - January 10th, 2026","https://www.youtube.com/watch?v=Wo1i5ayMCO8"
"1768103996-382","https://www.youtube.com/user/FoxNewsChannel/videos","Exiled Iranian prince issues DESPERATE plea to Trump","https://www.youtube.com/watch?v=PSOtqgD9fgY","Rallies in the Bay Area denounce deadly ICE shooting, Trump administration","https://www.youtube.com/watch?v=9PT24hxWoas"
"1768103996-383","https://www.youtube.com/user/FoxNewsChannel/videos","Exiled Iranian prince issues DESPERATE plea to Trump","https://www.youtube.com/watch?v=PSOtqgD9fgY","Gavin Newsom sends capital SPRINTING out of California","https://www.youtube.com/watch?v=H29q5bjvs9A"
"1768103996-384","https://www.youtube.com/user/FoxNewsChannel/videos","Exiled Iranian prince issues DESPERATE plea to Trump","https://www.youtube.com/watch?v=PSOtqgD9fgY","California Governor Loses Control as Hundreds of Gas Stations Shut Down | Elizabeth Davis","https://www.youtube.com/watch?v=e-MgyB_Mmp0&pp=0gcJCU0KAYcqIYzv"
"1768103996-385","https://www.youtube.com/user/FoxNewsChannel/videos","Exiled Iranian prince issues DESPERATE plea to Trump","https://www.youtube.com/watch?v=PSOtqgD9fgY","دنیا امروز کنار انقلاب ملی شما ایستاده است","https://www.youtube.com/watch?v=pjoXmVIykdM"
"1768103996-386","https://www.youtube.com/user/FoxNewsChannel/videos","Exiled Iranian prince issues DESPERATE plea to Trump","https://www.youtube.com/watch?v=PSOtqgD9fgY","‘HOW DARE YOU’: Iranian-American eviscerates Whoopi Goldberg for US-Iran comparison","https://www.youtube.com/watch?v=vtwHPdv8EVc&pp=0gcJCU0KAYcqIYzv"
"1768103996-387","https://www.youtube.com/user/FoxNewsChannel/videos","Exiled Iranian prince issues DESPERATE plea to Trump","https://www.youtube.com/watch?v=PSOtqgD9fgY","Why This Could Be a Defining Moment In The Middle East | 700 Club Israel","https://www.youtube.com/watch?v=_EbQKHmDTE8"
"1768103996-388","https://www.youtube.com/user/FoxNewsChannel/videos","Exiled Iranian prince issues DESPERATE plea to Trump","https://www.youtube.com/watch?v=PSOtqgD9fgY","Khamenei In BIG TROUBLE: Iran Riots Video Viral Despite Internet Crackdown; BOMBS, Torched Cars...","https://www.youtube.com/watch?v=5XxfoJgBSn4"
"1768103996-389","https://www.youtube.com/user/FoxNewsChannel/videos","Exiled Iranian prince issues DESPERATE plea to Trump","https://www.youtube.com/watch?v=PSOtqgD9fgY","Keane: I am STUNNED by this","https://www.youtube.com/watch?v=-bkhUVR8s3M"
"1768103996-390","https://www.youtube.com/user/FoxNewsChannel/videos","Exiled Iranian prince issues DESPERATE plea to Trump","https://www.youtube.com/watch?v=PSOtqgD9fgY","Why This Island Could Trigger World War 3","https://www.youtube.com/watch?v=x-XdOaZPhBw&pp=0gcJCU0KAYcqIYzv"
"1768103996-391","https://www.youtube.com/user/FoxNewsChannel/videos","Exiled Iranian prince issues DESPERATE plea to Trump","https://www.youtube.com/watch?v=PSOtqgD9fgY","Venezuela F-16 DIVES TOWARD US Aircraft Carrier — Then THIS Happened…","https://www.youtube.com/watch?v=ZP9UbVdj5R8&pp=ugUEEgJlbg%3D%3D"
"1768103996-392","https://www.youtube.com/user/FoxNewsChannel/videos","Exiled Iranian prince issues DESPERATE plea to Trump","https://www.youtube.com/watch?v=PSOtqgD9fgY","""They Can't Stop Us"" - Facing Death, Protests Spread","https://www.youtube.com/watch?v=IFPeM7jt2JI"
"1768103996-393","https://www.youtube.com/user/FoxNewsChannel/videos","Exiled Iranian prince issues DESPERATE plea to Trump","https://www.youtube.com/watch?v=PSOtqgD9fgY","Iran Protests | Iran Protest Today | Iran Protest Latest | Iran News LIVE | Iran Latest News LIVE","https://www.youtube.com/watch?v=dmu5qbkS5e8"
"1768103996-394","https://www.youtube.com/user/FoxNewsChannel/videos","Exiled Iranian prince issues DESPERATE plea to Trump","https://www.youtube.com/watch?v=PSOtqgD9fgY","Trump Vows to Act on Greenland; US Seizes 5th Sanctioned Oil Tanker | NTD Evening News (Jan. 9)","https://www.youtube.com/watch?v=FY_ofXupWMs"
"1768103996-395","https://www.youtube.com/user/FoxNewsChannel/videos","Exiled Iranian prince issues DESPERATE plea to Trump","https://www.youtube.com/watch?v=PSOtqgD9fgY","Venezuelan immigrant speaks out following Maduro's capture; says hope has been restored","https://www.youtube.com/watch?v=cylfhA8pNgY"
"1768103996-396","https://www.youtube.com/user/FoxNewsChannel/videos","Exiled Iranian prince issues DESPERATE plea to Trump","https://www.youtube.com/watch?v=PSOtqgD9fgY","How did Vikings Manage Waste on Longships Without getting SICK?","https://www.youtube.com/watch?v=iedM4McT0zA"
"1768103996-397","https://www.youtube.com/user/FoxNewsChannel/videos","Exiled Iranian prince issues DESPERATE plea to Trump","https://www.youtube.com/watch?v=PSOtqgD9fgY","Jan. 10: ICE protests, Ohio dentist murder","https://www.youtube.com/watch?v=cYJuGDF4PjA"
"1768104007-398","https://www.youtube.com/user/FoxNewsChannel/videos","ANOTHER federal agency suspends Minnesota aid amid fraud scandal","https://www.youtube.com/watch?v=s4qXDuVOk64&pp=0gcJCU0KAYcqIYzv","Tim Walz Exposed For Faking Financial Records In State Audit","https://www.youtube.com/watch?v=Louj7N3dKSw&pp=ugUEEgJlbg%3D%3D"
"1768104007-399","https://www.youtube.com/user/FoxNewsChannel/videos","ANOTHER federal agency suspends Minnesota aid amid fraud scandal","https://www.youtube.com/watch?v=s4qXDuVOk64&pp=0gcJCU0KAYcqIYzv","Sparks Fly As Mace Calls To Subpoena Immigration Records Of Ilhan Omar And Ex-Husband During Hearing","https://www.youtube.com/watch?v=TDijq5gnVFI"
"1768104007-400","https://www.youtube.com/user/FoxNewsChannel/videos","ANOTHER federal agency suspends Minnesota aid amid fraud scandal","https://www.youtube.com/watch?v=s4qXDuVOk64&pp=0gcJCU0KAYcqIYzv","Newsom faces heat as billions in homeless relief funds can’t be accounted for","https://www.youtube.com/watch?v=0vtNz42CyMk"
"1768104007-401","https://www.youtube.com/user/FoxNewsChannel/videos","ANOTHER federal agency suspends Minnesota aid amid fraud scandal","https://www.youtube.com/watch?v=s4qXDuVOk64&pp=0gcJCU0KAYcqIYzv","'STUNNER': NYC exodus grows as Mamdani's polices take hold","https://www.youtube.com/watch?v=kD93vokCCos"
"1768104007-402","https://www.youtube.com/user/FoxNewsChannel/videos","ANOTHER federal agency suspends Minnesota aid amid fraud scandal","https://www.youtube.com/watch?v=s4qXDuVOk64&pp=0gcJCU0KAYcqIYzv","Gavin Newsom sends capital SPRINTING out of California","https://www.youtube.com/watch?v=H29q5bjvs9A"
"1768104007-403","https://www.youtube.com/user/FoxNewsChannel/videos","ANOTHER federal agency suspends Minnesota aid amid fraud scandal","https://www.youtube.com/watch?v=s4qXDuVOk64&pp=0gcJCU0KAYcqIYzv","Megyn Kelly Breaks Down What the Minnesota ICE Shooting Videos REALLY Show and Reveals NEW Info","https://www.youtube.com/watch?v=kH4W1TyUeQg"
"1768104007-404","https://www.youtube.com/user/FoxNewsChannel/videos","ANOTHER federal agency suspends Minnesota aid amid fraud scandal","https://www.youtube.com/watch?v=s4qXDuVOk64&pp=0gcJCU0KAYcqIYzv","California Governor Loses Control as Hundreds of Gas Stations Shut Down | Elizabeth Davis","https://www.youtube.com/watch?v=e-MgyB_Mmp0"
"1768104007-405","https://www.youtube.com/user/FoxNewsChannel/videos","ANOTHER federal agency suspends Minnesota aid amid fraud scandal","https://www.youtube.com/watch?v=s4qXDuVOk64&pp=0gcJCU0KAYcqIYzv","IRAN: Trump pledges support for protesters as demonstrations hit 2-week mark","https://www.youtube.com/watch?v=vs2s79qOrfE&pp=0gcJCU0KAYcqIYzv"
"1768104007-406","https://www.youtube.com/user/FoxNewsChannel/videos","ANOTHER federal agency suspends Minnesota aid amid fraud scandal","https://www.youtube.com/watch?v=s4qXDuVOk64&pp=0gcJCU0KAYcqIYzv","WATCH: Shouting match at Minnesota fraud hearing","https://www.youtube.com/watch?v=2-fDfWNwU4w"
"1768104007-407","https://www.youtube.com/user/FoxNewsChannel/videos","ANOTHER federal agency suspends Minnesota aid amid fraud scandal","https://www.youtube.com/watch?v=s4qXDuVOk64&pp=0gcJCU0KAYcqIYzv","Why One Oil Company Has a Head Start in Venezuela","https://www.youtube.com/watch?v=tuHUZjwt_8o"
"1768104007-408","https://www.youtube.com/user/FoxNewsChannel/videos","ANOTHER federal agency suspends Minnesota aid amid fraud scandal","https://www.youtube.com/watch?v=s4qXDuVOk64&pp=0gcJCU0KAYcqIYzv","Stop Rambling: The 3-2-1 Speaking Trick That Makes You Sound Like A CEO","https://www.youtube.com/watch?v=t260757b_vU"
"1768104007-409","https://www.youtube.com/user/FoxNewsChannel/videos","ANOTHER federal agency suspends Minnesota aid amid fraud scandal","https://www.youtube.com/watch?v=s4qXDuVOk64&pp=0gcJCU0KAYcqIYzv","California Governor Responds After Thousands of Truckers Leave the State | Elizabeth Davis","https://www.youtube.com/watch?v=ey-Tpd3HdiY"
"1768104007-410","https://www.youtube.com/user/FoxNewsChannel/videos","ANOTHER federal agency suspends Minnesota aid amid fraud scandal","https://www.youtube.com/watch?v=s4qXDuVOk64&pp=0gcJCU0KAYcqIYzv","Jimmy Kimmel on the Awful ICE Shooting in Minneapolis & a Baseline of Decency Being Gone in America","https://www.youtube.com/watch?v=rG_EPeGz9IQ&pp=ugUHEgVlbi1VU9IHCQlNCgGHKiGM7w%3D%3D"
"1768104007-411","https://www.youtube.com/user/FoxNewsChannel/videos","ANOTHER federal agency suspends Minnesota aid amid fraud scandal","https://www.youtube.com/watch?v=s4qXDuVOk64&pp=0gcJCU0KAYcqIYzv","Independent journalist: Minnesotans have been telling me about this fraud for a long time","https://www.youtube.com/watch?v=KSpDrwlvBvY"
"1768104007-412","https://www.youtube.com/user/FoxNewsChannel/videos","ANOTHER federal agency suspends Minnesota aid amid fraud scandal","https://www.youtube.com/watch?v=s4qXDuVOk64&pp=0gcJCU0KAYcqIYzv","Criminal referrals DETONATE as Minnesota fraud case spirals","https://www.youtube.com/watch?v=waHN9qz1i1o"
"1768104007-413","https://www.youtube.com/user/FoxNewsChannel/videos","ANOTHER federal agency suspends Minnesota aid amid fraud scandal","https://www.youtube.com/watch?v=s4qXDuVOk64&pp=0gcJCU0KAYcqIYzv","MOVIN' OUT: Red states top U-Haul's 'Growth Index' as blue states see exodus","https://www.youtube.com/watch?v=sRBnwPEDWeI"
"1768104007-414","https://www.youtube.com/user/FoxNewsChannel/videos","ANOTHER federal agency suspends Minnesota aid amid fraud scandal","https://www.youtube.com/watch?v=s4qXDuVOk64&pp=0gcJCU0KAYcqIYzv","Germans Captured Him — He Laughed, Then Killed 21 of Them in 45 Seconds","https://www.youtube.com/watch?v=PLMjds9a5dI&pp=0gcJCU0KAYcqIYzv"
"1768104007-415","https://www.youtube.com/user/FoxNewsChannel/videos","ANOTHER federal agency suspends Minnesota aid amid fraud scandal","https://www.youtube.com/watch?v=s4qXDuVOk64&pp=0gcJCU0KAYcqIYzv","'He Just Defines Evil, Doesn't He?': Witness Claim About Tim Walz Stunned Glenn Grothman","https://www.youtube.com/watch?v=mT8tURSKIhI"
"1768104007-416","https://www.youtube.com/user/FoxNewsChannel/videos","ANOTHER federal agency suspends Minnesota aid amid fraud scandal","https://www.youtube.com/watch?v=s4qXDuVOk64&pp=0gcJCU0KAYcqIYzv","Chinese Fighter Jet Flies TOO CLOSE to Australian Plane – BIG MISTAKE","https://www.youtube.com/watch?v=04uAiXkhLUg"
"1768104007-417","https://www.youtube.com/user/FoxNewsChannel/videos","ANOTHER federal agency suspends Minnesota aid amid fraud scandal","https://www.youtube.com/watch?v=s4qXDuVOk64&pp=0gcJCU0KAYcqIYzv","How did Vikings Manage Waste on Longships Without getting SICK?","https://www.youtube.com/watch?v=iedM4McT0zA"
"1768104017-418","https://www.youtube.com/user/FoxNewsChannel/videos","BREAKING: US strikes ISIS in Syria","https://www.youtube.com/watch?v=Cz9fsXToWTY","Exiled Iranian prince issues DESPERATE plea to Trump","https://www.youtube.com/watch?v=PSOtqgD9fgY"
"1768104017-419","https://www.youtube.com/user/FoxNewsChannel/videos","BREAKING: US strikes ISIS in Syria","https://www.youtube.com/watch?v=Cz9fsXToWTY","Gavin Newsom sends capital SPRINTING out of California","https://www.youtube.com/watch?v=H29q5bjvs9A"
"1768104017-420","https://www.youtube.com/user/FoxNewsChannel/videos","BREAKING: US strikes ISIS in Syria","https://www.youtube.com/watch?v=Cz9fsXToWTY","Every Time Kate McKinnon Made People BREAK on SNL","https://www.youtube.com/watch?v=VNoVq41mEqQ"
"1768104017-421","https://www.youtube.com/user/FoxNewsChannel/videos","BREAKING: US strikes ISIS in Syria","https://www.youtube.com/watch?v=Cz9fsXToWTY","'STUNNER': NYC exodus grows as Mamdani's polices take hold","https://www.youtube.com/watch?v=kD93vokCCos"
"1768104017-422","https://www.youtube.com/user/FoxNewsChannel/videos","BREAKING: US strikes ISIS in Syria","https://www.youtube.com/watch?v=Cz9fsXToWTY","IRAN: Trump pledges support for protesters as demonstrations hit 2-week mark","https://www.youtube.com/watch?v=vs2s79qOrfE"
"1768104017-423","https://www.youtube.com/user/FoxNewsChannel/videos","BREAKING: US strikes ISIS in Syria","https://www.youtube.com/watch?v=Cz9fsXToWTY","Trump issues SCATHING new warning to Iran: 'We will get involved'","https://www.youtube.com/watch?v=Me3ECQGs8Xk"
"1768104017-424","https://www.youtube.com/user/FoxNewsChannel/videos","BREAKING: US strikes ISIS in Syria","https://www.youtube.com/watch?v=Cz9fsXToWTY","ABC World News Tonight with David Muir Full Broadcast - January 10th, 2026","https://www.youtube.com/watch?v=Wo1i5ayMCO8"
"1768104017-425","https://www.youtube.com/user/FoxNewsChannel/videos","BREAKING: US strikes ISIS in Syria","https://www.youtube.com/watch?v=Cz9fsXToWTY","Venezuela F-16 DIVES TOWARD US Aircraft Carrier — Then THIS Happened…","https://www.youtube.com/watch?v=ZP9UbVdj5R8&pp=ugUEEgJlbg%3D%3D"
"1768104017-426","https://www.youtube.com/user/FoxNewsChannel/videos","BREAKING: US strikes ISIS in Syria","https://www.youtube.com/watch?v=Cz9fsXToWTY","KATU obtains video that shows couple less than an hour before being shot by federal officers","https://www.youtube.com/watch?v=8t8mQF8xMRg"
"1768104017-427","https://www.youtube.com/user/FoxNewsChannel/videos","BREAKING: US strikes ISIS in Syria","https://www.youtube.com/watch?v=Cz9fsXToWTY","The SHOCKING Strikes That Cleared the Way to End Maduro's Regime","https://www.youtube.com/watch?v=HrGc_LQ_CUU"
"1768104017-428","https://www.youtube.com/user/FoxNewsChannel/videos","BREAKING: US strikes ISIS in Syria","https://www.youtube.com/watch?v=Cz9fsXToWTY","Jimmy Kimmel on the Awful ICE Shooting in Minneapolis & a Baseline of Decency Being Gone in America","https://www.youtube.com/watch?v=rG_EPeGz9IQ&pp=ugUHEgVlbi1VU9IHCQlNCgGHKiGM7w%3D%3D"
"1768104017-429","https://www.youtube.com/user/FoxNewsChannel/videos","BREAKING: US strikes ISIS in Syria","https://www.youtube.com/watch?v=Cz9fsXToWTY","Germans Captured Him — He Laughed, Then Killed 21 of Them in 45 Seconds","https://www.youtube.com/watch?v=PLMjds9a5dI"
"1768104017-430","https://www.youtube.com/user/FoxNewsChannel/videos","BREAKING: US strikes ISIS in Syria","https://www.youtube.com/watch?v=Cz9fsXToWTY","When A Gang Leader Confronted Muhammad Ali","https://www.youtube.com/watch?v=1YpbDWpH7Pw"
"1768104017-431","https://www.youtube.com/user/FoxNewsChannel/videos","BREAKING: US strikes ISIS in Syria","https://www.youtube.com/watch?v=Cz9fsXToWTY","How to Become Jewish | Modi Stand Up Comedy","https://www.youtube.com/watch?v=4GlgHlcFLF4&pp=ugUHEgVlbi1VU9IHCQlNCgGHKiGM7w%3D%3D"
"1768104017-432","https://www.youtube.com/user/FoxNewsChannel/videos","BREAKING: US strikes ISIS in Syria","https://www.youtube.com/watch?v=Cz9fsXToWTY","CENTCOM Strikes Multiple ISIS Targets in Syria","https://www.youtube.com/watch?v=7QTPIY9wRDU"
"1768104017-433","https://www.youtube.com/user/FoxNewsChannel/videos","BREAKING: US strikes ISIS in Syria","https://www.youtube.com/watch?v=Cz9fsXToWTY","Six Conflicts to Watch in 2026","https://www.youtube.com/watch?v=Nul5J4BKzS8&pp=0gcJCU0KAYcqIYzv"
"1768104017-434","https://www.youtube.com/user/FoxNewsChannel/videos","BREAKING: US strikes ISIS in Syria","https://www.youtube.com/watch?v=Cz9fsXToWTY","How did Vikings Manage Waste on Longships Without getting SICK?","https://www.youtube.com/watch?v=iedM4McT0zA"
"1768104017-435","https://www.youtube.com/user/FoxNewsChannel/videos","BREAKING: US strikes ISIS in Syria","https://www.youtube.com/watch?v=Cz9fsXToWTY","US strikes Syria: Military video shows strike targeting Islamic State militants","https://www.youtube.com/watch?v=fa9KJcVIeDw"
"1768104017-436","https://www.youtube.com/user/FoxNewsChannel/videos","BREAKING: US strikes ISIS in Syria","https://www.youtube.com/watch?v=Cz9fsXToWTY","Greenland rejects Trump's threats, with one lawmaker saying it ""is not a product, we're a people""","https://www.youtube.com/watch?v=EphehaHs2Os"
"1768104017-437","https://www.youtube.com/user/FoxNewsChannel/videos","BREAKING: US strikes ISIS in Syria","https://www.youtube.com/watch?v=Cz9fsXToWTY","China Can't Afford To Invade Taiwan. Here's Why","https://www.youtube.com/watch?v=6c57q9bIBPQ"
"1768104027-438","https://www.youtube.com/user/FoxNewsChannel/videos","NEW: Details revealed about woman shot, killed by ICE agent in Minneapolis","https://www.youtube.com/watch?v=EdX6HbJ8gPg","What Does the Law Say About the ICE Shooting in Minnesota?","https://www.youtube.com/watch?v=Y04ndAPynMk&pp=ugUEEgJlbg%3D%3D"
"1768104027-439","https://www.youtube.com/user/FoxNewsChannel/videos","NEW: Details revealed about woman shot, killed by ICE agent in Minneapolis","https://www.youtube.com/watch?v=EdX6HbJ8gPg","'STUNNER': NYC exodus grows as Mamdani's polices take hold","https://www.youtube.com/watch?v=kD93vokCCos"
"1768104027-440","https://www.youtube.com/user/FoxNewsChannel/videos","NEW: Details revealed about woman shot, killed by ICE agent in Minneapolis","https://www.youtube.com/watch?v=EdX6HbJ8gPg","NEW ICE Agent POV Released | Full Legal Breakdown.","https://www.youtube.com/watch?v=bDda-L_ZOE8&pp=ugUEEgJlbg%3D%3D"
"1768104027-441","https://www.youtube.com/user/FoxNewsChannel/videos","NEW: Details revealed about woman shot, killed by ICE agent in Minneapolis","https://www.youtube.com/watch?v=EdX6HbJ8gPg","California Governor Loses Control as Hundreds of Gas Stations Shut Down | Elizabeth Davis","https://www.youtube.com/watch?v=e-MgyB_Mmp0"
"1768104027-442","https://www.youtube.com/user/FoxNewsChannel/videos","NEW: Details revealed about woman shot, killed by ICE agent in Minneapolis","https://www.youtube.com/watch?v=EdX6HbJ8gPg","Self-defence? A breakdown of the fatal ICE shooting in Minneapolis | About That","https://www.youtube.com/watch?v=ZEiw1rMjZsc"
"1768104027-443","https://www.youtube.com/user/FoxNewsChannel/videos","NEW: Details revealed about woman shot, killed by ICE agent in Minneapolis","https://www.youtube.com/watch?v=EdX6HbJ8gPg","JUST IN: Woman who was shot worked with 'ICE Watch' group","https://www.youtube.com/watch?v=g3OcjqBPx78"
"1768104027-444","https://www.youtube.com/user/FoxNewsChannel/videos","NEW: Details revealed about woman shot, killed by ICE agent in Minneapolis","https://www.youtube.com/watch?v=EdX6HbJ8gPg","ANOTHER federal agency suspends Minnesota aid amid fraud scandal","https://www.youtube.com/watch?v=s4qXDuVOk64"
"1768104027-445","https://www.youtube.com/user/FoxNewsChannel/videos","NEW: Details revealed about woman shot, killed by ICE agent in Minneapolis","https://www.youtube.com/watch?v=EdX6HbJ8gPg","Megyn Kelly Breaks Down What the Minnesota ICE Shooting Videos REALLY Show and Reveals NEW Info","https://www.youtube.com/watch?v=kH4W1TyUeQg"
"1768104027-446","https://www.youtube.com/user/FoxNewsChannel/videos","NEW: Details revealed about woman shot, killed by ICE agent in Minneapolis","https://www.youtube.com/watch?v=EdX6HbJ8gPg","Tim Walz Exposed For Faking Financial Records In State Audit","https://www.youtube.com/watch?v=Louj7N3dKSw&pp=ugUEEgJlbg%3D%3D"
"1768104027-447","https://www.youtube.com/user/FoxNewsChannel/videos","NEW: Details revealed about woman shot, killed by ICE agent in Minneapolis","https://www.youtube.com/watch?v=EdX6HbJ8gPg","Germans Captured Him — He Laughed, Then Killed 21 of Them in 45 Seconds","https://www.youtube.com/watch?v=PLMjds9a5dI"
"1768104027-448","https://www.youtube.com/user/FoxNewsChannel/videos","NEW: Details revealed about woman shot, killed by ICE agent in Minneapolis","https://www.youtube.com/watch?v=EdX6HbJ8gPg","Criminal referrals DETONATE as Minnesota fraud case spirals","https://www.youtube.com/watch?v=waHN9qz1i1o"
"1768104027-449","https://www.youtube.com/user/FoxNewsChannel/videos","NEW: Details revealed about woman shot, killed by ICE agent in Minneapolis","https://www.youtube.com/watch?v=EdX6HbJ8gPg","Independent journalist: Minnesotans have been telling me about this fraud for a long time","https://www.youtube.com/watch?v=KSpDrwlvBvY"
"1768104027-450","https://www.youtube.com/user/FoxNewsChannel/videos","NEW: Details revealed about woman shot, killed by ICE agent in Minneapolis","https://www.youtube.com/watch?v=EdX6HbJ8gPg","Jimmy Kimmel on the Awful ICE Shooting in Minneapolis & a Baseline of Decency Being Gone in America","https://www.youtube.com/watch?v=rG_EPeGz9IQ&pp=ugUHEgVlbi1VU9IHCQlNCgGHKiGM7w%3D%3D"
"1768104027-451","https://www.youtube.com/user/FoxNewsChannel/videos","NEW: Details revealed about woman shot, killed by ICE agent in Minneapolis","https://www.youtube.com/watch?v=EdX6HbJ8gPg","ABC World News Tonight with David Muir Full Broadcast - January 10th, 2026","https://www.youtube.com/watch?v=Wo1i5ayMCO8"
"1768104027-452","https://www.youtube.com/user/FoxNewsChannel/videos","NEW: Details revealed about woman shot, killed by ICE agent in Minneapolis","https://www.youtube.com/watch?v=EdX6HbJ8gPg","Thousands gathered in Powderhorn park to protest the killing of Renee Good","https://www.youtube.com/watch?v=sJWfbJUHlKk"
"1768104027-453","https://www.youtube.com/user/FoxNewsChannel/videos","NEW: Details revealed about woman shot, killed by ICE agent in Minneapolis","https://www.youtube.com/watch?v=EdX6HbJ8gPg","KATU obtains video that shows couple less than an hour before being shot by federal officers","https://www.youtube.com/watch?v=8t8mQF8xMRg"
"1768104027-454","https://www.youtube.com/user/FoxNewsChannel/videos","NEW: Details revealed about woman shot, killed by ICE agent in Minneapolis","https://www.youtube.com/watch?v=EdX6HbJ8gPg","Protesters STORM Minneapolis hotel where ICE agents believed to be staying","https://www.youtube.com/watch?v=WEPpo9bAfS0"
"1768104027-455","https://www.youtube.com/user/FoxNewsChannel/videos","NEW: Details revealed about woman shot, killed by ICE agent in Minneapolis","https://www.youtube.com/watch?v=EdX6HbJ8gPg","Golden Retriever Meets Completely Shut Down Rescue for the First Time","https://www.youtube.com/watch?v=bOg5BVGOsEg"
"1768104027-456","https://www.youtube.com/user/FoxNewsChannel/videos","NEW: Details revealed about woman shot, killed by ICE agent in Minneapolis","https://www.youtube.com/watch?v=EdX6HbJ8gPg","""Somalis Are Not Intimidated"": Rep. Ilhan Omar at Whipple ICE Processing Center in Minneapolis |N18G","https://www.youtube.com/watch?v=KvTckrGb6jA"
"1768104027-457","https://www.youtube.com/user/FoxNewsChannel/videos","NEW: Details revealed about woman shot, killed by ICE agent in Minneapolis","https://www.youtube.com/watch?v=EdX6HbJ8gPg","California Governor Responds After Thousands of Truckers Leave the State | Elizabeth Davis","https://www.youtube.com/watch?v=ey-Tpd3HdiY"
"1768104037-458","https://www.youtube.com/user/FoxNewsChannel/videos","Vance takes MAJOR action to probe possible fraud in various states","https://www.youtube.com/watch?v=rLYVi65zjPE","'STUNNER': NYC exodus grows as Mamdani's polices take hold","https://www.youtube.com/watch?v=kD93vokCCos"
"1768104037-459","https://www.youtube.com/user/FoxNewsChannel/videos","Vance takes MAJOR action to probe possible fraud in various states","https://www.youtube.com/watch?v=rLYVi65zjPE","Tim Walz Exposed For Faking Financial Records In State Audit","https://www.youtube.com/watch?v=Louj7N3dKSw&pp=ugUEEgJlbg%3D%3D"
"1768104037-460","https://www.youtube.com/user/FoxNewsChannel/videos","Vance takes MAJOR action to probe possible fraud in various states","https://www.youtube.com/watch?v=rLYVi65zjPE","Gavin Newsom sends capital SPRINTING out of California","https://www.youtube.com/watch?v=H29q5bjvs9A"
"1768104037-461","https://www.youtube.com/user/FoxNewsChannel/videos","Vance takes MAJOR action to probe possible fraud in various states","https://www.youtube.com/watch?v=rLYVi65zjPE","California Governor Loses Control as Hundreds of Gas Stations Shut Down | Elizabeth Davis","https://www.youtube.com/watch?v=e-MgyB_Mmp0"
"1768104037-462","https://www.youtube.com/user/FoxNewsChannel/videos","Vance takes MAJOR action to probe possible fraud in various states","https://www.youtube.com/watch?v=rLYVi65zjPE","WATCH: JD Vance has a message for Jasmine Crockett...","https://www.youtube.com/watch?v=-k7em-PkgJk"
"1768104037-463","https://www.youtube.com/user/FoxNewsChannel/videos","Vance takes MAJOR action to probe possible fraud in various states","https://www.youtube.com/watch?v=rLYVi65zjPE","IRAN: Trump pledges support for protesters as demonstrations hit 2-week mark","https://www.youtube.com/watch?v=vs2s79qOrfE"
"1768104037-464","https://www.youtube.com/user/FoxNewsChannel/videos","Vance takes MAJOR action to probe possible fraud in various states","https://www.youtube.com/watch?v=rLYVi65zjPE","Minnesota AG in HOT WATER after audio reveals meeting with now-convicted fraudsters","https://www.youtube.com/watch?v=nZpdmBvgcik"
"1768104037-465","https://www.youtube.com/user/FoxNewsChannel/videos","Vance takes MAJOR action to probe possible fraud in various states","https://www.youtube.com/watch?v=rLYVi65zjPE","Psaki, Maddow EVISCERATED over hypocritical’ pivot after Maduro capture","https://www.youtube.com/watch?v=DIwkl3XYb2I&pp=0gcJCU0KAYcqIYzv"
"1768104037-466","https://www.youtube.com/user/FoxNewsChannel/videos","Vance takes MAJOR action to probe possible fraud in various states","https://www.youtube.com/watch?v=rLYVi65zjPE","California Governor Responds After Thousands of Truckers Leave the State | Elizabeth Davis","https://www.youtube.com/watch?v=ey-Tpd3HdiY"
"1768104037-467","https://www.youtube.com/user/FoxNewsChannel/videos","Vance takes MAJOR action to probe possible fraud in various states","https://www.youtube.com/watch?v=rLYVi65zjPE","Vice President Vance attends at White House Press Briefing","https://www.youtube.com/watch?v=B6Mi7yW8puo"
"1768104037-468","https://www.youtube.com/user/FoxNewsChannel/videos","Vance takes MAJOR action to probe possible fraud in various states","https://www.youtube.com/watch?v=rLYVi65zjPE","Criminal referrals DETONATE as Minnesota fraud case spirals","https://www.youtube.com/watch?v=waHN9qz1i1o"
"1768104037-469","https://www.youtube.com/user/FoxNewsChannel/videos","Vance takes MAJOR action to probe possible fraud in various states","https://www.youtube.com/watch?v=rLYVi65zjPE","Trump Administration To Appoint New Official for Fraud Oversight Amid ICE Assault Surge| Vance |N18G","https://www.youtube.com/watch?v=YZO5bE8t5No"
"1768104037-470","https://www.youtube.com/user/FoxNewsChannel/videos","Vance takes MAJOR action to probe possible fraud in various states","https://www.youtube.com/watch?v=rLYVi65zjPE","WATCH: Shouting match at Minnesota fraud hearing","https://www.youtube.com/watch?v=2-fDfWNwU4w"
"1768104037-471","https://www.youtube.com/user/FoxNewsChannel/videos","Vance takes MAJOR action to probe possible fraud in various states","https://www.youtube.com/watch?v=rLYVi65zjPE","'RED FLAGS': New Minnesota fraud uncovered tied to Ilhan Omar","https://www.youtube.com/watch?v=3EHnGpakCIw"
"1768104037-472","https://www.youtube.com/user/FoxNewsChannel/videos","Vance takes MAJOR action to probe possible fraud in various states","https://www.youtube.com/watch?v=rLYVi65zjPE","Karoline Leavitt: 'PEOPLE WILL BE IN HANDCUFFS'","https://www.youtube.com/watch?v=PrrZ0iWHiOU"
"1768104037-473","https://www.youtube.com/user/FoxNewsChannel/videos","Vance takes MAJOR action to probe possible fraud in various states","https://www.youtube.com/watch?v=rLYVi65zjPE","ANOTHER federal agency suspends Minnesota aid amid fraud scandal","https://www.youtube.com/watch?v=s4qXDuVOk64"
"1768104037-474","https://www.youtube.com/user/FoxNewsChannel/videos","Vance takes MAJOR action to probe possible fraud in various states","https://www.youtube.com/watch?v=rLYVi65zjPE","'AMERICAN DREAM IS COMING BACK': Housing official reveals how prices will be affordable","https://www.youtube.com/watch?v=x-9u57HWuJ8"
"1768104037-475","https://www.youtube.com/user/FoxNewsChannel/videos","Vance takes MAJOR action to probe possible fraud in various states","https://www.youtube.com/watch?v=rLYVi65zjPE","Thune RESPONDS to Dem threats on DHS funding after ICE shooting","https://www.youtube.com/watch?v=8nCcG2GR550"
"1768104037-476","https://www.youtube.com/user/FoxNewsChannel/videos","Vance takes MAJOR action to probe possible fraud in various states","https://www.youtube.com/watch?v=rLYVi65zjPE","Greenland rejects Trump's threats, with one lawmaker saying it ""is not a product, we're a people""","https://www.youtube.com/watch?v=EphehaHs2Os"
"1768104037-477","https://www.youtube.com/user/FoxNewsChannel/videos","Vance takes MAJOR action to probe possible fraud in various states","https://www.youtube.com/watch?v=rLYVi65zjPE","Here is what is ‘more interesting’ than oil in Venezuela","https://www.youtube.com/watch?v=Uqu3vIUqFfE&pp=ugUEEgJlbg%3D%3D"
"1768104047-478","https://www.youtube.com/user/FoxNewsChannel/videos","DETAILS: DHS reveals 10 car-ramming attacks against agents in 48-hour period","https://www.youtube.com/watch?v=RXff9JYudE0","NEW ICE Agent POV Released | Full Legal Breakdown.","https://www.youtube.com/watch?v=bDda-L_ZOE8&pp=ugUEEgJlbtIHCQlNCgGHKiGM7w%3D%3D"
"1768104047-479","https://www.youtube.com/user/FoxNewsChannel/videos","DETAILS: DHS reveals 10 car-ramming attacks against agents in 48-hour period","https://www.youtube.com/watch?v=RXff9JYudE0","What Does the Law Say About the ICE Shooting in Minnesota?","https://www.youtube.com/watch?v=Y04ndAPynMk&pp=ugUEEgJlbg%3D%3D"
"1768104047-480","https://www.youtube.com/user/FoxNewsChannel/videos","DETAILS: DHS reveals 10 car-ramming attacks against agents in 48-hour period","https://www.youtube.com/watch?v=RXff9JYudE0","Gavin Newsom sends capital SPRINTING out of California","https://www.youtube.com/watch?v=H29q5bjvs9A"
"1768104047-481","https://www.youtube.com/user/FoxNewsChannel/videos","DETAILS: DHS reveals 10 car-ramming attacks against agents in 48-hour period","https://www.youtube.com/watch?v=RXff9JYudE0","Newsom faces heat as billions in homeless relief funds can’t be accounted for","https://www.youtube.com/watch?v=0vtNz42CyMk&pp=0gcJCU0KAYcqIYzv"
"1768104047-482","https://www.youtube.com/user/FoxNewsChannel/videos","DETAILS: DHS reveals 10 car-ramming attacks against agents in 48-hour period","https://www.youtube.com/watch?v=RXff9JYudE0","JUST IN: Woman who was shot worked with 'ICE Watch' group","https://www.youtube.com/watch?v=g3OcjqBPx78"
"1768104047-483","https://www.youtube.com/user/FoxNewsChannel/videos","DETAILS: DHS reveals 10 car-ramming attacks against agents in 48-hour period","https://www.youtube.com/watch?v=RXff9JYudE0","'STUNNER': NYC exodus grows as Mamdani's polices take hold","https://www.youtube.com/watch?v=kD93vokCCos"
"1768104047-484","https://www.youtube.com/user/FoxNewsChannel/videos","DETAILS: DHS reveals 10 car-ramming attacks against agents in 48-hour period","https://www.youtube.com/watch?v=RXff9JYudE0","The World's Most Important Machine","https://www.youtube.com/watch?v=MiUHjLxm3V0"
"1768104047-485","https://www.youtube.com/user/FoxNewsChannel/videos","DETAILS: DHS reveals 10 car-ramming attacks against agents in 48-hour period","https://www.youtube.com/watch?v=RXff9JYudE0","Tim Walz Exposed For Faking Financial Records In State Audit","https://www.youtube.com/watch?v=Louj7N3dKSw&pp=ugUEEgJlbg%3D%3D"
"1768104047-486","https://www.youtube.com/user/FoxNewsChannel/videos","DETAILS: DHS reveals 10 car-ramming attacks against agents in 48-hour period","https://www.youtube.com/watch?v=RXff9JYudE0","Jimmy Kimmel on the Awful ICE Shooting in Minneapolis & a Baseline of Decency Being Gone in America","https://www.youtube.com/watch?v=rG_EPeGz9IQ&pp=ugUHEgVlbi1VUw%3D%3D"
"1768104047-487","https://www.youtube.com/user/FoxNewsChannel/videos","DETAILS: DHS reveals 10 car-ramming attacks against agents in 48-hour period","https://www.youtube.com/watch?v=RXff9JYudE0","IRAN: Trump pledges support for protesters as demonstrations hit 2-week mark","https://www.youtube.com/watch?v=vs2s79qOrfE"
"1768104047-488","https://www.youtube.com/user/FoxNewsChannel/videos","DETAILS: DHS reveals 10 car-ramming attacks against agents in 48-hour period","https://www.youtube.com/watch?v=RXff9JYudE0","Megyn Kelly Breaks Down What the Minnesota ICE Shooting Videos REALLY Show and Reveals NEW Info","https://www.youtube.com/watch?v=kH4W1TyUeQg"
"1768104047-489","https://www.youtube.com/user/FoxNewsChannel/videos","DETAILS: DHS reveals 10 car-ramming attacks against agents in 48-hour period","https://www.youtube.com/watch?v=RXff9JYudE0","Thousands gathered in Powderhorn park to protest the killing of Renee Good","https://www.youtube.com/watch?v=sJWfbJUHlKk"
"1768104047-490","https://www.youtube.com/user/FoxNewsChannel/videos","DETAILS: DHS reveals 10 car-ramming attacks against agents in 48-hour period","https://www.youtube.com/watch?v=RXff9JYudE0","KATU obtains video that shows couple less than an hour before being shot by federal officers","https://www.youtube.com/watch?v=8t8mQF8xMRg"
"1768104047-491","https://www.youtube.com/user/FoxNewsChannel/videos","DETAILS: DHS reveals 10 car-ramming attacks against agents in 48-hour period","https://www.youtube.com/watch?v=RXff9JYudE0","ABC World News Tonight with David Muir Full Broadcast - January 10th, 2026","https://www.youtube.com/watch?v=Wo1i5ayMCO8"
"1768104047-492","https://www.youtube.com/user/FoxNewsChannel/videos","DETAILS: DHS reveals 10 car-ramming attacks against agents in 48-hour period","https://www.youtube.com/watch?v=RXff9JYudE0","WATCH: Shouting match at Minnesota fraud hearing","https://www.youtube.com/watch?v=2-fDfWNwU4w"
"1768104047-493","https://www.youtube.com/user/FoxNewsChannel/videos","DETAILS: DHS reveals 10 car-ramming attacks against agents in 48-hour period","https://www.youtube.com/watch?v=RXff9JYudE0","ANOTHER federal agency suspends Minnesota aid amid fraud scandal","https://www.youtube.com/watch?v=s4qXDuVOk64"
"1768104047-494","https://www.youtube.com/user/FoxNewsChannel/videos","DETAILS: DHS reveals 10 car-ramming attacks against agents in 48-hour period","https://www.youtube.com/watch?v=RXff9JYudE0","Venezuelan immigrant speaks out following Maduro's capture; says hope has been restored","https://www.youtube.com/watch?v=cylfhA8pNgY"
"1768104047-495","https://www.youtube.com/user/FoxNewsChannel/videos","DETAILS: DHS reveals 10 car-ramming attacks against agents in 48-hour period","https://www.youtube.com/watch?v=RXff9JYudE0","Independent journalist: Minnesotans have been telling me about this fraud for a long time","https://www.youtube.com/watch?v=KSpDrwlvBvY&pp=0gcJCU0KAYcqIYzv"
"1768104047-496","https://www.youtube.com/user/FoxNewsChannel/videos","DETAILS: DHS reveals 10 car-ramming attacks against agents in 48-hour period","https://www.youtube.com/watch?v=RXff9JYudE0","Jan. 10: ICE protests, Ohio dentist murder","https://www.youtube.com/watch?v=cYJuGDF4PjA"
"1768104047-497","https://www.youtube.com/user/FoxNewsChannel/videos","DETAILS: DHS reveals 10 car-ramming attacks against agents in 48-hour period","https://www.youtube.com/watch?v=RXff9JYudE0","California Governor Responds After Thousands of Truckers Leave the State | Elizabeth Davis","https://www.youtube.com/watch?v=ey-Tpd3HdiY"
"1768104057-498","https://www.youtube.com/user/FoxNewsChannel/videos","Thune RESPONDS to Dem threats on DHS funding after ICE shooting","https://www.youtube.com/watch?v=8nCcG2GR550","California Governor Responds After Thousands of Truckers Leave the State | Elizabeth Davis","https://www.youtube.com/watch?v=ey-Tpd3HdiY&pp=0gcJCU0KAYcqIYzv"
"1768104057-499","https://www.youtube.com/user/FoxNewsChannel/videos","Thune RESPONDS to Dem threats on DHS funding after ICE shooting","https://www.youtube.com/watch?v=8nCcG2GR550","'STUNNER': NYC exodus grows as Mamdani's polices take hold","https://www.youtube.com/watch?v=kD93vokCCos"
"1768104057-500","https://www.youtube.com/user/FoxNewsChannel/videos","Thune RESPONDS to Dem threats on DHS funding after ICE shooting","https://www.youtube.com/watch?v=8nCcG2GR550","Gavin Newsom sends capital SPRINTING out of California","https://www.youtube.com/watch?v=H29q5bjvs9A"
"1768104057-501","https://www.youtube.com/user/FoxNewsChannel/videos","Thune RESPONDS to Dem threats on DHS funding after ICE shooting","https://www.youtube.com/watch?v=8nCcG2GR550","IRAN: Trump pledges support for protesters as demonstrations hit 2-week mark","https://www.youtube.com/watch?v=vs2s79qOrfE"
"1768104057-502","https://www.youtube.com/user/FoxNewsChannel/videos","Thune RESPONDS to Dem threats on DHS funding after ICE shooting","https://www.youtube.com/watch?v=8nCcG2GR550","Vance: 'WHO TOLD PROTESTERS TO SHOW UP?'","https://www.youtube.com/watch?v=af5z7EU2AHk"
"1768104057-503","https://www.youtube.com/user/FoxNewsChannel/videos","Thune RESPONDS to Dem threats on DHS funding after ICE shooting","https://www.youtube.com/watch?v=8nCcG2GR550","California Governor Loses Control as Hundreds of Gas Stations Shut Down | Elizabeth Davis","https://www.youtube.com/watch?v=e-MgyB_Mmp0"
"1768104057-504","https://www.youtube.com/user/FoxNewsChannel/videos","Thune RESPONDS to Dem threats on DHS funding after ICE shooting","https://www.youtube.com/watch?v=8nCcG2GR550","Tim Walz Exposed For Faking Financial Records In State Audit","https://www.youtube.com/watch?v=Louj7N3dKSw&pp=ugUEEgJlbg%3D%3D"
"1768104057-505","https://www.youtube.com/user/FoxNewsChannel/videos","Thune RESPONDS to Dem threats on DHS funding after ICE shooting","https://www.youtube.com/watch?v=8nCcG2GR550","WATCH: JD Vance has a message for Jasmine Crockett...","https://www.youtube.com/watch?v=-k7em-PkgJk"
"1768104057-506","https://www.youtube.com/user/FoxNewsChannel/videos","Thune RESPONDS to Dem threats on DHS funding after ICE shooting","https://www.youtube.com/watch?v=8nCcG2GR550","What Does the Law Say About the ICE Shooting in Minnesota?","https://www.youtube.com/watch?v=Y04ndAPynMk&pp=ugUEEgJlbtIHCQlNCgGHKiGM7w%3D%3D"
"1768104057-507","https://www.youtube.com/user/FoxNewsChannel/videos","Thune RESPONDS to Dem threats on DHS funding after ICE shooting","https://www.youtube.com/watch?v=8nCcG2GR550","JUST IN: Woman who was shot worked with 'ICE Watch' group","https://www.youtube.com/watch?v=g3OcjqBPx78"
"1768104057-508","https://www.youtube.com/user/FoxNewsChannel/videos","Thune RESPONDS to Dem threats on DHS funding after ICE shooting","https://www.youtube.com/watch?v=8nCcG2GR550","Germans Captured Him — He Laughed, Then Killed 21 of Them in 45 Seconds","https://www.youtube.com/watch?v=PLMjds9a5dI"
"1768104057-509","https://www.youtube.com/user/FoxNewsChannel/videos","Thune RESPONDS to Dem threats on DHS funding after ICE shooting","https://www.youtube.com/watch?v=8nCcG2GR550","ABC World News Tonight with David Muir Full Broadcast - January 10th, 2026","https://www.youtube.com/watch?v=Wo1i5ayMCO8"
"1768104057-510","https://www.youtube.com/user/FoxNewsChannel/videos","Thune RESPONDS to Dem threats on DHS funding after ICE shooting","https://www.youtube.com/watch?v=8nCcG2GR550","Psaki, Maddow EVISCERATED over hypocritical’ pivot after Maduro capture","https://www.youtube.com/watch?v=DIwkl3XYb2I"
"1768104057-511","https://www.youtube.com/user/FoxNewsChannel/videos","Thune RESPONDS to Dem threats on DHS funding after ICE shooting","https://www.youtube.com/watch?v=8nCcG2GR550","NEW ICE Agent POV Released | Full Legal Breakdown.","https://www.youtube.com/watch?v=bDda-L_ZOE8&pp=ugUEEgJlbg%3D%3D"
"1768104057-512","https://www.youtube.com/user/FoxNewsChannel/videos","Thune RESPONDS to Dem threats on DHS funding after ICE shooting","https://www.youtube.com/watch?v=8nCcG2GR550","WATCH: Shouting match at Minnesota fraud hearing","https://www.youtube.com/watch?v=2-fDfWNwU4w"
"1768104057-513","https://www.youtube.com/user/FoxNewsChannel/videos","Thune RESPONDS to Dem threats on DHS funding after ICE shooting","https://www.youtube.com/watch?v=8nCcG2GR550","'C'mon On Guys—She Looks Ridiculous!': Moskowitz Confronts GOP Reps About Noem After ICE Killing","https://www.youtube.com/watch?v=oKDNZ0b9jvo&pp=0gcJCU0KAYcqIYzv"
"1768104057-514","https://www.youtube.com/user/FoxNewsChannel/videos","Thune RESPONDS to Dem threats on DHS funding after ICE shooting","https://www.youtube.com/watch?v=8nCcG2GR550","MOVIN' OUT: Red states top U-Haul's 'Growth Index' as blue states see exodus","https://www.youtube.com/watch?v=sRBnwPEDWeI"
"1768104057-515","https://www.youtube.com/user/FoxNewsChannel/videos","Thune RESPONDS to Dem threats on DHS funding after ICE shooting","https://www.youtube.com/watch?v=8nCcG2GR550","ANOTHER federal agency suspends Minnesota aid amid fraud scandal","https://www.youtube.com/watch?v=s4qXDuVOk64"
"1768104057-516","https://www.youtube.com/user/FoxNewsChannel/videos","Thune RESPONDS to Dem threats on DHS funding after ICE shooting","https://www.youtube.com/watch?v=8nCcG2GR550","Vance takes decisive step to investigate potential fraud in key states","https://www.youtube.com/watch?v=O0A1V8BLwpo"
"1768104057-517","https://www.youtube.com/user/FoxNewsChannel/videos","Thune RESPONDS to Dem threats on DHS funding after ICE shooting","https://www.youtube.com/watch?v=8nCcG2GR550","California Governor in Panic as Walmart Shuts Down Hundreds of Stores | Elizabeth Davis","https://www.youtube.com/watch?v=OkShwczT9Rc"
"1768104068-518","https://www.youtube.com/user/FoxNewsChannel/videos","Psaki, Maddow EVISCERATED over hypocritical’ pivot after Maduro capture","https://www.youtube.com/watch?v=DIwkl3XYb2I","Gavin Newsom sends capital SPRINTING out of California","https://www.youtube.com/watch?v=H29q5bjvs9A"
"1768104068-519","https://www.youtube.com/user/FoxNewsChannel/videos","Psaki, Maddow EVISCERATED over hypocritical’ pivot after Maduro capture","https://www.youtube.com/watch?v=DIwkl3XYb2I","'STUNNER': NYC exodus grows as Mamdani's polices take hold","https://www.youtube.com/watch?v=kD93vokCCos"
"1768104068-520","https://www.youtube.com/user/FoxNewsChannel/videos","Psaki, Maddow EVISCERATED over hypocritical’ pivot after Maduro capture","https://www.youtube.com/watch?v=DIwkl3XYb2I","California Governor Loses Control as Hundreds of Gas Stations Shut Down | Elizabeth Davis","https://www.youtube.com/watch?v=e-MgyB_Mmp0"
"1768104068-521","https://www.youtube.com/user/FoxNewsChannel/videos","Psaki, Maddow EVISCERATED over hypocritical’ pivot after Maduro capture","https://www.youtube.com/watch?v=DIwkl3XYb2I","IRAN: Trump pledges support for protesters as demonstrations hit 2-week mark","https://www.youtube.com/watch?v=vs2s79qOrfE"
"1768104068-522","https://www.youtube.com/user/FoxNewsChannel/videos","Psaki, Maddow EVISCERATED over hypocritical’ pivot after Maduro capture","https://www.youtube.com/watch?v=DIwkl3XYb2I","Tim Walz Exposed For Faking Financial Records In State Audit","https://www.youtube.com/watch?v=Louj7N3dKSw&pp=ugUEEgJlbg%3D%3D"
"1768104068-523","https://www.youtube.com/user/FoxNewsChannel/videos","Psaki, Maddow EVISCERATED over hypocritical’ pivot after Maduro capture","https://www.youtube.com/watch?v=DIwkl3XYb2I","Jimmy Kimmel on the Awful ICE Shooting in Minneapolis & a Baseline of Decency Being Gone in America","https://www.youtube.com/watch?v=rG_EPeGz9IQ&pp=ugUHEgVlbi1VUw%3D%3D"
"1768104068-524","https://www.youtube.com/user/FoxNewsChannel/videos","Psaki, Maddow EVISCERATED over hypocritical’ pivot after Maduro capture","https://www.youtube.com/watch?v=DIwkl3XYb2I","Trump’s Venezuela Money Grab, Problem Falling Asleep in Meetings & Unarmed Woman Killed by ICE","https://www.youtube.com/watch?v=x03ZxnzfgNA&pp=ugUHEgVlbi1VUw%3D%3D"
"1768104068-525","https://www.youtube.com/user/FoxNewsChannel/videos","Psaki, Maddow EVISCERATED over hypocritical’ pivot after Maduro capture","https://www.youtube.com/watch?v=DIwkl3XYb2I","Keane: I am STUNNED by this","https://www.youtube.com/watch?v=-bkhUVR8s3M"
"1768104068-526","https://www.youtube.com/user/FoxNewsChannel/videos","Psaki, Maddow EVISCERATED over hypocritical’ pivot after Maduro capture","https://www.youtube.com/watch?v=DIwkl3XYb2I","The SHOCKING Strikes That Cleared the Way to End Maduro's Regime","https://www.youtube.com/watch?v=HrGc_LQ_CUU"
"1768104068-527","https://www.youtube.com/user/FoxNewsChannel/videos","Psaki, Maddow EVISCERATED over hypocritical’ pivot after Maduro capture","https://www.youtube.com/watch?v=DIwkl3XYb2I","ANOTHER federal agency suspends Minnesota aid amid fraud scandal","https://www.youtube.com/watch?v=s4qXDuVOk64"
"1768104068-528","https://www.youtube.com/user/FoxNewsChannel/videos","Psaki, Maddow EVISCERATED over hypocritical’ pivot after Maduro capture","https://www.youtube.com/watch?v=DIwkl3XYb2I","Golden Retriever Meets Completely Shut Down Rescue for the First Time","https://www.youtube.com/watch?v=bOg5BVGOsEg"
"1768104068-529","https://www.youtube.com/user/FoxNewsChannel/videos","Psaki, Maddow EVISCERATED over hypocritical’ pivot after Maduro capture","https://www.youtube.com/watch?v=DIwkl3XYb2I","WOMEN LIE ON DATES! | Iliza Shlesinger","https://www.youtube.com/watch?v=suNuZeDIlvg"
"1768104068-530","https://www.youtube.com/user/FoxNewsChannel/videos","Psaki, Maddow EVISCERATED over hypocritical’ pivot after Maduro capture","https://www.youtube.com/watch?v=DIwkl3XYb2I","Germans Captured Him — He Laughed, Then Killed 21 of Them in 45 Seconds","https://www.youtube.com/watch?v=PLMjds9a5dI"
"1768104068-531","https://www.youtube.com/user/FoxNewsChannel/videos","Psaki, Maddow EVISCERATED over hypocritical’ pivot after Maduro capture","https://www.youtube.com/watch?v=DIwkl3XYb2I","Why Are People Starting to Sound Like ChatGPT? | Adam Aleksic | TED","https://www.youtube.com/watch?v=ZkXrTHpnQrQ"
"1768104068-532","https://www.youtube.com/user/FoxNewsChannel/videos","Psaki, Maddow EVISCERATED over hypocritical’ pivot after Maduro capture","https://www.youtube.com/watch?v=DIwkl3XYb2I","'AMERICAN DREAM IS COMING BACK': Housing official reveals how prices will be affordable","https://www.youtube.com/watch?v=x-9u57HWuJ8"
"1768104068-533","https://www.youtube.com/user/FoxNewsChannel/videos","Psaki, Maddow EVISCERATED over hypocritical’ pivot after Maduro capture","https://www.youtube.com/watch?v=DIwkl3XYb2I","BREAKING NEWS: John Kennedy Details Example After Example Of Minnesota Fraud In Blistering Speech","https://www.youtube.com/watch?v=JL1fNIqqGV0"
"1768104068-534","https://www.youtube.com/user/FoxNewsChannel/videos","Psaki, Maddow EVISCERATED over hypocritical’ pivot after Maduro capture","https://www.youtube.com/watch?v=DIwkl3XYb2I","Venezuelan immigrant speaks out following Maduro's capture; says hope has been restored","https://www.youtube.com/watch?v=cylfhA8pNgY"
"1768104068-535","https://www.youtube.com/user/FoxNewsChannel/videos","Psaki, Maddow EVISCERATED over hypocritical’ pivot after Maduro capture","https://www.youtube.com/watch?v=DIwkl3XYb2I","How did Vikings Manage Waste on Longships Without getting SICK?","https://www.youtube.com/watch?v=iedM4McT0zA"
"1768104068-536","https://www.youtube.com/user/FoxNewsChannel/videos","Psaki, Maddow EVISCERATED over hypocritical’ pivot after Maduro capture","https://www.youtube.com/watch?v=DIwkl3XYb2I","California Governor Responds After Thousands of Truckers Leave the State | Elizabeth Davis","https://www.youtube.com/watch?v=ey-Tpd3HdiY"
"1768104078-537","https://www.youtube.com/user/FoxNewsChannel/videos","'THEY LET US BURN': Palisades Fire victims protest weak leadership and fire response","https://www.youtube.com/watch?v=oKI2fsll8iQ&pp=0gcJCU0KAYcqIYzv","'STUNNER': NYC exodus grows as Mamdani's polices take hold","https://www.youtube.com/watch?v=kD93vokCCos"
"1768104078-538","https://www.youtube.com/user/FoxNewsChannel/videos","'THEY LET US BURN': Palisades Fire victims protest weak leadership and fire response","https://www.youtube.com/watch?v=oKI2fsll8iQ&pp=0gcJCU0KAYcqIYzv","Karoline Leavitt, JD Vance speak at White House","https://www.youtube.com/watch?v=9CHwSPbG4H8"
"1768104078-539","https://www.youtube.com/user/FoxNewsChannel/videos","'THEY LET US BURN': Palisades Fire victims protest weak leadership and fire response","https://www.youtube.com/watch?v=oKI2fsll8iQ&pp=0gcJCU0KAYcqIYzv","‘They let us burn.' Angry LA wildfire survivors demand accountability","https://www.youtube.com/watch?v=qqdqN-X0giA"
"1768104078-540","https://www.youtube.com/user/FoxNewsChannel/videos","'THEY LET US BURN': Palisades Fire victims protest weak leadership and fire response","https://www.youtube.com/watch?v=oKI2fsll8iQ&pp=0gcJCU0KAYcqIYzv","Tim Walz Exposed For Faking Financial Records In State Audit","https://www.youtube.com/watch?v=Louj7N3dKSw&pp=ugUEEgJlbg%3D%3D"
"1768104078-541","https://www.youtube.com/user/FoxNewsChannel/videos","'THEY LET US BURN': Palisades Fire victims protest weak leadership and fire response","https://www.youtube.com/watch?v=oKI2fsll8iQ&pp=0gcJCU0KAYcqIYzv","Psaki, Maddow EVISCERATED over hypocritical’ pivot after Maduro capture","https://www.youtube.com/watch?v=DIwkl3XYb2I&pp=0gcJCU0KAYcqIYzv"
"1768104078-542","https://www.youtube.com/user/FoxNewsChannel/videos","'THEY LET US BURN': Palisades Fire victims protest weak leadership and fire response","https://www.youtube.com/watch?v=oKI2fsll8iQ&pp=0gcJCU0KAYcqIYzv","IRAN: Trump pledges support for protesters as demonstrations hit 2-week mark","https://www.youtube.com/watch?v=vs2s79qOrfE"
"1768104078-543","https://www.youtube.com/user/FoxNewsChannel/videos","'THEY LET US BURN': Palisades Fire victims protest weak leadership and fire response","https://www.youtube.com/watch?v=oKI2fsll8iQ&pp=0gcJCU0KAYcqIYzv","Mayor Karen Bass discusses recovery efforts one year after the L.A. fires","https://www.youtube.com/watch?v=4E2EabuyA7k&pp=0gcJCU0KAYcqIYzv"
"1768104078-544","https://www.youtube.com/user/FoxNewsChannel/videos","'THEY LET US BURN': Palisades Fire victims protest weak leadership and fire response","https://www.youtube.com/watch?v=oKI2fsll8iQ&pp=0gcJCU0KAYcqIYzv","Germans Captured Him — He Laughed, Then Killed 21 of Them in 45 Seconds","https://www.youtube.com/watch?v=PLMjds9a5dI"
"1768104078-545","https://www.youtube.com/user/FoxNewsChannel/videos","'THEY LET US BURN': Palisades Fire victims protest weak leadership and fire response","https://www.youtube.com/watch?v=oKI2fsll8iQ&pp=0gcJCU0KAYcqIYzv","WATCH: Shouting match at Minnesota fraud hearing","https://www.youtube.com/watch?v=2-fDfWNwU4w"
"1768104078-546","https://www.youtube.com/user/FoxNewsChannel/videos","'THEY LET US BURN': Palisades Fire victims protest weak leadership and fire response","https://www.youtube.com/watch?v=oKI2fsll8iQ&pp=0gcJCU0KAYcqIYzv","Golden Retriever Meets Completely Shut Down Rescue for the First Time","https://www.youtube.com/watch?v=bOg5BVGOsEg"
"1768104078-547","https://www.youtube.com/user/FoxNewsChannel/videos","'THEY LET US BURN': Palisades Fire victims protest weak leadership and fire response","https://www.youtube.com/watch?v=oKI2fsll8iQ&pp=0gcJCU0KAYcqIYzv","Revisiting Altadena 1 year after Eaton Fire began | NBC 7 San Diego","https://www.youtube.com/watch?v=rrPiCR03z6E"
"1768104078-548","https://www.youtube.com/user/FoxNewsChannel/videos","'THEY LET US BURN': Palisades Fire victims protest weak leadership and fire response","https://www.youtube.com/watch?v=oKI2fsll8iQ&pp=0gcJCU0KAYcqIYzv","Full Interview | LA State Sen. Henry Stern on wildfire recovery, new emergency management panel","https://www.youtube.com/watch?v=eYfK0LjHxD8"
"1768104078-549","https://www.youtube.com/user/FoxNewsChannel/videos","'THEY LET US BURN': Palisades Fire victims protest weak leadership and fire response","https://www.youtube.com/watch?v=oKI2fsll8iQ&pp=0gcJCU0KAYcqIYzv","California Governor Responds After Thousands of Truckers Leave the State | Elizabeth Davis","https://www.youtube.com/watch?v=ey-Tpd3HdiY"
"1768104078-550","https://www.youtube.com/user/FoxNewsChannel/videos","'THEY LET US BURN': Palisades Fire victims protest weak leadership and fire response","https://www.youtube.com/watch?v=oKI2fsll8iQ&pp=0gcJCU0KAYcqIYzv","Best Animals News Bloopers Of The Decade (so far)","https://www.youtube.com/watch?v=ufc0hlF43qQ&pp=ugUEEgJlbg%3D%3D"
"1768104078-551","https://www.youtube.com/user/FoxNewsChannel/videos","'THEY LET US BURN': Palisades Fire victims protest weak leadership and fire response","https://www.youtube.com/watch?v=oKI2fsll8iQ&pp=0gcJCU0KAYcqIYzv","Communities demand answers after deadly LA County fires","https://www.youtube.com/watch?v=W2RNkx9Dd1w"
"1768104078-552","https://www.youtube.com/user/FoxNewsChannel/videos","'THEY LET US BURN': Palisades Fire victims protest weak leadership and fire response","https://www.youtube.com/watch?v=oKI2fsll8iQ&pp=0gcJCU0KAYcqIYzv","Jimmy Kimmel on the Awful ICE Shooting in Minneapolis & a Baseline of Decency Being Gone in America","https://www.youtube.com/watch?v=rG_EPeGz9IQ&pp=ugUHEgVlbi1VUw%3D%3D"
"1768104078-553","https://www.youtube.com/user/FoxNewsChannel/videos","'THEY LET US BURN': Palisades Fire victims protest weak leadership and fire response","https://www.youtube.com/watch?v=oKI2fsll8iQ&pp=0gcJCU0KAYcqIYzv","She’s 12. She Sings Aretha Franklin… Until Simon TELLS Her to Do It Acapella! 😳","https://www.youtube.com/watch?v=HLxDp5rZmIs&pp=ugUEEgJlbg%3D%3D"
"1768104078-554","https://www.youtube.com/user/FoxNewsChannel/videos","'THEY LET US BURN': Palisades Fire victims protest weak leadership and fire response","https://www.youtube.com/watch?v=oKI2fsll8iQ&pp=0gcJCU0KAYcqIYzv","'RED FLAGS': New Minnesota fraud uncovered tied to Ilhan Omar","https://www.youtube.com/watch?v=3EHnGpakCIw&pp=0gcJCU0KAYcqIYzv"
"1768104088-555","https://www.youtube.com/user/FoxNewsChannel/videos","This is our Constitution, and it's worked 'DAMN WELL'","https://www.youtube.com/watch?v=7G1twQtxpvg","This is a ‘MASSIVE PROBLEM’ within the Democratic Party: Former Clinton advisor","https://www.youtube.com/watch?v=WM19qhHU8QE"
"1768104088-556","https://www.youtube.com/user/FoxNewsChannel/videos","This is our Constitution, and it's worked 'DAMN WELL'","https://www.youtube.com/watch?v=7G1twQtxpvg","'STUNNER': NYC exodus grows as Mamdani's polices take hold","https://www.youtube.com/watch?v=kD93vokCCos"
"1768104088-557","https://www.youtube.com/user/FoxNewsChannel/videos","This is our Constitution, and it's worked 'DAMN WELL'","https://www.youtube.com/watch?v=7G1twQtxpvg","California Governor Responds After Thousands of Truckers Leave the State | Elizabeth Davis","https://www.youtube.com/watch?v=ey-Tpd3HdiY"
"1768104088-558","https://www.youtube.com/user/FoxNewsChannel/videos","This is our Constitution, and it's worked 'DAMN WELL'","https://www.youtube.com/watch?v=7G1twQtxpvg","How did the US get Maduro? Inside Operation Absolute Resolve | BBC Security Brief","https://www.youtube.com/watch?v=_mmmdQG0NUA"
"1768104088-559","https://www.youtube.com/user/FoxNewsChannel/videos","This is our Constitution, and it's worked 'DAMN WELL'","https://www.youtube.com/watch?v=7G1twQtxpvg","ABC World News Tonight with David Muir Full Broadcast - January 10th, 2026","https://www.youtube.com/watch?v=Wo1i5ayMCO8"
"1768104088-560","https://www.youtube.com/user/FoxNewsChannel/videos","This is our Constitution, and it's worked 'DAMN WELL'","https://www.youtube.com/watch?v=7G1twQtxpvg","Tim Walz Exposed For Faking Financial Records In State Audit","https://www.youtube.com/watch?v=Louj7N3dKSw&pp=ugUEEgJlbg%3D%3D"
"1768104088-561","https://www.youtube.com/user/FoxNewsChannel/videos","This is our Constitution, and it's worked 'DAMN WELL'","https://www.youtube.com/watch?v=7G1twQtxpvg","IRAN: Trump pledges support for protesters as demonstrations hit 2-week mark","https://www.youtube.com/watch?v=vs2s79qOrfE&pp=0gcJCU0KAYcqIYzv"
"1768104088-562","https://www.youtube.com/user/FoxNewsChannel/videos","This is our Constitution, and it's worked 'DAMN WELL'","https://www.youtube.com/watch?v=7G1twQtxpvg","Germans Captured Him — He Laughed, Then Killed 21 of Them in 45 Seconds","https://www.youtube.com/watch?v=PLMjds9a5dI"
"1768104088-563","https://www.youtube.com/user/FoxNewsChannel/videos","This is our Constitution, and it's worked 'DAMN WELL'","https://www.youtube.com/watch?v=7G1twQtxpvg","Karoline Leavitt, JD Vance speak at White House","https://www.youtube.com/watch?v=9CHwSPbG4H8"
"1768104088-564","https://www.youtube.com/user/FoxNewsChannel/videos","This is our Constitution, and it's worked 'DAMN WELL'","https://www.youtube.com/watch?v=7G1twQtxpvg","San Jose mayor shares concerns about proposed billionaire wealth tax","https://www.youtube.com/watch?v=ZzwpNkpbfVQ"
"1768104088-565","https://www.youtube.com/user/FoxNewsChannel/videos","This is our Constitution, and it's worked 'DAMN WELL'","https://www.youtube.com/watch?v=7G1twQtxpvg","Psaki, Maddow EVISCERATED over hypocritical’ pivot after Maduro capture","https://www.youtube.com/watch?v=DIwkl3XYb2I"
"1768104088-566","https://www.youtube.com/user/FoxNewsChannel/videos","This is our Constitution, and it's worked 'DAMN WELL'","https://www.youtube.com/watch?v=7G1twQtxpvg","[WKF2024] The End of China's Rise and the Future of World Order","https://www.youtube.com/watch?v=IL6OHMr21f8"
"1768104088-567","https://www.youtube.com/user/FoxNewsChannel/videos","This is our Constitution, and it's worked 'DAMN WELL'","https://www.youtube.com/watch?v=7G1twQtxpvg","Venezuelan immigrant speaks out following Maduro's capture; says hope has been restored","https://www.youtube.com/watch?v=cylfhA8pNgY"
"1768104088-568","https://www.youtube.com/user/FoxNewsChannel/videos","This is our Constitution, and it's worked 'DAMN WELL'","https://www.youtube.com/watch?v=7G1twQtxpvg","Stop Rambling: The 3-2-1 Speaking Trick That Makes You Sound Like A CEO","https://www.youtube.com/watch?v=t260757b_vU"
"1768104088-569","https://www.youtube.com/user/FoxNewsChannel/videos","This is our Constitution, and it's worked 'DAMN WELL'","https://www.youtube.com/watch?v=7G1twQtxpvg","Vance takes decisive step to investigate potential fraud in key states","https://www.youtube.com/watch?v=O0A1V8BLwpo"
"1768104088-570","https://www.youtube.com/user/FoxNewsChannel/videos","This is our Constitution, and it's worked 'DAMN WELL'","https://www.youtube.com/watch?v=7G1twQtxpvg","WATCH: Shouting match at Minnesota fraud hearing","https://www.youtube.com/watch?v=2-fDfWNwU4w"
"1768104088-571","https://www.youtube.com/user/FoxNewsChannel/videos","This is our Constitution, and it's worked 'DAMN WELL'","https://www.youtube.com/watch?v=7G1twQtxpvg","'AMERICAN DREAM IS COMING BACK': Housing official reveals how prices will be affordable","https://www.youtube.com/watch?v=x-9u57HWuJ8"
"1768104088-572","https://www.youtube.com/user/FoxNewsChannel/videos","This is our Constitution, and it's worked 'DAMN WELL'","https://www.youtube.com/watch?v=7G1twQtxpvg","Lefties Losing It: Ellen DeGeneres returns to Trump's America","https://www.youtube.com/watch?v=9Qo1U0ks5NQ"
"1768104088-573","https://www.youtube.com/user/FoxNewsChannel/videos","This is our Constitution, and it's worked 'DAMN WELL'","https://www.youtube.com/watch?v=7G1twQtxpvg","MALIBU 🔥 ONE YEAR LATER 🔥 The Adam Carolla Vlog","https://www.youtube.com/watch?v=S8Pddb_phkI&pp=ugUEEgJlbg%3D%3D"
"1768104088-574","https://www.youtube.com/user/FoxNewsChannel/videos","This is our Constitution, and it's worked 'DAMN WELL'","https://www.youtube.com/watch?v=7G1twQtxpvg","Jan. 10: ICE protests, Ohio dentist murder","https://www.youtube.com/watch?v=cYJuGDF4PjA"
"1768104098-575","https://www.youtube.com/user/FoxNewsChannel/videos","Trump ‘LIBERATING’ massive Venezuelan oil resources","https://www.youtube.com/watch?v=KAm6AEz9s64","The real reason Venezuela matters","https://www.youtube.com/watch?v=Pgwny1BiCYk"
"1768104098-576","https://www.youtube.com/user/FoxNewsChannel/videos","Trump ‘LIBERATING’ massive Venezuelan oil resources","https://www.youtube.com/watch?v=KAm6AEz9s64","President Trump Participates in a Meeting with Oil and Gas Executives","https://www.youtube.com/watch?v=iaE8lw8_x30&pp=0gcJCU0KAYcqIYzv"
"1768104098-577","https://www.youtube.com/user/FoxNewsChannel/videos","Trump ‘LIBERATING’ massive Venezuelan oil resources","https://www.youtube.com/watch?v=KAm6AEz9s64","'STUNNER': NYC exodus grows as Mamdani's polices take hold","https://www.youtube.com/watch?v=kD93vokCCos"
"1768104098-578","https://www.youtube.com/user/FoxNewsChannel/videos","Trump ‘LIBERATING’ massive Venezuelan oil resources","https://www.youtube.com/watch?v=KAm6AEz9s64","IRAN: Trump pledges support for protesters as demonstrations hit 2-week mark","https://www.youtube.com/watch?v=vs2s79qOrfE"
"1768104098-579","https://www.youtube.com/user/FoxNewsChannel/videos","Trump ‘LIBERATING’ massive Venezuelan oil resources","https://www.youtube.com/watch?v=KAm6AEz9s64","Why One Oil Company Has a Head Start in Venezuela","https://www.youtube.com/watch?v=tuHUZjwt_8o"
"1768104098-580","https://www.youtube.com/user/FoxNewsChannel/videos","Trump ‘LIBERATING’ massive Venezuelan oil resources","https://www.youtube.com/watch?v=KAm6AEz9s64","Cilia Flores is ‘more extreme’ and ‘crueller’ than Maduro: Francis Foster","https://www.youtube.com/watch?v=jNPkMAvD37g&pp=0gcJCU0KAYcqIYzv"
"1768104098-581","https://www.youtube.com/user/FoxNewsChannel/videos","Trump ‘LIBERATING’ massive Venezuelan oil resources","https://www.youtube.com/watch?v=KAm6AEz9s64","California Governor Loses Control as Hundreds of Gas Stations Shut Down | Elizabeth Davis","https://www.youtube.com/watch?v=e-MgyB_Mmp0"
"1768104098-582","https://www.youtube.com/user/FoxNewsChannel/videos","Trump ‘LIBERATING’ massive Venezuelan oil resources","https://www.youtube.com/watch?v=KAm6AEz9s64","Karoline Leavitt, JD Vance speak at White House","https://www.youtube.com/watch?v=9CHwSPbG4H8"
"1768104098-583","https://www.youtube.com/user/FoxNewsChannel/videos","Trump ‘LIBERATING’ massive Venezuelan oil resources","https://www.youtube.com/watch?v=KAm6AEz9s64","Building a Hidden Dugout Under a Stump. Warm secret shelter. Bushcraft Survival","https://www.youtube.com/watch?v=VxQnkt_BwVY"
"1768104098-584","https://www.youtube.com/user/FoxNewsChannel/videos","Trump ‘LIBERATING’ massive Venezuelan oil resources","https://www.youtube.com/watch?v=KAm6AEz9s64","3 Mistakes That Wipe Out Million-Dollar Nest Eggs","https://www.youtube.com/watch?v=eSgXw9OZX3c&pp=ugUEEgJlbg%3D%3D"
"1768104098-585","https://www.youtube.com/user/FoxNewsChannel/videos","Trump ‘LIBERATING’ massive Venezuelan oil resources","https://www.youtube.com/watch?v=KAm6AEz9s64","Psaki, Maddow EVISCERATED over hypocritical’ pivot after Maduro capture","https://www.youtube.com/watch?v=DIwkl3XYb2I"
"1768104098-586","https://www.youtube.com/user/FoxNewsChannel/videos","Trump ‘LIBERATING’ massive Venezuelan oil resources","https://www.youtube.com/watch?v=KAm6AEz9s64","Is The Line Really Dead?","https://www.youtube.com/watch?v=zFVYgZMEOFg"
"1768104098-587","https://www.youtube.com/user/FoxNewsChannel/videos","Trump ‘LIBERATING’ massive Venezuelan oil resources","https://www.youtube.com/watch?v=KAm6AEz9s64","Extended interview: Colombian President Gustavo Petro (in Spanish)","https://www.youtube.com/watch?v=FEbNZF2_SvQ"
"1768104098-588","https://www.youtube.com/user/FoxNewsChannel/videos","Trump ‘LIBERATING’ massive Venezuelan oil resources","https://www.youtube.com/watch?v=KAm6AEz9s64","Venezuelan immigrant speaks out following Maduro's capture; says hope has been restored","https://www.youtube.com/watch?v=cylfhA8pNgY"
"1768104098-589","https://www.youtube.com/user/FoxNewsChannel/videos","Trump ‘LIBERATING’ massive Venezuelan oil resources","https://www.youtube.com/watch?v=KAm6AEz9s64","Germans Captured Him — He Laughed, Then Killed 21 of Them in 45 Seconds","https://www.youtube.com/watch?v=PLMjds9a5dI"
"1768104098-590","https://www.youtube.com/user/FoxNewsChannel/videos","Trump ‘LIBERATING’ massive Venezuelan oil resources","https://www.youtube.com/watch?v=KAm6AEz9s64","Trump meets with oil executives on plan for Venezuela's reserves","https://www.youtube.com/watch?v=9mpUl_OazyQ"
"1768104098-591","https://www.youtube.com/user/FoxNewsChannel/videos","Trump ‘LIBERATING’ massive Venezuelan oil resources","https://www.youtube.com/watch?v=KAm6AEz9s64","How did Vikings Manage Waste on Longships Without getting SICK?","https://www.youtube.com/watch?v=iedM4McT0zA"
"1768104098-592","https://www.youtube.com/user/FoxNewsChannel/videos","Trump ‘LIBERATING’ massive Venezuelan oil resources","https://www.youtube.com/watch?v=KAm6AEz9s64","Keane: I am STUNNED by this","https://www.youtube.com/watch?v=-bkhUVR8s3M"
"1768104098-593","https://www.youtube.com/user/FoxNewsChannel/videos","Trump ‘LIBERATING’ massive Venezuelan oil resources","https://www.youtube.com/watch?v=KAm6AEz9s64","HISTORIC OIL SUMMIT: Trump, JD & Rubio Face Tough Q&A on Russia, China, Venezuela, Iran & Cuba |AC1E","https://www.youtube.com/watch?v=aZknNmuSdAo&pp=ugUEEgJlbg%3D%3D"
"1768104098-594","https://www.youtube.com/user/FoxNewsChannel/videos","Trump ‘LIBERATING’ massive Venezuelan oil resources","https://www.youtube.com/watch?v=KAm6AEz9s64","Chinese Fighter Jet Flies TOO CLOSE to Australian Plane – BIG MISTAKE","https://www.youtube.com/watch?v=04uAiXkhLUg&pp=0gcJCU0KAYcqIYzv"
